,LGA_NAME23,LGA_CODE23,cost,beds,baths,parkings,Nearest_station,Nearest_park,Nearest_shop,Nearest_hospital,Nearest_school,Nearest_supermarket,year,Offence Count,population,weekly_income
0,Alpine,20110,270,2.0,1.0,2.0,46.42833333333333,5.346666666666667,38.88,29.88833333333333,2.5266666666666664,2.4466666666666668,2017,396,13113.0,621.947681681574
1,Ararat,20260,260,3.0,1.0,1.0,2.428333333333333,28.92833333333333,2.536666666666666,inf,1.4333333333333331,3.033333333333333,2017,1249,11613.0,583.1760921790004
2,Ballarat,20570,280,3.0,2.0,2.0,7.341666666666667,9.785,6.483333333333333,24.81,2.235,4.776666666666667,2017,11885,152520.0,731.9356678197603
3,Banyule,20660,395,3.0,1.0,1.0,2.8766666666666665,11.215,9.528333333333334,5.3533333333333335,1.76,2.6300000000000003,2017,9703,129192.0,573.9553944193959
4,Bass Coast,20740,285,3.0,2.0,2.0,86.87666666666667,32.528333333333336,23.363333333333333,39.832499999999996,3.9041666666666663,7.3774999999999995,2017,2613,34166.0,549.5415475697039
5,Baw Baw,20830,320,3.0,1.5,2.0,3.881666666666667,59.81916666666667,11.004999999999999,16.663333333333334,2.1516666666666664,4.200833333333334,2017,4019,50790.0,591.2452664643605
6,Bayside (Vic.),20910,550,3.0,2.0,2.0,3.425,10.456666666666669,10.056666666666668,11.656666666666666,1.9883333333333333,3.0966666666666667,2017,5315,104274.0,899.6470074326623
7,Benalla,21010,250,3.0,1.0,2.0,5.829166666666667,64.25166666666667,33.57333333333334,53.2325,2.005,5.136666666666667,2017,1354,14050.0,557.0463994971919
8,Boroondara,21110,430,3.0,2.0,2.0,2.958333333333333,7.47,5.25,8.808333333333334,1.4533333333333334,2.0983333333333336,2017,8428,231424.0,851.8756160424566
9,Brimbank,21180,350,3.0,1.0,1.0,4.4,16.438333333333333,5.04,10.2,2.125,3.28,2017,18514,235164.0,665.6890486147129
10,Buloke,21270,180,2.5,1.0,1.0,62.62833333333333,56.28,68.6525,73.37333333333333,1.5150000000000001,1.5274999999999999,2017,185,6208.0,498.9839856172292
11,Campaspe,21370,260,2.0,1.0,1.0,2.123333333333333,85.25333333333333,2.8583333333333334,31.51333333333333,1.7233333333333334,23.956666666666667,2017,3665,37805.0,626.0312393301643
12,Cardinia,21450,350,4.0,2.0,2.0,5.383333333333334,22.023333333333333,9.581666666666669,28.65833333333333,3.0933333333333333,5.213333333333334,2017,6844,234159.0,731.1092565633514
13,Casey,21610,380,4.0,2.0,2.0,8.618333333333332,11.049166666666668,7.9825,24.825,2.7666666666666666,4.0375,2017,24490,506624.0,704.2818973650844
14,Central Goldfields,21670,230,3.0,1.0,1.0,3.450833333333333,23.94,3.043333333333333,47.11666666666667,2.7975000000000003,2.4433333333333334,2017,1374,13355.0,468.14087488441123
15,Colac Otway,21750,280,3.0,1.0,1.0,64.885,46.165,64.80666666666667,45.361666666666665,2.6925,3.625,2017,2179,21434.0,599.907448377254
16,Corangamite,21830,235,2.0,1.0,1.0,1.28,86.32833333333333,33.95666666666667,18.27833333333333,1.8033333333333332,1.39,2017,1053,16170.0,540.0259483811652
17,Darebin,21890,385,2.0,1.0,1.0,3.2583333333333333,10.29,6.891666666666667,8.883333333333333,1.975,2.3366666666666664,2017,16746,240366.0,898.8627018028038
18,East Gippsland,22110,280,3.0,1.0,2.0,21.3525,64.52250000000001,20.513333333333332,88.02583333333332,3.7058333333333335,10.079166666666666,2017,3926,46274.0,
19,Frankston,22170,350,3.0,2.0,2.0,6.343333333333334,19.916666666666668,6.726666666666668,22.41166666666667,2.8583333333333334,3.745,2017,16647,140739.0,697.9469720137129
20,Gannawarra,22250,208,2.0,1.0,1.0,40.975,102.725,49.443333333333335,inf,1.5733333333333337,1.9383333333333328,2017,655,10565.0,515.4187763994283
21,Glen Eira,22310,420,2.0,1.0,1.0,2.455,10.978333333333332,7.61,5.993333333333334,1.4333333333333331,1.856666666666667,2017,7627,151439.0,781.1595069659256
22,Glenelg,22410,230,3.0,1.0,2.0,81.26333333333332,68.5625,5.911666666666667,22.472500000000004,2.7866666666666666,4.8575,2017,1698,19666.0,559.0817806156386
23,Golden Plains,22490,350,4.0,2.0,2.0,31.741666666666667,58.59333333333333,29.55333333333333,63.49333333333333,4.71,17.07,2017,818,22574.0,674.5604709283737
24,Greater Bendigo,22620,290,3.0,1.0,1.0,5.6325,40.63916666666667,6.758333333333333,6.826666666666666,2.4758333333333336,4.754166666666666,2017,10669,114078.0,601.7784747770522
25,Greater Dandenong,22670,350,3.0,1.0,1.0,4.246666666666667,7.838333333333334,5.078333333333333,5.051666666666667,1.721666666666667,2.521666666666667,2017,20312,225660.0,507.5939102918824
26,Greater Geelong,22750,330,3.0,2.0,2.0,7.220833333333333,54.4425,8.0725,51.90833333333333,2.5058333333333334,3.8708333333333336,2017,22492,327258.0,636.2223675733005
27,Greater Shepparton,22830,270,3.0,1.0,1.0,6.151666666666667,31.096666666666668,8.055,7.955,2.165,7.818333333333333,2017,8425,89353.0,568.3265651236841
28,Hepburn,22910,340,3.0,1.0,1.0,27.435,30.91,39.37166666666667,28.40333333333333,2.5933333333333333,3.691666666666667,2017,891,17093.0,532.5110803076632
29,Hindmarsh,22980,190,3.0,1.0,2.0,2.746666666666667,49.973333333333336,54.10333333333333,26.211666666666662,1.4316666666666669,26.841666666666665,2017,412,6882.0,534.9782780670217
30,Hobsons Bay,23110,400,3.0,1.0,2.0,3.0683333333333334,4.95,7.458333333333333,8.75,1.6333333333333333,2.998333333333333,2017,6418,89723.0,772.0460576320794
31,Horsham,23190,245,3.0,1.0,1.0,3.455,59.575,4.13,28.85333333333333,2.9916666666666667,25.506666666666668,2017,2606,19940.0,647.6181833682366
32,Hume,23270,360,3.0,2.0,2.0,7.764166666666666,28.221666666666664,7.359166666666667,21.550833333333333,2.6325000000000003,5.137499999999999,2017,22304,303670.0,718.5535885824204
33,Indigo,23350,280,3.0,1.0,1.0,22.205,47.263333333333335,32.87,60.71666666666667,1.63,2.53,2017,441,16381.0,635.4883474786536
34,Kingston (Vic.),23430,420,3.0,1.0,1.0,2.8116666666666665,14.413333333333332,8.561666666666667,17.63,2.015,3.3316666666666666,2017,11667,161056.0,728.6915984767572
35,Knox,23670,400,3.0,2.0,2.0,7.406666666666666,10.496666666666666,6.748333333333333,7.823333333333333,2.3,3.4650000000000003,2017,12285,161813.0,666.8505111409955
36,Latrobe (Vic.),23810,240,3.0,1.0,1.0,4.533333333333333,16.270833333333336,5.307500000000001,45.185,2.2691666666666666,3.8674999999999997,2017,14399,102408.0,576.7865515670352
37,Loddon,23940,190,3.0,1.0,2.0,22.596666666666668,65.99333333333333,38.91666666666666,34.580000000000005,8.81,25.956666666666667,2017,487,7052.0,481.88016804722116
38,Macedon Ranges,24130,380,4.0,2.0,2.0,9.605,38.78833333333333,19.285,33.038333333333334,2.0266666666666664,2.931666666666666,2017,2309,48419.0,644.2811798819993
39,Manningham,24210,450,3.0,2.0,2.0,9.175,6.0633333333333335,5.326666666666667,5.363333333333333,2.17,2.425,2017,5227,124323.0,628.8664685673143
40,Mansfield,24250,290,3.0,1.5,2.0,62.12833333333334,95.16333333333333,9.128333333333332,137.59750000000003,3.215833333333333,8.849166666666669,2017,610,9074.0,610.1437014456412
41,Maribyrnong,24330,380,2.0,1.0,1.0,3.228333333333333,7.721666666666667,3.355,13.851666666666668,1.7383333333333333,2.2783333333333333,2017,9186,89361.0,534.5533324496903
42,Maroondah,24410,380,3.0,2.0,2.0,3.99,9.695,5.401666666666667,10.828333333333337,2.975,2.5733333333333333,2017,9333,115961.0,734.7582723322947
43,Melbourne,24600,470,2.0,1.0,0.0,2.2666666666666666,6.266666666666667,2.1733333333333333,5.17,1.53,0.93,2017,37318,352499.0,385.463161748941
44,Melton,24650,350,4.0,2.0,2.0,8.060833333333333,18.739166666666666,8.041666666666666,29.7075,3.2616666666666667,5.3950000000000005,2017,11626,296755.0,749.1376339220138
45,Merri-bek,24700,400,2.0,1.0,1.0,2.953333333333333,4.3566666666666665,4.343333333333334,4.366666666666666,1.7633333333333332,1.6983333333333337,2017,14384,282176.0,965.3096198798776
46,Mildura,24780,280,3.0,1.0,2.0,inf,inf,6.203333333333333,inf,2.2908333333333335,3.6116666666666664,2017,6736,55151.0,650.9652256962581
47,Mitchell,24850,330,4.0,2.0,2.0,8.263333333333334,23.97,24.558333333333334,35.75333333333333,3.66,7.193333333333333,2017,4617,42911.0,631.0219268385864
48,Moira,24900,240,3.0,1.0,2.0,47.19666666666667,47.67166666666667,14.746666666666666,59.89,2.066666666666667,33.04666666666667,2017,1986,29655.0,522.0942532127866
49,Monash,24970,430,3.0,2.0,1.0,3.733333333333333,15.915,5.29,5.816666666666666,2.253333333333333,2.8266666666666667,2017,11518,222303.0,740.8735030908266
50,Moonee Valley,25060,395,2.0,1.0,1.0,3.6775,7.223333333333333,5.380000000000001,10.993333333333332,1.8841666666666663,2.845833333333333,2017,9772,182878.0,869.8142542145322
51,Moorabool,25150,335,3.0,2.0,2.0,5.985,30.9,16.125,22.62833333333333,4.135,5.416666666666667,2017,2484,33528.0,650.7974113311382
52,Mornington Peninsula,25340,380,3.0,2.0,2.0,25.41916666666667,19.123333333333335,11.191666666666666,22.122500000000002,3.635,4.381666666666667,2017,11745,189344.0,617.2323465531259
53,Mount Alexander,25430,320,3.0,1.0,2.0,6.141666666666667,8.216666666666667,26.641666666666666,8.09,1.9766666666666663,20.2,2017,1169,19590.0,589.335780463517
54,Moyne,25490,280,3.0,1.0,1.0,29.15666666666667,75.18166666666666,36.32666666666667,21.45,1.585,10.601666666666668,2017,620,16349.0,641.436468084509
55,Murrindindi,25620,280,3.0,1.0,1.0,47.72833333333333,46.70166666666667,41.59666666666667,47.43333333333333,3.915,21.633333333333333,2017,688,14232.0,544.2251365279116
56,Nillumbik,25710,390,3.0,1.5,2.0,6.274166666666666,16.585833333333333,13.6325,21.63083333333333,2.743333333333333,3.5858333333333334,2017,2883,64559.0,839.6491399346805
57,Northern Grampians,25810,210,1.5,1.0,1.0,2.8175,4.9725,29.383333333333333,79.70666666666665,1.0741666666666667,3.7591666666666663,2017,1303,11499.0,500.5682237263192
58,Port Phillip,25900,430,2.0,1.0,1.0,4.2,10.71,7.611666666666666,9.503333333333334,1.7816666666666667,1.9883333333333333,2017,13424,139494.0,1212.5535966875575
59,Pyrenees,25990,190,3.0,1.0,2.0,26.756666666666668,2.881666666666667,26.063333333333333,54.88166666666667,2.393333333333333,1.595,2017,554,7816.0,465.7733356132892
60,Queenscliffe,26080,360,2.5,1.0,1.0,34.780833333333334,79.53833333333333,19.464999999999996,74.68333333333334,1.77,4.711666666666667,2017,152,,
61,South Gippsland,26170,260,3.0,1.0,1.0,51.63666666666667,45.79166666666666,21.696666666666665,72.44999999999999,2.7575,3.8525,2017,1530,29559.0,520.1416176629017
62,Southern Grampians,26260,210,2.0,1.0,1.0,78.795,21.697499999999998,2.5116666666666667,46.4575,1.8816666666666666,2.7316666666666665,2017,1379,16201.0,596.0410359102988
63,Stonnington,26350,450,2.0,1.0,1.0,2.118333333333333,6.081666666666666,3.755,7.196666666666667,1.93,1.87,2017,11484,137379.0,1117.6991673808711
64,Strathbogie,26430,265,2.0,1.0,1.0,2.3241666666666663,62.64083333333333,38.41416666666667,44.99916666666667,0.6100000000000001,10.007499999999999,2017,669,10486.0,543.7595723538525
65,Surf Coast,26490,440,3.0,2.0,2.0,16.1,55.13166666666667,18.351666666666667,54.0,2.9016666666666664,4.433333333333334,2017,1286,31060.0,654.069865562371
66,Swan Hill,26610,240,3.0,2.0,2.0,5.001666666666667,inf,4.6675,62.427499999999995,2.265833333333333,4.618333333333333,2017,2245,20853.0,560.5154088707283
67,Towong,26670,250,3.0,1.0,1.5,73.28083333333333,inf,70.29583333333333,27.31083333333333,9.010833333333332,8.574166666666667,2017,216,6013.0,561.7598462658035
68,Wangaratta,26700,268,3.0,1.0,2.0,6.508333333333333,45.6825,4.955,70.32166666666667,2.4375,4.909166666666667,2017,2554,28857.0,606.9276583738315
69,Warrnambool,26730,290,2.0,1.0,1.0,5.256666666666666,80.49833333333332,3.7233333333333336,36.318333333333335,2.055,3.558333333333333,2017,3331,34898.0,649.9302220567068
70,Wellington,26810,260,3.0,1.0,1.0,11.807499999999997,57.26833333333333,15.425833333333333,32.516666666666666,2.275833333333334,2.4074999999999998,2017,4597,43709.0,613.8768284267115
71,West Wimmera,26890,200,1.0,1.0,0.0,78.16166666666666,inf,76.20666666666666,98.705,1.4766666666666666,0.1966666666666666,2017,208,2751.0,576.008589989035
72,Whitehorse,26980,430,2.0,2.0,1.0,4.331666666666666,9.073333333333332,7.393333333333333,6.623333333333333,2.2983333333333333,2.731666666666667,2017,8308,173958.0,743.6447051207582
73,Whittlesea,27070,360,3.0,2.0,2.0,6.009166666666667,18.79083333333333,7.528333333333332,22.594166666666666,2.6833333333333336,3.720833333333333,2017,16421,283160.0,589.2887553430978
74,Wodonga,27170,295,3.0,2.0,2.0,10.3,inf,5.999166666666666,81.85333333333334,2.840833333333333,3.9233333333333333,2017,3297,66402.0,686.8245365991569
75,Wyndham,27260,365,4.0,2.0,2.0,6.44,12.3025,7.693333333333333,13.7425,2.543333333333333,3.6516666666666664,2017,14827,496993.0,640.9373314058175
76,Yarra,27350,500,2.0,1.0,1.0,3.283333333333333,6.468333333333334,4.3100000000000005,4.795,1.6033333333333333,1.3716666666666666,2017,13759,130350.0,1119.9038431919596
77,Yarra Ranges,27450,380,3.0,2.0,2.0,4.25,15.48166666666667,6.949166666666667,9.9325,2.348333333333333,3.7991666666666664,2017,8860,156251.0,473.3377416377471
78,Yarriambiack,27630,175,3.0,1.0,1.0,30.82333333333333,60.44416666666666,42.76166666666666,31.72333333333333,1.6749999999999998,3.178333333333333,2017,429,6632.0,515.1125270433085
79,Alpine,20110,288,2.0,1.0,2.0,46.42833333333333,5.346666666666667,38.88,29.88833333333333,2.5266666666666664,2.4466666666666668,2018,483,13183.0,655.6252860153974
80,Ararat,20260,275,3.0,1.0,1.0,2.428333333333333,28.92833333333333,2.536666666666666,inf,1.4333333333333331,3.033333333333333,2018,1238,11653.0,606.2287958808735
81,Ballarat,20570,300,3.0,2.0,2.0,7.341666666666667,9.785,6.483333333333333,24.81,2.235,4.776666666666667,2018,11446,154941.0,763.1478943401117
82,Banyule,20660,400,3.0,1.0,1.0,2.8766666666666665,11.215,9.528333333333334,5.3533333333333335,1.76,2.6300000000000003,2018,9558,130537.0,604.4491647396777
83,Bass Coast,20740,310,3.0,2.0,2.0,86.87666666666667,32.528333333333336,23.363333333333333,39.832499999999996,3.9041666666666663,7.3774999999999995,2018,2412,34983.0,570.8807419760021
84,Baw Baw,20830,330,3.0,1.5,2.0,3.881666666666667,59.81916666666667,11.004999999999999,16.663333333333334,2.1516666666666664,4.200833333333334,2018,3977,52086.0,617.6165461422485
85,Bayside (Vic.),20910,570,3.0,2.0,2.0,3.425,10.456666666666669,10.056666666666668,11.656666666666666,1.9883333333333333,3.0966666666666667,2018,4796,105671.0,933.5233425404208
86,Benalla,21010,260,3.0,1.0,2.0,5.829166666666667,64.25166666666667,33.57333333333334,53.2325,2.005,5.136666666666667,2018,1333,14057.0,577.8411381616111
87,Boroondara,21110,450,3.0,2.0,2.0,2.958333333333333,7.47,5.25,8.808333333333334,1.4533333333333334,2.0983333333333336,2018,7080,234511.0,887.1541139458618
88,Brimbank,21180,360,3.0,1.0,1.0,4.4,16.438333333333333,5.04,10.2,2.125,3.28,2018,17625,239363.0,688.108555039692
89,Buloke,21270,195,2.5,1.0,1.0,62.62833333333333,56.28,68.6525,73.37333333333333,1.5150000000000001,1.5274999999999999,2018,227,6162.0,526.3953866859518
90,Campaspe,21370,280,2.0,1.0,1.0,2.123333333333333,85.25333333333333,2.8583333333333334,31.51333333333333,1.7233333333333334,23.956666666666667,2018,3472,37892.0,646.7246082793095
91,Cardinia,21450,360,4.0,2.0,2.0,5.383333333333334,22.023333333333333,9.581666666666669,28.65833333333333,3.0933333333333333,5.213333333333334,2018,5761,246740.0,763.6010643323092
92,Casey,21610,380,4.0,2.0,2.0,8.618333333333332,11.049166666666668,7.9825,24.825,2.7666666666666666,4.0375,2018,19956,533320.0,731.5825825312144
93,Central Goldfields,21670,250,3.0,1.0,1.0,3.450833333333333,23.94,3.043333333333333,47.11666666666667,2.7975000000000003,2.4433333333333334,2018,1516,13447.0,478.5062854531484
94,Colac Otway,21750,300,3.0,1.0,1.0,64.885,46.165,64.80666666666667,45.361666666666665,2.6925,3.625,2018,1533,21481.0,623.7243442261831
95,Corangamite,21830,240,2.0,1.0,1.0,1.28,86.32833333333333,33.95666666666667,18.27833333333333,1.8033333333333332,1.39,2018,883,16170.0,561.9037089113235
96,Darebin,21890,400,2.0,1.0,1.0,3.2583333333333333,10.29,6.891666666666667,8.883333333333333,1.975,2.3366666666666664,2018,14760,244761.0,944.9756218622646
97,East Gippsland,22110,290,3.0,1.0,2.0,21.3525,64.52250000000001,20.513333333333332,88.02583333333332,3.7058333333333335,10.079166666666666,2018,4130,46783.0,
98,Frankston,22170,360,3.0,2.0,2.0,6.343333333333334,19.916666666666668,6.726666666666668,22.41166666666667,2.8583333333333334,3.745,2018,14308,142535.0,725.9761188421915
99,Gannawarra,22250,207,2.0,1.0,1.0,40.975,102.725,49.443333333333335,inf,1.5733333333333337,1.9383333333333328,2018,568,10544.0,535.5978126312176
100,Glen Eira,22310,450,2.0,1.0,1.0,2.455,10.978333333333332,7.61,5.993333333333334,1.4333333333333331,1.856666666666667,2018,6775,154275.0,824.6083450314162
101,Glenelg,22410,250,3.0,1.0,2.0,81.26333333333332,68.5625,5.911666666666667,22.472500000000004,2.7866666666666666,4.8575,2018,1598,19667.0,580.9896606251916
102,Golden Plains,22490,380,4.0,2.0,2.0,31.741666666666667,58.59333333333333,29.55333333333333,63.49333333333333,4.71,17.07,2018,647,23201.0,704.383636128652
103,Greater Bendigo,22620,300,3.0,1.0,1.0,5.6325,40.63916666666667,6.758333333333333,6.826666666666666,2.4758333333333336,4.754166666666666,2018,9645,115869.0,627.6210272183627
104,Greater Dandenong,22670,360,3.0,1.0,1.0,4.246666666666667,7.838333333333334,5.078333333333333,5.051666666666667,1.721666666666667,2.521666666666667,2018,18326,231294.0,530.1472793526823
105,Greater Geelong,22750,350,3.0,2.0,2.0,7.220833333333333,54.4425,8.0725,51.90833333333333,2.5058333333333334,3.8708333333333336,2018,22773,334340.0,673.5089866898102
106,Greater Shepparton,22830,280,3.0,1.0,1.0,6.151666666666667,31.096666666666668,8.055,7.955,2.165,7.818333333333333,2018,8126,90303.0,584.0779107148013
107,Hepburn,22910,350,3.0,1.0,1.0,27.435,30.91,39.37166666666667,28.40333333333333,2.5933333333333333,3.691666666666667,2018,869,17227.0,554.9276920752144
108,Hindmarsh,22980,195,3.0,1.0,2.0,2.746666666666667,49.973333333333336,54.10333333333333,26.211666666666662,1.4316666666666669,26.841666666666665,2018,346,6854.0,563.3892874085741
109,Hobsons Bay,23110,410,3.0,1.0,2.0,3.0683333333333334,4.95,7.458333333333333,8.75,1.6333333333333333,2.998333333333333,2018,6012,90844.0,812.0641895166704
110,Horsham,23190,260,3.0,1.0,1.0,3.455,59.575,4.13,28.85333333333333,2.9916666666666667,25.506666666666668,2018,2464,20022.0,675.3773130904589
111,Hume,23270,380,3.0,2.0,2.0,7.764166666666666,28.221666666666664,7.359166666666667,21.550833333333333,2.6325000000000003,5.137499999999999,2018,20499,318081.0,749.3748326047522
112,Indigo,23350,285,3.0,1.0,1.0,22.205,47.263333333333335,32.87,60.71666666666667,1.63,2.53,2018,448,16517.0,658.8016962172104
113,Kingston (Vic.),23430,420,3.0,1.0,1.0,2.8116666666666665,14.413333333333332,8.561666666666667,17.63,2.015,3.3316666666666666,2018,10364,163708.0,756.398070784347
114,Knox,23670,410,3.0,2.0,2.0,7.406666666666666,10.496666666666666,6.748333333333333,7.823333333333333,2.3,3.4650000000000003,2018,11414,163313.0,694.8275065765735
115,Latrobe (Vic.),23810,240,3.0,1.0,1.0,4.533333333333333,16.270833333333336,5.307500000000001,45.185,2.2691666666666666,3.8674999999999997,2018,13378,102958.0,598.3502267420722
116,Loddon,23940,235,3.0,1.0,2.0,22.596666666666668,65.99333333333333,38.91666666666666,34.580000000000005,8.81,25.956666666666667,2018,371,7041.0,498.3014943287942
117,Macedon Ranges,24130,400,4.0,2.0,2.0,9.605,38.78833333333333,19.285,33.038333333333334,2.0266666666666664,2.931666666666666,2018,2094,49279.0,673.8607771917874
118,Manningham,24210,460,3.0,2.0,2.0,9.175,6.0633333333333335,5.326666666666667,5.363333333333333,2.17,2.425,2018,4730,125735.0,654.7566809409353
119,Mansfield,24250,343,3.0,1.5,2.0,62.12833333333334,95.16333333333333,9.128333333333332,137.59750000000003,3.215833333333333,8.849166666666669,2018,645,9243.0,636.3680964338253
120,Maribyrnong,24330,400,2.0,1.0,1.0,3.228333333333333,7.721666666666667,3.355,13.851666666666668,1.7383333333333333,2.2783333333333333,2018,8093,91792.0,577.2672024910487
121,Maroondah,24410,400,3.0,2.0,2.0,3.99,9.695,5.401666666666667,10.828333333333337,2.975,2.5733333333333333,2018,7870,117645.0,759.3104342626422
122,Melbourne,24600,485,2.0,1.0,0.0,2.2666666666666666,6.266666666666667,2.1733333333333333,5.17,1.53,0.93,2018,36659,376265.0,439.5912694245273
123,Melton,24650,370,4.0,2.0,2.0,8.060833333333333,18.739166666666666,8.041666666666666,29.7075,3.2616666666666667,5.3950000000000005,2018,10442,311803.0,804.0217687081278
124,Merri-bek,24700,410,2.0,1.0,1.0,2.953333333333333,4.3566666666666665,4.343333333333334,4.366666666666666,1.7633333333333332,1.6983333333333337,2018,13351,289053.0,1028.5018346938562
125,Mildura,24780,283,3.0,1.0,2.0,inf,inf,6.203333333333333,inf,2.2908333333333335,3.6116666666666664,2018,6401,55591.0,682.3763688659908
126,Mitchell,24850,350,4.0,2.0,2.0,8.263333333333334,23.97,24.558333333333334,35.75333333333333,3.66,7.193333333333333,2018,4408,44208.0,655.9945175470878
127,Moira,24900,260,3.0,1.0,2.0,47.19666666666667,47.67166666666667,14.746666666666666,59.89,2.066666666666667,33.04666666666667,2018,2019,29852.0,541.9133384449649
128,Monash,24970,450,3.0,2.0,1.0,3.733333333333333,15.915,5.29,5.816666666666666,2.253333333333333,2.8266666666666667,2018,11029,228346.0,785.2554328785022
129,Moonee Valley,25060,410,2.0,1.0,1.0,3.6775,7.223333333333333,5.380000000000001,10.993333333333332,1.8841666666666663,2.845833333333333,2018,8759,186161.0,918.1757728577461
130,Moorabool,25150,350,3.0,2.0,2.0,5.985,30.9,16.125,22.62833333333333,4.135,5.416666666666667,2018,2254,34194.0,678.7456259540235
131,Mornington Peninsula,25340,385,3.0,2.0,2.0,25.41916666666667,19.123333333333335,11.191666666666666,22.122500000000002,3.635,4.381666666666667,2018,11023,192405.0,639.2210899857016
132,Mount Alexander,25430,330,3.0,1.0,2.0,6.141666666666667,8.216666666666667,26.641666666666666,8.09,1.9766666666666663,20.2,2018,950,19765.0,611.4729967157442
133,Moyne,25490,275,3.0,1.0,1.0,29.15666666666667,75.18166666666666,36.32666666666667,21.45,1.585,10.601666666666668,2018,611,16481.0,671.1920760011898
134,Murrindindi,25620,280,3.0,1.0,1.0,47.72833333333333,46.70166666666667,41.59666666666667,47.43333333333333,3.915,21.633333333333333,2018,692,14392.0,567.3965502467892
135,Nillumbik,25710,400,3.0,1.5,2.0,6.274166666666666,16.585833333333333,13.6325,21.63083333333333,2.743333333333333,3.5858333333333334,2018,2268,65003.0,873.6191799170368
136,Northern Grampians,25810,230,1.5,1.0,1.0,2.8175,4.9725,29.383333333333333,79.70666666666665,1.0741666666666667,3.7591666666666663,2018,1043,11465.0,523.1076129530738
137,Port Phillip,25900,460,2.0,1.0,1.0,4.2,10.71,7.611666666666666,9.503333333333334,1.7816666666666667,1.9883333333333333,2018,12549,142713.0,1246.0052752880779
138,Pyrenees,25990,255,3.0,1.0,2.0,26.756666666666668,2.881666666666667,26.063333333333333,54.88166666666667,2.393333333333333,1.595,2018,418,7868.0,477.85198274962494
139,Queenscliffe,26080,320,2.5,1.0,1.0,34.780833333333334,79.53833333333333,19.464999999999996,74.68333333333334,1.77,4.711666666666667,2018,115,,
140,South Gippsland,26170,270,3.0,1.0,1.0,51.63666666666667,45.79166666666666,21.696666666666665,72.44999999999999,2.7575,3.8525,2018,1426,29794.0,543.2676755521691
141,Southern Grampians,26260,230,2.0,1.0,1.0,78.795,21.697499999999998,2.5116666666666667,46.4575,1.8816666666666666,2.7316666666666665,2018,1336,16189.0,618.9284259390628
142,Stonnington,26350,455,2.0,1.0,1.0,2.118333333333333,6.081666666666666,3.755,7.196666666666667,1.93,1.87,2018,10190,141526.0,1174.1084856803502
143,Strathbogie,26430,300,2.0,1.0,1.0,2.3241666666666663,62.64083333333333,38.41416666666667,44.99916666666667,0.6100000000000001,10.007499999999999,2018,558,10600.0,562.1187690616816
144,Surf Coast,26490,450,3.0,2.0,2.0,16.1,55.13166666666667,18.351666666666667,54.0,2.9016666666666664,4.433333333333334,2018,1142,31916.0,693.3669190223306
145,Swan Hill,26610,250,3.0,2.0,2.0,5.001666666666667,inf,4.6675,62.427499999999995,2.265833333333333,4.618333333333333,2018,2466,20871.0,574.3647597468367
146,Towong,26670,263,3.0,1.0,1.5,73.28083333333333,inf,70.29583333333333,27.31083333333333,9.010833333333332,8.574166666666667,2018,214,6037.0,590.9627806677513
147,Wangaratta,26700,290,3.0,1.0,2.0,6.508333333333333,45.6825,4.955,70.32166666666667,2.4375,4.909166666666667,2018,2369,29044.0,630.7554494848328
148,Warrnambool,26730,300,2.0,1.0,1.0,5.256666666666666,80.49833333333332,3.7233333333333336,36.318333333333335,2.055,3.558333333333333,2018,3555,35277.0,675.8548696682884
149,Wellington,26810,260,3.0,1.0,1.0,11.807499999999997,57.26833333333333,15.425833333333333,32.516666666666666,2.275833333333334,2.4074999999999998,2018,3543,43931.0,603.9178853833946
150,West Wimmera,26890,200,1.0,1.0,0.0,78.16166666666666,inf,76.20666666666666,98.705,1.4766666666666666,0.1966666666666666,2018,161,2724.0,604.3458938818876
151,Whitehorse,26980,430,2.0,2.0,1.0,4.331666666666666,9.073333333333332,7.393333333333333,6.623333333333333,2.2983333333333333,2.731666666666667,2018,8162,177286.0,779.9822954219173
152,Whittlesea,27070,375,3.0,2.0,2.0,6.009166666666667,18.79083333333333,7.528333333333332,22.594166666666666,2.6833333333333336,3.720833333333333,2018,15359,298781.0,622.3319662613216
153,Wodonga,27170,310,3.0,2.0,2.0,10.3,inf,5.999166666666666,81.85333333333334,2.840833333333333,3.9233333333333333,2018,3320,67723.0,705.1239821743596
154,Wyndham,27260,380,4.0,2.0,2.0,6.44,12.3025,7.693333333333333,13.7425,2.543333333333333,3.6516666666666664,2018,14187,527666.0,662.5817141767915
155,Yarra,27350,500,2.0,1.0,1.0,3.283333333333333,6.468333333333334,4.3100000000000005,4.795,1.6033333333333333,1.3716666666666666,2018,13418,134175.0,1174.3301666630348
156,Yarra Ranges,27450,390,3.0,2.0,2.0,4.25,15.48166666666667,6.949166666666667,9.9325,2.348333333333333,3.7991666666666664,2018,7934,157926.0,489.1891215255953
157,Yarriambiack,27630,180,3.0,1.0,1.0,30.82333333333333,60.44416666666666,42.76166666666666,31.72333333333333,1.6749999999999998,3.178333333333333,2018,538,6581.0,540.4091965721859
158,Alpine,20110,310,2.0,1.0,2.0,46.42833333333333,5.346666666666667,38.88,29.88833333333333,2.5266666666666664,2.4466666666666668,2019,573,13255.0,691.1264859137208
159,Ararat,20260,270,3.0,1.0,1.0,2.428333333333333,28.92833333333333,2.536666666666666,inf,1.4333333333333331,3.033333333333333,2019,1391,11699.0,630.1927631875021
160,Ballarat,20570,320,3.0,2.0,2.0,7.341666666666667,9.785,6.483333333333333,24.81,2.235,4.776666666666667,2019,10867,157410.0,795.6911163662016
161,Banyule,20660,405,3.0,1.0,1.0,2.8766666666666665,11.215,9.528333333333334,5.3533333333333335,1.76,2.6300000000000003,2019,9208,131972.0,636.5630435864883
162,Bass Coast,20740,325,3.0,2.0,2.0,86.87666666666667,32.528333333333336,23.363333333333333,39.832499999999996,3.9041666666666663,7.3774999999999995,2019,2385,35798.0,593.0485565656579
163,Baw Baw,20830,340,3.0,1.5,2.0,3.881666666666667,59.81916666666667,11.004999999999999,16.663333333333334,2.1516666666666664,4.200833333333334,2019,4498,53385.0,645.1640625382893
164,Bayside (Vic.),20910,550,3.0,2.0,2.0,3.425,10.456666666666669,10.056666666666668,11.656666666666666,1.9883333333333333,3.0966666666666667,2019,4593,107137.0,968.6752958304796
165,Benalla,21010,305,3.0,1.0,2.0,5.829166666666667,64.25166666666667,33.57333333333334,53.2325,2.005,5.136666666666667,2019,1201,14065.0,599.4121517584449
166,Boroondara,21110,470,3.0,2.0,2.0,2.958333333333333,7.47,5.25,8.808333333333334,1.4533333333333334,2.0983333333333336,2019,7233,237739.0,923.8935908829227
167,Brimbank,21180,360,3.0,1.0,1.0,4.4,16.438333333333333,5.04,10.2,2.125,3.28,2019,19194,243825.0,711.2831201056171
168,Buloke,21270,195,2.5,1.0,1.0,62.62833333333333,56.28,68.6525,73.37333333333333,1.5150000000000001,1.5274999999999999,2019,265,6119.0,555.3126174610545
169,Campaspe,21370,290,2.0,1.0,1.0,2.123333333333333,85.25333333333333,2.8583333333333334,31.51333333333333,1.7233333333333334,23.956666666666667,2019,4021,37975.0,668.1019934429227
170,Cardinia,21450,365,4.0,2.0,2.0,5.383333333333334,22.023333333333333,9.581666666666669,28.65833333333333,3.0933333333333333,5.213333333333334,2019,6277,259465.0,797.5368663642549
171,Casey,21610,380,4.0,2.0,2.0,8.618333333333332,11.049166666666668,7.9825,24.825,2.7666666666666666,4.0375,2019,21473,560587.0,759.9415476465076
172,Central Goldfields,21670,255,3.0,1.0,1.0,3.450833333333333,23.94,3.043333333333333,47.11666666666667,2.7975000000000003,2.4433333333333334,2019,1260,13533.0,489.1012032963465
173,Colac Otway,21750,310,3.0,1.0,1.0,64.885,46.165,64.80666666666667,45.361666666666665,2.6925,3.625,2019,1647,21532.0,648.4867934757461
174,Corangamite,21830,260,2.0,1.0,1.0,1.28,86.32833333333333,33.95666666666667,18.27833333333333,1.8033333333333332,1.39,2019,672,16162.0,584.6677905659569
175,Darebin,21890,400,2.0,1.0,1.0,3.2583333333333333,10.29,6.891666666666667,8.883333333333333,1.975,2.3366666666666664,2019,14848,249478.0,993.4541995378945
176,East Gippsland,22110,300,3.0,1.0,2.0,21.3525,64.52250000000001,20.513333333333332,88.02583333333332,3.7058333333333335,10.079166666666666,2019,4563,47295.0,
177,Frankston,22170,360,3.0,2.0,2.0,6.343333333333334,19.916666666666668,6.726666666666668,22.41166666666667,2.8583333333333334,3.745,2019,14787,144414.0,755.1309000002607
178,Gannawarra,22250,220,2.0,1.0,1.0,40.975,102.725,49.443333333333335,inf,1.5733333333333337,1.9383333333333328,2019,786,10519.0,556.5668734447429
179,Glen Eira,22310,450,2.0,1.0,1.0,2.455,10.978333333333332,7.61,5.993333333333334,1.4333333333333331,1.856666666666667,2019,6336,157290.0,870.4738489793634
180,Glenelg,22410,270,3.0,1.0,2.0,81.26333333333332,68.5625,5.911666666666667,22.472500000000004,2.7866666666666666,4.8575,2019,1243,19662.0,603.7560111182299
181,Golden Plains,22490,400,4.0,2.0,2.0,31.741666666666667,58.59333333333333,29.55333333333333,63.49333333333333,4.71,17.07,2019,667,23829.0,735.5253208996652
182,Greater Bendigo,22620,320,3.0,1.0,1.0,5.6325,40.63916666666667,6.758333333333333,6.826666666666666,2.4758333333333336,4.754166666666666,2019,11018,117693.0,654.573352681929
183,Greater Dandenong,22670,360,3.0,1.0,1.0,4.246666666666667,7.838333333333334,5.078333333333333,5.051666666666667,1.721666666666667,2.521666666666667,2019,17978,237297.0,553.7027377720801
184,Greater Geelong,22750,370,3.0,2.0,2.0,7.220833333333333,54.4425,8.0725,51.90833333333333,2.5058333333333334,3.8708333333333336,2019,20630,341519.0,712.9808354304253
185,Greater Shepparton,22830,285,3.0,1.0,1.0,6.151666666666667,31.096666666666668,8.055,7.955,2.165,7.818333333333333,2019,8937,91294.0,600.265809694685
186,Hepburn,22910,340,3.0,1.0,1.0,27.435,30.91,39.37166666666667,28.40333333333333,2.5933333333333333,3.691666666666667,2019,754,17359.0,578.287954598064
187,Hindmarsh,22980,205,3.0,1.0,2.0,2.746666666666667,49.973333333333336,54.10333333333333,26.211666666666662,1.4316666666666669,26.841666666666665,2019,344,6826.0,593.3091158646563
188,Hobsons Bay,23110,420,3.0,1.0,2.0,3.0683333333333334,4.95,7.458333333333333,8.75,1.6333333333333333,2.998333333333333,2019,6315,92035.0,854.1566158862877
189,Horsham,23190,275,3.0,1.0,1.0,3.455,59.575,4.13,28.85333333333333,2.9916666666666667,25.506666666666668,2019,2854,20104.0,704.3262940286052
190,Hume,23270,385,3.0,2.0,2.0,7.764166666666666,28.221666666666664,7.359166666666667,21.550833333333333,2.6325000000000003,5.137499999999999,2019,21173,332825.0,781.518106185044
191,Indigo,23350,320,3.0,1.0,1.0,22.205,47.263333333333335,32.87,60.71666666666667,1.63,2.53,2019,506,16655.0,682.9703119823964
192,Kingston (Vic.),23430,425,3.0,1.0,1.0,2.8116666666666665,14.413333333333332,8.561666666666667,17.63,2.015,3.3316666666666666,2019,11292,166495.0,785.1580046788906
193,Knox,23670,410,3.0,2.0,2.0,7.406666666666666,10.496666666666666,6.748333333333333,7.823333333333333,2.3,3.4650000000000003,2019,11035,164918.0,723.9782467428304
194,Latrobe (Vic.),23810,260,3.0,1.0,1.0,4.533333333333333,16.270833333333336,5.307500000000001,45.185,2.2691666666666666,3.8674999999999997,2019,14614,103552.0,620.7200789782617
195,Loddon,23940,230,3.0,1.0,2.0,22.596666666666668,65.99333333333333,38.91666666666666,34.580000000000005,8.81,25.956666666666667,2019,492,7030.0,515.2824202260532
196,Macedon Ranges,24130,430,4.0,2.0,2.0,9.605,38.78833333333333,19.285,33.038333333333334,2.0266666666666664,2.931666666666666,2019,2470,50151.0,704.7984035800744
197,Manningham,24210,470,3.0,2.0,2.0,9.175,6.0633333333333335,5.326666666666667,5.363333333333333,2.17,2.425,2019,4547,127251.0,681.712784295003
198,Mansfield,24250,350,3.0,1.5,2.0,62.12833333333334,95.16333333333333,9.128333333333332,137.59750000000003,3.215833333333333,8.849166666666669,2019,441,9413.0,663.7196339146169
199,Maribyrnong,24330,420,2.0,1.0,1.0,3.228333333333333,7.721666666666667,3.355,13.851666666666668,1.7383333333333333,2.2783333333333333,2019,8188,94374.0,623.3941551626267
200,Maroondah,24410,400,3.0,2.0,2.0,3.99,9.695,5.401666666666667,10.828333333333337,2.975,2.5733333333333333,2019,8315,119427.0,784.6830138434648
201,Melbourne,24600,490,2.0,1.0,0.0,2.2666666666666666,6.266666666666667,2.1733333333333333,5.17,1.53,0.93,2019,35626,398554.0,501.3202384307954
202,Melton,24650,370,4.0,2.0,2.0,8.060833333333333,18.739166666666666,8.041666666666666,29.7075,3.2616666666666667,5.3950000000000005,2019,11061,327114.0,862.9268845727786
203,Merri-bek,24700,420,2.0,1.0,1.0,2.953333333333333,4.3566666666666665,4.343333333333334,4.366666666666666,1.7633333333333332,1.6983333333333337,2019,14597,296364.0,1095.8308113621224
204,Mildura,24780,295,3.0,1.0,2.0,inf,inf,6.203333333333333,inf,2.2908333333333335,3.6116666666666664,2019,7363,56053.0,715.3031996274441
205,Mitchell,24850,350,4.0,2.0,2.0,8.263333333333334,23.97,24.558333333333334,35.75333333333333,3.66,7.193333333333333,2019,4447,45517.0,681.9553944944188
206,Moira,24900,270,3.0,1.0,2.0,47.19666666666667,47.67166666666667,14.746666666666666,59.89,2.066666666666667,33.04666666666667,2019,2188,30054.0,562.4847708577973
207,Monash,24970,450,3.0,2.0,1.0,3.733333333333333,15.915,5.29,5.816666666666666,2.253333333333333,2.8266666666666667,2019,10366,234435.0,832.2960563344769
208,Moonee Valley,25060,400,2.0,1.0,1.0,3.6775,7.223333333333333,5.380000000000001,10.993333333333332,1.8841666666666663,2.845833333333333,2019,8090,189627.0,969.226183381204
209,Moorabool,25150,360,3.0,2.0,2.0,5.985,30.9,16.125,22.62833333333333,4.135,5.416666666666667,2019,2289,34860.0,707.8940646205311
210,Mornington Peninsula,25340,400,3.0,2.0,2.0,25.41916666666667,19.123333333333335,11.191666666666666,22.122500000000002,3.635,4.381666666666667,2019,10875,195491.0,661.9931767418145
211,Mount Alexander,25430,340,3.0,1.0,2.0,6.141666666666667,8.216666666666667,26.641666666666666,8.09,1.9766666666666663,20.2,2019,959,19938.0,634.441753084223
212,Moyne,25490,315,3.0,1.0,1.0,29.15666666666667,75.18166666666666,36.32666666666667,21.45,1.585,10.601666666666668,2019,586,16613.0,702.3280173515702
213,Murrindindi,25620,300,3.0,1.0,1.0,47.72833333333333,46.70166666666667,41.59666666666667,47.43333333333333,3.915,21.633333333333333,2019,759,14551.0,591.5545306964078
214,Nillumbik,25710,410,3.0,1.5,2.0,6.274166666666666,16.585833333333333,13.6325,21.63083333333333,2.743333333333333,3.5858333333333334,2019,2088,65464.0,908.9635601583407
215,Northern Grampians,25810,265,1.5,1.0,1.0,2.8175,4.9725,29.383333333333333,79.70666666666665,1.0741666666666667,3.7591666666666663,2019,983,11432.0,546.6618969386953
216,Port Phillip,25900,460,2.0,1.0,1.0,4.2,10.71,7.611666666666666,9.503333333333334,1.7816666666666667,1.9883333333333333,2019,12776,146113.0,1280.3798119001942
217,Pyrenees,25990,265,3.0,1.0,2.0,26.756666666666668,2.881666666666667,26.063333333333333,54.88166666666667,2.393333333333333,1.595,2019,632,7914.0,490.24385888704126
218,Queenscliffe,26080,375,2.5,1.0,1.0,34.780833333333334,79.53833333333333,19.464999999999996,74.68333333333334,1.77,4.711666666666667,2019,321,,
219,South Gippsland,26170,280,3.0,1.0,1.0,51.63666666666667,45.79166666666666,21.696666666666665,72.44999999999999,2.7575,3.8525,2019,1442,30035.0,567.4219429431117
220,Southern Grampians,26260,255,2.0,1.0,1.0,78.795,21.697499999999998,2.5116666666666667,46.4575,1.8816666666666666,2.7316666666666665,2019,1568,16179.0,642.6946692526997
221,Stonnington,26350,475,2.0,1.0,1.0,2.118333333333333,6.081666666666666,3.755,7.196666666666667,1.93,1.87,2019,10501,145699.0,1233.3647338907358
222,Strathbogie,26430,290,2.0,1.0,1.0,2.3241666666666663,62.64083333333333,38.41416666666667,44.99916666666667,0.6100000000000001,10.007499999999999,2019,603,10718.0,581.0978355077073
223,Surf Coast,26490,460,3.0,2.0,2.0,16.1,55.13166666666667,18.351666666666667,54.0,2.9016666666666664,4.433333333333334,2019,1200,32771.0,735.0249716536972
224,Swan Hill,26610,260,3.0,2.0,2.0,5.001666666666667,inf,4.6675,62.427499999999995,2.265833333333333,4.618333333333333,2019,2628,20892.0,588.5563037485116
225,Towong,26670,240,3.0,1.0,1.5,73.28083333333333,inf,70.29583333333333,27.31083333333333,9.010833333333332,8.574166666666667,2019,206,6060.0,621.6838217541717
226,Wangaratta,26700,280,3.0,1.0,2.0,6.508333333333333,45.6825,4.955,70.32166666666667,2.4375,4.909166666666667,2019,2277,29235.0,655.5187122643204
227,Warrnambool,26730,328,2.0,1.0,1.0,5.256666666666666,80.49833333333332,3.7233333333333336,36.318333333333335,2.055,3.558333333333333,2019,4038,35660.0,702.8136088345877
228,Wellington,26810,280,3.0,1.0,1.0,11.807499999999997,57.26833333333333,15.425833333333333,32.516666666666666,2.275833333333334,2.4074999999999998,2019,4139,44158.0,594.120506585456
229,West Wimmera,26890,-,1.0,1.0,0.0,78.16166666666666,inf,76.20666666666666,98.705,1.4766666666666666,0.1966666666666666,2019,160,2702.0,634.0772790538599
230,Whitehorse,26980,440,2.0,2.0,1.0,4.331666666666666,9.073333333333332,7.393333333333333,6.623333333333333,2.2983333333333333,2.731666666666667,2019,8458,180789.0,818.0954923532353
231,Whittlesea,27070,380,3.0,2.0,2.0,6.009166666666667,18.79083333333333,7.528333333333332,22.594166666666666,2.6833333333333336,3.720833333333333,2019,16048,314687.0,657.2280104092418
232,Wodonga,27170,320,3.0,2.0,2.0,10.3,inf,5.999166666666666,81.85333333333334,2.840833333333333,3.9233333333333333,2019,3171,69057.0,723.9109899878276
233,Wyndham,27260,380,4.0,2.0,2.0,6.44,12.3025,7.693333333333333,13.7425,2.543333333333333,3.6516666666666664,2019,14958,559164.0,684.9570253592981
234,Yarra,27350,495,2.0,1.0,1.0,3.283333333333333,6.468333333333334,4.3100000000000005,4.795,1.6033333333333333,1.3716666666666666,2019,13451,138160.0,1231.4015606949317
235,Yarra Ranges,27450,400,3.0,2.0,2.0,4.25,15.48166666666667,6.949166666666667,9.9325,2.348333333333333,3.7991666666666664,2019,8258,159666.0,505.57134064777006
236,Yarriambiack,27630,190,3.0,1.0,1.0,30.82333333333333,60.44416666666666,42.76166666666666,31.72333333333333,1.6749999999999998,3.178333333333333,2019,422,6535.0,566.9481606593539
237,Alpine,20110,320,2.0,1.0,2.0,46.42833333333333,5.346666666666667,38.88,29.88833333333333,2.5266666666666664,2.4466666666666668,2020,597,13322.0,728.5500265470706
238,Ararat,20260,290,3.0,1.0,1.0,2.428333333333333,28.92833333333333,2.536666666666666,inf,1.4333333333333331,3.033333333333333,2020,1250,11744.0,655.1040159628766
239,Ballarat,20570,330,3.0,2.0,2.0,7.341666666666667,9.785,6.483333333333333,24.81,2.235,4.776666666666667,2020,11564,159874.0,829.6220920737128
240,Banyule,20660,410,3.0,1.0,1.0,2.8766666666666665,11.215,9.528333333333334,5.3533333333333335,1.76,2.6300000000000003,2020,9963,133407.0,670.3831059715487
241,Bass Coast,20740,340,3.0,2.0,2.0,86.87666666666667,32.528333333333336,23.363333333333333,39.832499999999996,3.9041666666666663,7.3774999999999995,2020,2467,36592.0,616.0771674084514
242,Baw Baw,20830,350,3.0,1.5,2.0,3.881666666666667,59.81916666666667,11.004999999999999,16.663333333333334,2.1516666666666664,4.200833333333334,2020,4833,54674.0,673.9402792732866
243,Bayside (Vic.),20910,595,3.0,2.0,2.0,3.425,10.456666666666669,10.056666666666668,11.656666666666666,1.9883333333333333,3.0966666666666667,2020,5303,108612.0,1005.1509008856285
244,Benalla,21010,305,3.0,1.0,2.0,5.829166666666667,64.25166666666667,33.57333333333334,53.2325,2.005,5.136666666666667,2020,1249,14073.0,621.7884189048532
245,Boroondara,21110,450,3.0,2.0,2.0,2.958333333333333,7.47,5.25,8.808333333333334,1.4533333333333334,2.0983333333333336,2020,8322,240923.0,962.1545499890797
246,Brimbank,21180,365,3.0,1.0,1.0,4.4,16.438333333333333,5.04,10.2,2.125,3.28,2020,20137,248304.0,735.2381731658584
247,Buloke,21270,220,2.5,1.0,1.0,62.62833333333333,56.28,68.6525,73.37333333333333,1.5150000000000001,1.5274999999999999,2020,329,6079.0,585.8183998398578
248,Campaspe,21370,300,2.0,1.0,1.0,2.123333333333333,85.25333333333333,2.8583333333333334,31.51333333333333,1.7233333333333334,23.956666666666667,2020,4054,38039.0,690.1860048746307
249,Cardinia,21450,370,4.0,2.0,2.0,5.383333333333334,22.023333333333333,9.581666666666669,28.65833333333333,3.0933333333333333,5.213333333333334,2020,7159,272205.0,832.9808363563362
250,Casey,21610,390,4.0,2.0,2.0,8.618333333333332,11.049166666666668,7.9825,24.825,2.7666666666666666,4.0375,2020,22912,587963.0,789.3998157271992
251,Central Goldfields,21670,283,3.0,1.0,1.0,3.450833333333333,23.94,3.043333333333333,47.11666666666667,2.7975000000000003,2.4433333333333334,2020,1357,13614.0,499.93071008334044
252,Colac Otway,21750,340,3.0,1.0,1.0,64.885,46.165,64.80666666666667,45.361666666666665,2.6925,3.625,2020,1659,21582.0,674.2323354945964
253,Corangamite,21830,280,2.0,1.0,1.0,1.28,86.32833333333333,33.95666666666667,18.27833333333333,1.8033333333333332,1.39,2020,693,16147.0,608.3541003628156
254,Darebin,21890,400,2.0,1.0,1.0,3.2583333333333333,10.29,6.891666666666667,8.883333333333333,1.975,2.3366666666666664,2020,15120,254247.0,1044.4197963906124
255,East Gippsland,22110,310,3.0,1.0,2.0,21.3525,64.52250000000001,20.513333333333332,88.02583333333332,3.7058333333333335,10.079166666666666,2020,4864,47790.0,
256,Frankston,22170,375,3.0,2.0,2.0,6.343333333333334,19.916666666666668,6.726666666666668,22.41166666666667,2.8583333333333334,3.745,2020,14941,146305.0,785.4565203117314
257,Gannawarra,22250,228,2.0,1.0,1.0,40.975,102.725,49.443333333333335,inf,1.5733333333333337,1.9383333333333328,2020,822,10492.0,578.356888901905
258,Glen Eira,22310,430,2.0,1.0,1.0,2.455,10.978333333333332,7.61,5.993333333333334,1.4333333333333331,1.856666666666667,2020,7754,160300.0,918.890436074934
259,Glenelg,22410,300,3.0,1.0,2.0,81.26333333333332,68.5625,5.911666666666667,22.472500000000004,2.7866666666666666,4.8575,2020,1806,19646.0,627.4144716605489
260,Golden Plains,22490,395,4.0,2.0,2.0,31.741666666666667,58.59333333333333,29.55333333333333,63.49333333333333,4.71,17.07,2020,640,24453.0,768.0438186467821
261,Greater Bendigo,22620,330,3.0,1.0,1.0,5.6325,40.63916666666667,6.758333333333333,6.826666666666666,2.4758333333333336,4.754166666666666,2020,11166,119500.0,682.6831088503167
262,Greater Dandenong,22670,360,3.0,1.0,1.0,4.246666666666667,7.838333333333334,5.078333333333333,5.051666666666667,1.721666666666667,2.521666666666667,2020,19061,243346.0,578.3048102984587
263,Greater Geelong,22750,375,3.0,2.0,2.0,7.220833333333333,54.4425,8.0725,51.90833333333333,2.5058333333333334,3.8708333333333336,2020,22319,348618.0,754.7659819499748
264,Greater Shepparton,22830,300,3.0,1.0,1.0,6.151666666666667,31.096666666666668,8.055,7.955,2.165,7.818333333333333,2020,8715,92263.0,616.9023612748052
265,Hepburn,22910,350,3.0,1.0,1.0,27.435,30.91,39.37166666666667,28.40333333333333,2.5933333333333333,3.691666666666667,2020,885,17486.0,602.6315918432954
266,Hindmarsh,22980,210,3.0,1.0,2.0,2.746666666666667,49.973333333333336,54.10333333333333,26.211666666666662,1.4316666666666669,26.841666666666665,2020,349,6795.0,624.8178920605136
267,Hobsons Bay,23110,410,3.0,1.0,2.0,3.0683333333333334,4.95,7.458333333333333,8.75,1.6333333333333333,2.998333333333333,2020,6053,93253.0,898.4308554432789
268,Horsham,23190,280,3.0,1.0,1.0,3.455,59.575,4.13,28.85333333333333,2.9916666666666667,25.506666666666668,2020,2036,20177.0,734.5161272742155
269,Hume,23270,385,3.0,2.0,2.0,7.764166666666666,28.221666666666664,7.359166666666667,21.550833333333333,2.6325000000000003,5.137499999999999,2020,21590,347563.0,815.0401157349788
270,Indigo,23350,330,3.0,1.0,1.0,22.205,47.263333333333335,32.87,60.71666666666667,1.63,2.53,2020,563,16776.0,708.0255708624366
271,Kingston (Vic.),23430,430,3.0,1.0,1.0,2.8116666666666665,14.413333333333332,8.561666666666667,17.63,2.015,3.3316666666666666,2020,12101,169278.0,815.0114551086639
272,Knox,23670,420,3.0,2.0,2.0,7.406666666666666,10.496666666666666,6.748333333333333,7.823333333333333,2.3,3.4650000000000003,2020,11902,166509.0,754.3519748365909
273,Latrobe (Vic.),23810,270,3.0,1.0,1.0,4.533333333333333,16.270833333333336,5.307500000000001,45.185,2.2691666666666666,3.8674999999999997,2020,13886,104135.0,643.9262479177866
274,Loddon,23940,260,3.0,1.0,2.0,22.596666666666668,65.99333333333333,38.91666666666666,34.580000000000005,8.81,25.956666666666667,2020,485,7013.0,532.8420155586037
275,Macedon Ranges,24130,420,4.0,2.0,2.0,9.605,38.78833333333333,19.285,33.038333333333334,2.0266666666666664,2.931666666666666,2020,2393,51012.0,737.1564075284412
276,Manningham,24210,450,3.0,2.0,2.0,9.175,6.0633333333333335,5.326666666666667,5.363333333333333,2.17,2.425,2020,4968,128763.0,709.7786609880626
277,Mansfield,24250,380,3.0,1.5,2.0,62.12833333333334,95.16333333333333,9.128333333333332,137.59750000000003,3.215833333333333,8.849166666666669,2020,486,9579.0,692.2467592458296
278,Maribyrnong,24330,390,2.0,1.0,1.0,3.228333333333333,7.721666666666667,3.355,13.851666666666668,1.7383333333333333,2.2783333333333333,2020,9380,96995.0,673.2069152966492
279,Maroondah,24410,415,3.0,2.0,2.0,3.99,9.695,5.401666666666667,10.828333333333337,2.975,2.5733333333333333,2020,7990,121232.0,810.9034255697923
280,Melbourne,24600,400,2.0,1.0,0.0,2.2666666666666666,6.266666666666667,2.1733333333333333,5.17,1.53,0.93,2020,36363,418326.0,571.717408740436
281,Melton,24650,375,4.0,2.0,2.0,8.060833333333333,18.739166666666666,8.041666666666666,29.7075,3.2616666666666667,5.3950000000000005,2020,13054,342454.0,926.147570997917
282,Merri-bek,24700,400,2.0,1.0,1.0,2.953333333333333,4.3566666666666665,4.343333333333334,4.366666666666666,1.7633333333333332,1.6983333333333337,2020,14439,303765.0,1167.5673553737618
283,Mildura,24780,310,3.0,1.0,2.0,inf,inf,6.203333333333333,inf,2.2908333333333335,3.6116666666666664,2020,7453,56507.0,749.8188547290414
284,Mitchell,24850,360,4.0,2.0,2.0,8.263333333333334,23.97,24.558333333333334,35.75333333333333,3.66,7.193333333333333,2020,4652,46832.0,708.9436689486597
285,Moira,24900,290,3.0,1.0,2.0,47.19666666666667,47.67166666666667,14.746666666666666,59.89,2.066666666666667,33.04666666666667,2020,2479,30248.0,583.8371101084833
286,Monash,24970,430,3.0,2.0,1.0,3.733333333333333,15.915,5.29,5.816666666666666,2.253333333333333,2.8266666666666667,2020,11995,240064.0,882.1546421533675
287,Moonee Valley,25060,400,2.0,1.0,1.0,3.6775,7.223333333333333,5.380000000000001,10.993333333333332,1.8841666666666663,2.845833333333333,2020,8699,193121.0,1023.1149876977177
288,Moorabool,25150,365,3.0,2.0,2.0,5.985,30.9,16.125,22.62833333333333,4.135,5.416666666666667,2020,2210,35525.0,738.2942704354473
289,Mornington Peninsula,25340,430,3.0,2.0,2.0,25.41916666666667,19.123333333333335,11.191666666666666,22.122500000000002,3.635,4.381666666666667,2020,11317,198524.0,685.5765132256853
290,Mount Alexander,25430,368,3.0,1.0,2.0,6.141666666666667,8.216666666666667,26.641666666666666,8.09,1.9766666666666663,20.2,2020,1209,20103.0,658.273284705163
291,Moyne,25490,320,3.0,1.0,1.0,29.15666666666667,75.18166666666666,36.32666666666667,21.45,1.585,10.601666666666668,2020,671,16745.0,734.9083244482658
292,Murrindindi,25620,315,3.0,1.0,1.0,47.72833333333333,46.70166666666667,41.59666666666667,47.43333333333333,3.915,21.633333333333333,2020,779,14704.0,616.7410828198414
293,Nillumbik,25710,430,3.0,1.5,2.0,6.274166666666666,16.585833333333333,13.6325,21.63083333333333,2.743333333333333,3.5858333333333334,2020,2291,65915.0,945.7378829230681
294,Northern Grampians,25810,250,1.5,1.0,1.0,2.8175,4.9725,29.383333333333333,79.70666666666665,1.0741666666666667,3.7591666666666663,2020,1052,11398.0,571.2767739654757
295,Port Phillip,25900,435,2.0,1.0,1.0,4.2,10.71,7.611666666666666,9.503333333333334,1.7816666666666667,1.9883333333333333,2020,12965,149517.0,1315.7026661404398
296,Pyrenees,25990,300,3.0,1.0,2.0,26.756666666666668,2.881666666666667,26.063333333333333,54.88166666666667,2.393333333333333,1.595,2020,564,7959.0,502.9570868232331
297,Queenscliffe,26080,350,2.5,1.0,1.0,34.780833333333334,79.53833333333333,19.464999999999996,74.68333333333334,1.77,4.711666666666667,2020,120,,
298,South Gippsland,26170,300,3.0,1.0,1.0,51.63666666666667,45.79166666666666,21.696666666666665,72.44999999999999,2.7575,3.8525,2020,1758,30265.0,592.6501351402748
299,Southern Grampians,26260,270,2.0,1.0,1.0,78.795,21.697499999999998,2.5116666666666667,46.4575,1.8816666666666666,2.7316666666666665,2020,1114,16169.0,667.3735129536689
300,Stonnington,26350,440,2.0,1.0,1.0,2.118333333333333,6.081666666666666,3.755,7.196666666666667,1.93,1.87,2020,12087,149728.0,1295.611594122749
301,Strathbogie,26430,320,2.0,1.0,1.0,2.3241666666666663,62.64083333333333,38.41416666666667,44.99916666666667,0.6100000000000001,10.007499999999999,2020,643,10833.0,600.7177006300765
302,Surf Coast,26490,450,3.0,2.0,2.0,16.1,55.13166666666667,18.351666666666667,54.0,2.9016666666666664,4.433333333333334,2020,1303,33611.0,779.1858742212629
303,Swan Hill,26610,280,3.0,2.0,2.0,5.001666666666667,inf,4.6675,62.427499999999995,2.265833333333333,4.618333333333333,2020,2423,20904.0,603.0984958666207
304,Towong,26670,300,3.0,1.0,1.5,73.28083333333333,inf,70.29583333333333,27.31083333333333,9.010833333333332,8.574166666666667,2020,230,6081.0,654.0018878924358
305,Wangaratta,26700,303,3.0,1.0,2.0,6.508333333333333,45.6825,4.955,70.32166666666667,2.4375,4.909166666666667,2020,2459,29418.0,681.254173039064
306,Warrnambool,26730,340,2.0,1.0,1.0,5.256666666666666,80.49833333333332,3.7233333333333336,36.318333333333335,2.055,3.558333333333333,2020,3293,36034.0,730.8476877669426
307,Wellington,26810,300,3.0,1.0,1.0,11.807499999999997,57.26833333333333,15.425833333333333,32.516666666666666,2.275833333333334,2.4074999999999998,2020,4671,44386.0,584.4820709710752
308,West Wimmera,26890,210,1.0,1.0,0.0,78.16166666666666,inf,76.20666666666666,98.705,1.4766666666666666,0.1966666666666666,2020,182,2679.0,665.2713286919814
309,Whitehorse,26980,420,2.0,2.0,1.0,4.331666666666666,9.073333333333332,7.393333333333333,6.623333333333333,2.2983333333333333,2.731666666666667,2020,9331,184233.0,858.0710594804558
310,Whittlesea,27070,380,3.0,2.0,2.0,6.009166666666667,18.79083333333333,7.528333333333332,22.594166666666666,2.6833333333333336,3.720833333333333,2020,16672,330618.0,694.080781775417
311,Wodonga,27170,325,3.0,2.0,2.0,10.3,inf,5.999166666666666,81.85333333333334,2.840833333333333,3.9233333333333333,2020,3837,70394.0,743.1985504296362
312,Wyndham,27260,370,4.0,2.0,2.0,6.44,12.3025,7.693333333333333,13.7425,2.543333333333333,3.6516666666666664,2020,17266,590853.0,708.087948324928
313,Yarra,27350,470,2.0,1.0,1.0,3.283333333333333,6.468333333333334,4.3100000000000005,4.795,1.6033333333333333,1.3716666666666666,2020,14028,142152.0,1291.2465733472202
314,Yarra Ranges,27450,400,3.0,2.0,2.0,4.25,15.48166666666667,6.949166666666667,9.9325,2.348333333333333,3.7991666666666664,2020,8915,161410.0,522.5021760239816
315,Yarriambiack,27630,200,3.0,1.0,1.0,30.82333333333333,60.44416666666666,42.76166666666666,31.72333333333333,1.6749999999999998,3.178333333333333,2020,513,6487.0,594.7904271686263
316,Alpine,20110,383,2.0,1.0,2.0,46.42833333333333,5.346666666666667,38.88,29.88833333333333,2.5266666666666664,2.4466666666666668,2021,548,13385.0,768
317,Ararat,20260,300,3.0,1.0,1.0,2.428333333333333,28.92833333333333,2.536666666666666,inf,1.4333333333333331,3.033333333333333,2021,1602,11784.0,681
318,Ballarat,20570,350,3.0,2.0,2.0,7.341666666666667,9.785,6.483333333333333,24.81,2.235,4.776666666666667,2021,9642,162260.0,865
319,Banyule,20660,410,3.0,1.0,1.0,2.8766666666666665,11.215,9.528333333333334,5.3533333333333335,1.76,2.6300000000000003,2021,8763,134841.0,706
320,Bass Coast,20740,400,3.0,2.0,2.0,86.87666666666667,32.528333333333336,23.363333333333333,39.832499999999996,3.9041666666666663,7.3774999999999995,2021,3065,37338.0,640
321,Baw Baw,20830,395,3.0,1.5,2.0,3.881666666666667,59.81916666666667,11.004999999999999,16.663333333333334,2.1516666666666664,4.200833333333334,2021,4992,55903.0,704
322,Bayside (Vic.),20910,570,3.0,2.0,2.0,3.425,10.456666666666669,10.056666666666668,11.656666666666666,1.9883333333333333,3.0966666666666667,2021,5210,110082.0,1043
323,Benalla,21010,350,3.0,1.0,2.0,5.829166666666667,64.25166666666667,33.57333333333334,53.2325,2.005,5.136666666666667,2021,1423,14071.0,645
324,Boroondara,21110,410,3.0,2.0,2.0,2.958333333333333,7.47,5.25,8.808333333333334,1.4533333333333334,2.0983333333333336,2021,7772,244027.0,1002
325,Brimbank,21180,360,3.0,1.0,1.0,4.4,16.438333333333333,5.04,10.2,2.125,3.28,2021,19079,252751.0,760
326,Buloke,21270,230,2.5,1.0,1.0,62.62833333333333,56.28,68.6525,73.37333333333333,1.5150000000000001,1.5274999999999999,2021,446,6035.0,618
327,Campaspe,21370,330,2.0,1.0,1.0,2.123333333333333,85.25333333333333,2.8583333333333334,31.51333333333333,1.7233333333333334,23.956666666666667,2021,3312,38091.0,713
328,Cardinia,21450,390,4.0,2.0,2.0,5.383333333333334,22.023333333333333,9.581666666666669,28.65833333333333,3.0933333333333333,5.213333333333334,2021,7343,284976.0,870
329,Casey,21610,410,4.0,2.0,2.0,8.618333333333332,11.049166666666668,7.9825,24.825,2.7666666666666666,4.0375,2021,21896,615352.0,820
330,Central Goldfields,21670,300,3.0,1.0,1.0,3.450833333333333,23.94,3.043333333333333,47.11666666666667,2.7975000000000003,2.4433333333333334,2021,1170,13684.0,511
331,Colac Otway,21750,350,3.0,1.0,1.0,64.885,46.165,64.80666666666667,45.361666666666665,2.6925,3.625,2021,1653,21622.0,701
332,Corangamite,21830,315,2.0,1.0,1.0,1.28,86.32833333333333,33.95666666666667,18.27833333333333,1.8033333333333332,1.39,2021,915,16130.0,633
333,Darebin,21890,390,2.0,1.0,1.0,3.2583333333333333,10.29,6.891666666666667,8.883333333333333,1.975,2.3366666666666664,2021,15004,259013.0,1098
334,East Gippsland,22110,340,3.0,1.0,2.0,21.3525,64.52250000000001,20.513333333333332,88.02583333333332,3.7058333333333335,10.079166666666666,2021,5093,48247.0,0
335,Frankston,22170,400,3.0,2.0,2.0,6.343333333333334,19.916666666666668,6.726666666666668,22.41166666666667,2.8583333333333334,3.745,2021,14153,148191.0,817
336,Gannawarra,22250,255,2.0,1.0,1.0,40.975,102.725,49.443333333333335,inf,1.5733333333333337,1.9383333333333328,2021,925,10457.0,601
337,Glen Eira,22310,395,2.0,1.0,1.0,2.455,10.978333333333332,7.61,5.993333333333334,1.4333333333333331,1.856666666666667,2021,7733,163279.0,970
338,Glenelg,22410,330,3.0,1.0,2.0,81.26333333333332,68.5625,5.911666666666667,22.472500000000004,2.7866666666666666,4.8575,2021,1688,19622.0,652
339,Golden Plains,22490,405,4.0,2.0,2.0,31.741666666666667,58.59333333333333,29.55333333333333,63.49333333333333,4.71,17.07,2021,580,25059.0,802
340,Greater Bendigo,22620,375,3.0,1.0,1.0,5.6325,40.63916666666667,6.758333333333333,6.826666666666666,2.4758333333333336,4.754166666666666,2021,10980,121246.0,712
341,Greater Dandenong,22670,360,3.0,1.0,1.0,4.246666666666667,7.838333333333334,5.078333333333333,5.051666666666667,1.721666666666667,2.521666666666667,2021,19081,249348.0,604
342,Greater Geelong,22750,410,3.0,2.0,2.0,7.220833333333333,54.4425,8.0725,51.90833333333333,2.5058333333333334,3.8708333333333336,2021,21840,355409.0,799
343,Greater Shepparton,22830,330,3.0,1.0,1.0,6.151666666666667,31.096666666666668,8.055,7.955,2.165,7.818333333333333,2021,9366,93190.0,634
344,Hepburn,22910,380,3.0,1.0,1.0,27.435,30.91,39.37166666666667,28.40333333333333,2.5933333333333333,3.691666666666667,2021,659,17600.0,628
345,Hindmarsh,22980,220,3.0,1.0,2.0,2.746666666666667,49.973333333333336,54.10333333333333,26.211666666666662,1.4316666666666669,26.841666666666665,2021,560,6764.0,658
346,Hobsons Bay,23110,400,3.0,1.0,2.0,3.0683333333333334,4.95,7.458333333333333,8.75,1.6333333333333333,2.998333333333333,2021,5845,94465.0,945
347,Horsham,23190,330,3.0,1.0,1.0,3.455,59.575,4.13,28.85333333333333,2.9916666666666667,25.506666666666668,2021,2590,20245.0,766
348,Hume,23270,390,3.0,2.0,2.0,7.764166666666666,28.221666666666664,7.359166666666667,21.550833333333333,2.6325000000000003,5.137499999999999,2021,21030,362248.0,850
349,Indigo,23350,360,3.0,1.0,1.0,22.205,47.263333333333335,32.87,60.71666666666667,1.63,2.53,2021,571,16891.0,734
350,Kingston (Vic.),23430,430,3.0,1.0,1.0,2.8116666666666665,14.413333333333332,8.561666666666667,17.63,2.015,3.3316666666666666,2021,11256,172033.0,846
351,Knox,23670,437,3.0,2.0,2.0,7.406666666666666,10.496666666666666,6.748333333333333,7.823333333333333,2.3,3.4650000000000003,2021,11399,168090.0,786
352,Latrobe (Vic.),23810,315,3.0,1.0,1.0,4.533333333333333,16.270833333333336,5.307500000000001,45.185,2.2691666666666666,3.8674999999999997,2021,13062,104702.0,668
353,Loddon,23940,235,3.0,1.0,2.0,22.596666666666668,65.99333333333333,38.91666666666666,34.580000000000005,8.81,25.956666666666667,2021,549,6996.0,551
354,Macedon Ranges,24130,460,4.0,2.0,2.0,9.605,38.78833333333333,19.285,33.038333333333334,2.0266666666666664,2.931666666666666,2021,2668,51849.0,771
355,Manningham,24210,460,3.0,2.0,2.0,9.175,6.0633333333333335,5.326666666666667,5.363333333333333,2.17,2.425,2021,4744,130242.0,739
356,Mansfield,24250,400,3.0,1.5,2.0,62.12833333333334,95.16333333333333,9.128333333333332,137.59750000000003,3.215833333333333,8.849166666666669,2021,544,9735.0,722
357,Maribyrnong,24330,380,2.0,1.0,1.0,3.228333333333333,7.721666666666667,3.355,13.851666666666668,1.7383333333333333,2.2783333333333333,2021,8854,99608.0,727
358,Maroondah,24410,420,3.0,2.0,2.0,3.99,9.695,5.401666666666667,10.828333333333337,2.975,2.5733333333333333,2021,8011,123042.0,838
359,Melbourne,24600,360,2.0,1.0,0.0,2.2666666666666666,6.266666666666667,2.1733333333333333,5.17,1.53,0.93,2021,35707,435805.0,652
360,Melton,24650,380,4.0,2.0,2.0,8.060833333333333,18.739166666666666,8.041666666666666,29.7075,3.2616666666666667,5.3950000000000005,2021,13981,357802.0,994
361,Merri-bek,24700,390,2.0,1.0,1.0,2.953333333333333,4.3566666666666665,4.343333333333334,4.366666666666666,1.7633333333333332,1.6983333333333337,2021,12934,311153.0,1244
362,Mildura,24780,340,3.0,1.0,2.0,inf,inf,6.203333333333333,inf,2.2908333333333335,3.6116666666666664,2021,6207,56944.0,786
363,Mitchell,24850,380,4.0,2.0,2.0,8.263333333333334,23.97,24.558333333333334,35.75333333333333,3.66,7.193333333333333,2021,5373,48117.0,737
364,Moira,24900,320,3.0,1.0,2.0,47.19666666666667,47.67166666666667,14.746666666666666,59.89,2.066666666666667,33.04666666666667,2021,2325,30414.0,606
365,Monash,24970,420,3.0,2.0,1.0,3.733333333333333,15.915,5.29,5.816666666666666,2.253333333333333,2.8266666666666667,2021,12752,245176.0,935
366,Moonee Valley,25060,380,2.0,1.0,1.0,3.6775,7.223333333333333,5.380000000000001,10.993333333333332,1.8841666666666663,2.845833333333333,2021,7874,196615.0,1080
367,Moorabool,25150,390,3.0,2.0,2.0,5.985,30.9,16.125,22.62833333333333,4.135,5.416666666666667,2021,2634,36185.0,770
368,Mornington Peninsula,25340,496,3.0,2.0,2.0,25.41916666666667,19.123333333333335,11.191666666666666,22.122500000000002,3.635,4.381666666666667,2021,10769,201511.0,710
369,Mount Alexander,25430,393,3.0,1.0,2.0,6.141666666666667,8.216666666666667,26.641666666666666,8.09,1.9766666666666663,20.2,2021,895,20257.0,683
370,Moyne,25490,345,3.0,1.0,1.0,29.15666666666667,75.18166666666666,36.32666666666667,21.45,1.585,10.601666666666668,2021,644,16868.0,769
371,Murrindindi,25620,358,3.0,1.0,1.0,47.72833333333333,46.70166666666667,41.59666666666667,47.43333333333333,3.915,21.633333333333333,2021,925,14844.0,643
372,Nillumbik,25710,430,3.0,1.5,2.0,6.274166666666666,16.585833333333333,13.6325,21.63083333333333,2.743333333333333,3.5858333333333334,2021,2146,66352.0,984
373,Northern Grampians,25810,275,1.5,1.0,1.0,2.8175,4.9725,29.383333333333333,79.70666666666665,1.0741666666666667,3.7591666666666663,2021,1270,11358.0,597
374,Port Phillip,25900,400,2.0,1.0,1.0,4.2,10.71,7.611666666666666,9.503333333333334,1.7816666666666667,1.9883333333333333,2021,13408,152868.0,1352
375,Pyrenees,25990,265,3.0,1.0,2.0,26.756666666666668,2.881666666666667,26.063333333333333,54.88166666666667,2.393333333333333,1.595,2021,453,8000.0,516
376,Queenscliffe,26080,-,2.5,1.0,1.0,34.780833333333334,79.53833333333333,19.464999999999996,74.68333333333334,1.77,4.711666666666667,2021,104,,
377,South Gippsland,26170,350,3.0,1.0,1.0,51.63666666666667,45.79166666666666,21.696666666666665,72.44999999999999,2.7575,3.8525,2021,1879,30488.0,619
378,Southern Grampians,26260,285,2.0,1.0,1.0,78.795,21.697499999999998,2.5116666666666667,46.4575,1.8816666666666666,2.7316666666666665,2021,1125,16155.0,693
379,Stonnington,26350,400,2.0,1.0,1.0,2.118333333333333,6.081666666666666,3.755,7.196666666666667,1.93,1.87,2021,11637,153589.0,1361
380,Strathbogie,26430,335,2.0,1.0,1.0,2.3241666666666663,62.64083333333333,38.41416666666667,44.99916666666667,0.6100000000000001,10.007499999999999,2021,585,10941.0,621
381,Surf Coast,26490,520,3.0,2.0,2.0,16.1,55.13166666666667,18.351666666666667,54.0,2.9016666666666664,4.433333333333334,2021,1452,34424.0,826
382,Swan Hill,26610,280,3.0,2.0,2.0,5.001666666666667,inf,4.6675,62.427499999999995,2.265833333333333,4.618333333333333,2021,2633,20904.0,618
383,Towong,26670,280,3.0,1.0,1.5,73.28083333333333,inf,70.29583333333333,27.31083333333333,9.010833333333332,8.574166666666667,2021,207,6099.0,688
384,Wangaratta,26700,360,3.0,1.0,2.0,6.508333333333333,45.6825,4.955,70.32166666666667,2.4375,4.909166666666667,2021,3134,29588.0,708
385,Warrnambool,26730,380,2.0,1.0,1.0,5.256666666666666,80.49833333333332,3.7233333333333336,36.318333333333335,2.055,3.558333333333333,2021,3234,36388.0,760
386,Wellington,26810,340,3.0,1.0,1.0,11.807499999999997,57.26833333333333,15.425833333333333,32.516666666666666,2.275833333333334,2.4074999999999998,2021,4922,44605.0,575
387,West Wimmera,26890,220,1.0,1.0,0.0,78.16166666666666,inf,76.20666666666666,98.705,1.4766666666666666,0.1966666666666666,2021,167,2655.0,698
388,Whitehorse,26980,410,2.0,2.0,1.0,4.331666666666666,9.073333333333332,7.393333333333333,6.623333333333333,2.2983333333333333,2.731666666666667,2021,9099,187580.0,900
389,Whittlesea,27070,380,3.0,2.0,2.0,6.009166666666667,18.79083333333333,7.528333333333332,22.594166666666666,2.6833333333333336,3.720833333333333,2021,16017,346500.0,733
390,Wodonga,27170,380,3.0,2.0,2.0,10.3,inf,5.999166666666666,81.85333333333334,2.840833333333333,3.9233333333333333,2021,3356,71691.0,763
391,Wyndham,27260,370,4.0,2.0,2.0,6.44,12.3025,7.693333333333333,13.7425,2.543333333333333,3.6516666666666664,2021,17824,622559.0,732
392,Yarra,27350,450,2.0,1.0,1.0,3.283333333333333,6.468333333333334,4.3100000000000005,4.795,1.6033333333333333,1.3716666666666666,2021,13730,146105.0,1354
393,Yarra Ranges,27450,425,3.0,2.0,2.0,4.25,15.48166666666667,6.949166666666667,9.9325,2.348333333333333,3.7991666666666664,2021,8782,163147.0,540
394,Yarriambiack,27630,210,3.0,1.0,1.0,30.82333333333333,60.44416666666666,42.76166666666666,31.72333333333333,1.6749999999999998,3.178333333333333,2021,457,6439.0,624
395,Alpine,20110,450,2.0,1.0,2.0,46.42833333333333,5.346666666666667,38.88,29.88833333333333,2.5266666666666664,2.4466666666666668,2022,548,13443.0,809.5861347990658
396,Ararat,20260,335,3.0,1.0,1.0,2.428333333333333,28.92833333333333,2.536666666666666,inf,1.4333333333333331,3.033333333333333,2022,1496,11818.0,707.9196413081984
397,Ballarat,20570,380,3.0,2.0,2.0,7.341666666666667,9.785,6.483333333333333,24.81,2.235,4.776666666666667,2022,10291,164620.0,901.8865422565423
398,Banyule,20660,430,3.0,1.0,1.0,2.8766666666666665,11.215,9.528333333333334,5.3533333333333335,1.76,2.6300000000000003,2022,7214,136251.0,743.509189835034
399,Bass Coast,20740,410,3.0,2.0,2.0,86.87666666666667,32.528333333333336,23.363333333333333,39.832499999999996,3.9041666666666663,7.3774999999999995,2022,3014,38059.0,664.8517777780917
400,Baw Baw,20830,425,3.0,1.5,2.0,3.881666666666667,59.81916666666667,11.004999999999999,16.663333333333334,2.1516666666666664,4.200833333333334,2022,4272,57114.0,735.400472775459
401,Bayside (Vic.),20910,595,3.0,2.0,2.0,3.425,10.456666666666669,10.056666666666668,11.656666666666666,1.9883333333333333,3.0966666666666667,2022,4398,111536.0,1082.2743122863517
402,Benalla,21010,370,3.0,1.0,2.0,5.829166666666667,64.25166666666667,33.57333333333334,53.2325,2.005,5.136666666666667,2022,1390,14069.0,669.0780776083591
403,Boroondara,21110,450,3.0,2.0,2.0,2.958333333333333,7.47,5.25,8.808333333333334,1.4533333333333334,2.0983333333333336,2022,7202,247051.0,1043.495559015332
404,Brimbank,21180,375,3.0,1.0,1.0,4.4,16.438333333333333,5.04,10.2,2.125,3.28,2022,16818,257168.0,785.5957716571146
405,Buloke,21270,270,2.5,1.0,1.0,62.62833333333333,56.28,68.6525,73.37333333333333,1.5150000000000001,1.5274999999999999,2022,310,5993.0,651.9494780368872
406,Campaspe,21370,365,2.0,1.0,1.0,2.123333333333333,85.25333333333333,2.8583333333333334,31.51333333333333,1.7233333333333334,23.956666666666667,2022,3230,38125.0,736.568108320804
407,Cardinia,21450,440,4.0,2.0,2.0,5.383333333333334,22.023333333333333,9.581666666666669,28.65833333333333,3.0933333333333333,5.213333333333334,2022,6295,297735.0,908.6643617287368
408,Casey,21610,450,4.0,2.0,2.0,8.618333333333332,11.049166666666668,7.9825,24.825,2.7666666666666666,4.0375,2022,19617,642740.0,851.7863655447924
409,Central Goldfields,21670,315,3.0,1.0,1.0,3.450833333333333,23.94,3.043333333333333,47.11666666666667,2.7975000000000003,2.4433333333333334,2022,1126,13752.0,522.3143822400309
410,Colac Otway,21750,395,3.0,1.0,1.0,64.885,46.165,64.80666666666667,45.361666666666665,2.6925,3.625,2022,1615,21660.0,728.8303662260919
411,Corangamite,21830,340,2.0,1.0,1.0,1.28,86.32833333333333,33.95666666666667,18.27833333333333,1.8033333333333332,1.39,2022,840,16105.0,658.6443647885887
412,Darebin,21890,415,2.0,1.0,1.0,3.2583333333333333,10.29,6.891666666666667,8.883333333333333,1.975,2.3366666666666664,2022,12391,263735.0,1154.3289433678112
413,East Gippsland,22110,390,3.0,1.0,2.0,21.3525,64.52250000000001,20.513333333333332,88.02583333333332,3.7058333333333335,10.079166666666666,2022,4953,48687.0,
414,Frankston,22170,440,3.0,2.0,2.0,6.343333333333334,19.916666666666668,6.726666666666668,22.41166666666667,2.8583333333333334,3.745,2022,11714,150070.0,849.8102475934477
415,Gannawarra,22250,260,2.0,1.0,1.0,40.975,102.725,49.443333333333335,inf,1.5733333333333337,1.9383333333333328,2022,796,10425.0,624.529606080759
416,Glen Eira,22310,450,2.0,1.0,1.0,2.455,10.978333333333332,7.61,5.993333333333334,1.4333333333333331,1.856666666666667,2022,6545,166230.0,1023.9523266985782
417,Glenelg,22410,350,3.0,1.0,2.0,81.26333333333332,68.5625,5.911666666666667,22.472500000000004,2.7866666666666666,4.8575,2022,1717,19591.0,677.5489237200676
418,Golden Plains,22490,480,4.0,2.0,2.0,31.741666666666667,58.59333333333333,29.55333333333333,63.49333333333333,4.71,17.07,2022,593,25653.0,837.4574267562781
419,Greater Bendigo,22620,400,3.0,1.0,1.0,5.6325,40.63916666666667,6.758333333333333,6.826666666666666,2.4758333333333336,4.754166666666666,2022,10218,122965.0,742.575864889534
420,Greater Dandenong,22670,380,3.0,1.0,1.0,4.246666666666667,7.838333333333334,5.078333333333333,5.051666666666667,1.721666666666667,2.521666666666667,2022,15514,255277.0,630.8368761652201
421,Greater Geelong,22750,440,3.0,2.0,2.0,7.220833333333333,54.4425,8.0725,51.90833333333333,2.5058333333333334,3.8708333333333336,2022,19940,362076.0,845.8264088037722
422,Greater Shepparton,22830,380,3.0,1.0,1.0,6.151666666666667,31.096666666666668,8.055,7.955,2.165,7.818333333333333,2022,8742,94088.0,651.571505042343
423,Hepburn,22910,390,3.0,1.0,1.0,27.435,30.91,39.37166666666667,28.40333333333333,2.5933333333333333,3.691666666666667,2022,545,17706.0,654.4363178732143
424,Hindmarsh,22980,250,3.0,1.0,2.0,2.746666666666667,49.973333333333336,54.10333333333333,26.211666666666662,1.4316666666666669,26.841666666666665,2022,442,6731.0,692.9443050553156
425,Hobsons Bay,23110,438,3.0,1.0,2.0,3.0683333333333334,4.95,7.458333333333333,8.75,1.6333333333333333,2.998333333333333,2022,5883,95670.0,993.9830033546526
426,Horsham,23190,340,3.0,1.0,1.0,3.455,59.575,4.13,28.85333333333333,2.9916666666666667,25.506666666666668,2022,2339,20307.0,798.8333791627524
427,Hume,23270,419,3.0,2.0,2.0,7.764166666666666,28.221666666666664,7.359166666666667,21.550833333333333,2.6325000000000003,5.137499999999999,2022,17873,376865.0,886.459434390504
428,Indigo,23350,400,3.0,1.0,1.0,22.205,47.263333333333335,32.87,60.71666666666667,1.63,2.53,2022,674,16999.0,760.9273198194645
429,Kingston (Vic.),23430,455,3.0,1.0,1.0,2.8116666666666665,14.413333333333332,8.561666666666667,17.63,2.015,3.3316666666666666,2022,9454,174776.0,878.1667981642972
430,Knox,23670,450,3.0,2.0,2.0,7.406666666666666,10.496666666666666,6.748333333333333,7.823333333333333,2.3,3.4650000000000003,2022,9520,169652.0,818.9757839950352
431,Latrobe (Vic.),23810,350,3.0,1.0,1.0,4.533333333333333,16.270833333333336,5.307500000000001,45.185,2.2691666666666666,3.8674999999999997,2022,10995,105254.0,692.973770587733
432,Loddon,23940,310,3.0,1.0,2.0,22.596666666666668,65.99333333333333,38.91666666666666,34.580000000000005,8.81,25.956666666666667,2022,510,6978.0,569.7767652232164
433,Macedon Ranges,24130,480,4.0,2.0,2.0,9.605,38.78833333333333,19.285,33.038333333333334,2.0266666666666664,2.931666666666666,2022,1894,52673.0,806.3973858588009
434,Manningham,24210,495,3.0,2.0,2.0,9.175,6.0633333333333335,5.326666666666667,5.363333333333333,2.17,2.425,2022,3826,131676.0,769.4243713100087
435,Mansfield,24250,475,3.0,1.5,2.0,62.12833333333334,95.16333333333333,9.128333333333332,137.59750000000003,3.215833333333333,8.849166666666669,2022,447,9882.0,753.0320554594068
436,Maribyrnong,24330,400,2.0,1.0,1.0,3.228333333333333,7.721666666666667,3.355,13.851666666666668,1.7383333333333333,2.2783333333333333,2022,8701,102216.0,785.0914599816663
437,Maroondah,24410,440,3.0,2.0,2.0,3.99,9.695,5.401666666666667,10.828333333333337,2.975,2.5733333333333333,2022,7302,124834.0,866.0020143663334
438,Melbourne,24600,460,2.0,1.0,0.0,2.2666666666666666,6.266666666666667,2.1733333333333333,5.17,1.53,0.93,2022,34461,451383.0,743.5561581665962
439,Melton,24650,400,4.0,2.0,2.0,8.060833333333333,18.739166666666666,8.041666666666666,29.7075,3.2616666666666667,5.3950000000000005,2022,12082,373101.0,1066.8235073330684
440,Merri-bek,24700,420,2.0,1.0,1.0,2.953333333333333,4.3566666666666665,4.343333333333334,4.366666666666666,1.7633333333333332,1.6983333333333337,2022,11518,318545.0,1325.436166810781
441,Mildura,24780,350,3.0,1.0,2.0,inf,inf,6.203333333333333,inf,2.2908333333333335,3.6116666666666664,2022,6901,57362.0,823.9270006397084
442,Mitchell,24850,400,4.0,2.0,2.0,8.263333333333334,23.97,24.558333333333334,35.75333333333333,3.66,7.193333333333333,2022,3485,49385.0,766.1666558155489
443,Moira,24900,380,3.0,1.0,2.0,47.19666666666667,47.67166666666667,14.746666666666666,59.89,2.066666666666667,33.04666666666667,2022,2142,30567.0,629.0042096360809
444,Monash,24970,470,3.0,2.0,1.0,3.733333333333333,15.915,5.29,5.816666666666666,2.253333333333333,2.8266666666666667,2022,11165,249874.0,991.0110520599754
445,Moonee Valley,25060,410,2.0,1.0,1.0,3.6775,7.223333333333333,5.380000000000001,10.993333333333332,1.8841666666666663,2.845833333333333,2022,7845,200090.0,1140.0478089219596
446,Moorabool,25150,410,3.0,2.0,2.0,5.985,30.9,16.125,22.62833333333333,4.135,5.416666666666667,2022,2041,36835.0,803.0673184695135
447,Mornington Peninsula,25340,525,3.0,2.0,2.0,25.41916666666667,19.123333333333335,11.191666666666666,22.122500000000002,3.635,4.381666666666667,2022,8845,204430.0,735.2935672025493
448,Mount Alexander,25430,443,3.0,1.0,2.0,6.141666666666667,8.216666666666667,26.641666666666666,8.09,1.9766666666666663,20.2,2022,951,20401.0,708.6555247475037
449,Moyne,25490,400,3.0,1.0,1.0,29.15666666666667,75.18166666666666,36.32666666666667,21.45,1.585,10.601666666666668,2022,778,16988.0,804.6731549053629
450,Murrindindi,25620,340,3.0,1.0,1.0,47.72833333333333,46.70166666666667,41.59666666666667,47.43333333333333,3.915,21.633333333333333,2022,815,14977.0,670.3769402058374
451,Nillumbik,25710,470,3.0,1.5,2.0,6.274166666666666,16.585833333333333,13.6325,21.63083333333333,2.743333333333333,3.5858333333333334,2022,2155,66779.0,1023.8101037121755
452,Northern Grampians,25810,300,1.5,1.0,1.0,2.8175,4.9725,29.383333333333333,79.70666666666665,1.0741666666666667,3.7591666666666663,2022,1050,11313.0,623.8814813457465
453,Port Phillip,25900,450,2.0,1.0,1.0,4.2,10.71,7.611666666666666,9.503333333333334,1.7816666666666667,1.9883333333333333,2022,12006,156156.0,1389.298697221676
454,Pyrenees,25990,330,3.0,1.0,2.0,26.756666666666668,2.881666666666667,26.063333333333333,54.88166666666667,2.393333333333333,1.595,2022,433,8037.0,529.3811479657647
455,Queenscliffe,26080,410,2.5,1.0,1.0,34.780833333333334,79.53833333333333,19.464999999999996,74.68333333333334,1.77,4.711666666666667,2022,137,,
456,South Gippsland,26170,370,3.0,1.0,1.0,51.63666666666667,45.79166666666666,21.696666666666665,72.44999999999999,2.7575,3.8525,2022,1648,30702.0,646.5214082998718
457,Southern Grampians,26260,300,2.0,1.0,1.0,78.795,21.697499999999998,2.5116666666666667,46.4575,1.8816666666666666,2.7316666666666665,2022,1157,16138.0,719.6105189648729
458,Stonnington,26350,450,2.0,1.0,1.0,2.118333333333333,6.081666666666666,3.755,7.196666666666667,1.93,1.87,2022,10351,157293.0,1429.6885026366217
459,Strathbogie,26430,380,2.0,1.0,1.0,2.3241666666666663,62.64083333333333,38.41416666666667,44.99916666666667,0.6100000000000001,10.007499999999999,2022,710,11044.0,641.9670996801187
460,Surf Coast,26490,540,3.0,2.0,2.0,16.1,55.13166666666667,18.351666666666667,54.0,2.9016666666666664,4.433333333333334,2022,1350,35215.0,875.6267568144544
461,Swan Hill,26610,310,3.0,2.0,2.0,5.001666666666667,inf,4.6675,62.427499999999995,2.265833333333333,4.618333333333333,2022,2438,20891.0,633.2696941172031
462,Towong,26670,375,3.0,1.0,1.5,73.28083333333333,inf,70.29583333333333,27.31083333333333,9.010833333333332,8.574166666666667,2022,183,6118.0,723.7654948143686
463,Wangaratta,26700,380,3.0,1.0,2.0,6.508333333333333,45.6825,4.955,70.32166666666667,2.4375,4.909166666666667,2022,2366,29750.0,735.7958598093711
464,Warrnambool,26730,420,2.0,1.0,1.0,5.256666666666666,80.49833333333332,3.7233333333333336,36.318333333333335,2.055,3.558333333333333,2022,3118,36732.0,790.3151500209556
465,Wellington,26810,385,3.0,1.0,1.0,11.807499999999997,57.26833333333333,15.425833333333333,32.516666666666666,2.275833333333334,2.4074999999999998,2022,4277,44812.0,565.6717569637166
466,West Wimmera,26890,230,1.0,1.0,0.0,78.16166666666666,inf,76.20666666666666,98.705,1.4766666666666666,0.1966666666666666,2022,194,2635.0,732.3387901864234
467,Whitehorse,26980,450,2.0,2.0,1.0,4.331666666666666,9.073333333333332,7.393333333333333,6.623333333333333,2.2983333333333333,2.731666666666667,2022,7243,190824.0,943.9777639050527
468,Whittlesea,27070,410,3.0,2.0,2.0,6.009166666666667,18.79083333333333,7.528333333333332,22.594166666666666,2.6833333333333336,3.720833333333333,2022,12507,362302.0,774.1015370367218
469,Wodonga,27170,418,3.0,2.0,2.0,10.3,inf,5.999166666666666,81.85333333333334,2.840833333333333,3.9233333333333333,2022,3634,72976.0,783.3290305308769
470,Wyndham,27260,400,4.0,2.0,2.0,6.44,12.3025,7.693333333333333,13.7425,2.543333333333333,3.6516666666666664,2022,15926,654242.0,756.7195590146104
471,Yarra,27350,525,2.0,1.0,1.0,3.283333333333333,6.468333333333334,4.3100000000000005,4.795,1.6033333333333333,1.3716666666666666,2022,11379,150031.0,1419.8031869680835
472,Yarra Ranges,27450,470,3.0,2.0,2.0,4.25,15.48166666666667,6.949166666666667,9.9325,2.348333333333333,3.7991666666666664,2022,7168,164873.0,558.0838001842433
473,Yarriambiack,27630,300,3.0,1.0,1.0,30.82333333333333,60.44416666666666,42.76166666666666,31.72333333333333,1.6749999999999998,3.178333333333333,2022,418,6389.0,654.6440262220459
474,Alpine,20110,300.0,2.0,1.0,2.0,46.42833333333333,5.346666666666667,38.88,29.88833333333333,2.5266666666666664,2.4466666666666668,2023,444,13497.0,853.4241011183478
475,Ararat,20260,400.0,3.0,1.0,1.0,2.428333333333333,28.92833333333333,2.536666666666666,inf,1.4333333333333331,3.033333333333333,2023,1426,11853.0,735.9034046254453
476,Ballarat,20570,410.0,3.0,2.0,2.0,7.341666666666667,9.785,6.483333333333333,24.81,2.235,4.776666666666667,2023,11097,166933.0,940.3460521427304
477,Banyule,20660,550.0,3.0,1.0,1.0,2.8766666666666665,11.215,9.528333333333334,5.3533333333333335,1.76,2.6300000000000003,2023,7954,137625.0,783.0112115710322
478,Bass Coast,20740,445.0,3.0,2.0,2.0,86.87666666666667,32.528333333333336,23.363333333333333,39.832499999999996,3.9041666666666663,7.3774999999999995,2023,2929,38757.0,690.6685725229515
479,Baw Baw,20830,437.5,3.0,1.5,2.0,3.881666666666667,59.81916666666667,11.004999999999999,16.663333333333334,2.1516666666666664,4.200833333333334,2023,4180,58305.0,768.2014990885917
480,Bayside (Vic.),20910,900.0,3.0,2.0,2.0,3.425,10.456666666666669,10.056666666666668,11.656666666666666,1.9883333333333333,3.0966666666666667,2023,5152,112969.0,1123.0275043479344
481,Benalla,21010,415.0,3.0,1.0,2.0,5.829166666666667,64.25166666666667,33.57333333333334,53.2325,2.005,5.136666666666667,2023,1436,14061.0,694.0549983505385
482,Boroondara,21110,695.0,3.0,2.0,2.0,2.958333333333333,7.47,5.25,8.808333333333334,1.4533333333333334,2.0983333333333336,2023,7236,249952.0,1086.709562559601
483,Brimbank,21180,440.0,3.0,1.0,1.0,4.4,16.438333333333333,5.04,10.2,2.125,3.28,2023,17310,261474.0,812.0535742704438
484,Buloke,21270,255.0,2.5,1.0,1.0,62.62833333333333,56.28,68.6525,73.37333333333333,1.5150000000000001,1.5274999999999999,2023,392,5948.0,687.7639513148376
485,Campaspe,21370,420.0,2.0,1.0,1.0,2.123333333333333,85.25333333333333,2.8583333333333334,31.51333333333333,1.7233333333333334,23.956666666666667,2023,3662,38146.0,760.9152569358872
486,Cardinia,21450,530.0,4.0,2.0,2.0,5.383333333333334,22.023333333333333,9.581666666666669,28.65833333333333,3.0933333333333333,5.213333333333334,2023,6832,310435.0,949.0470370987272
487,Casey,21610,535.0,4.0,2.0,2.0,8.618333333333332,11.049166666666668,7.9825,24.825,2.7666666666666666,4.0375,2023,21435,669987.0,884.8048933268374
488,Central Goldfields,21670,335.0,3.0,1.0,1.0,3.450833333333333,23.94,3.043333333333333,47.11666666666667,2.7975000000000003,2.4433333333333334,2023,1128,13809.0,533.8792835514386
489,Colac Otway,21750,380.0,3.0,1.0,1.0,64.885,46.165,64.80666666666667,45.361666666666665,2.6925,3.625,2023,1503,21697.0,757.7656244411687
490,Corangamite,21830,360.0,2.0,1.0,1.0,1.28,86.32833333333333,33.95666666666667,18.27833333333333,1.8033333333333332,1.39,2023,654,16075.0,685.3276449727703
491,Darebin,21890,525.0,2.0,1.0,1.0,3.2583333333333333,10.29,6.891666666666667,8.883333333333333,1.975,2.3366666666666664,2023,13135,268366.0,1213.5476407073293
492,East Gippsland,22110,430.0,3.0,1.0,2.0,21.3525,64.52250000000001,20.513333333333332,88.02583333333332,3.7058333333333335,10.079166666666666,2023,4858,49106.0,
493,Frankston,22170,500.0,3.0,2.0,2.0,6.343333333333334,19.916666666666668,6.726666666666668,22.41166666666667,2.8583333333333334,3.745,2023,13196,151924.0,883.9381357586743
494,Gannawarra,22250,280.0,2.0,1.0,1.0,40.975,102.725,49.443333333333335,inf,1.5733333333333337,1.9383333333333328,2023,835,10385.0,648.9804140954875
495,Glen Eira,22310,650.0,2.0,1.0,1.0,2.455,10.978333333333332,7.61,5.993333333333334,1.4333333333333331,1.856666666666667,2023,7097,169089.0,1080.9055333519916
496,Glenelg,22410,380.0,3.0,1.0,2.0,81.26333333333332,68.5625,5.911666666666667,22.472500000000004,2.7866666666666666,4.8575,2023,1631,19553.0,704.0989939175184
497,Golden Plains,22490,600.0,4.0,2.0,2.0,31.741666666666667,58.59333333333333,29.55333333333333,63.49333333333333,4.71,17.07,2023,686,26240.0,874.4824708594101
498,Greater Bendigo,22620,455.0,3.0,1.0,1.0,5.6325,40.63916666666667,6.758333333333333,6.826666666666666,2.4758333333333336,4.754166666666666,2023,10994,124648.0,774.4647684219657
499,Greater Dandenong,22670,480.0,3.0,1.0,1.0,4.246666666666667,7.838333333333334,5.078333333333333,5.051666666666667,1.721666666666667,2.521666666666667,2023,18071,261061.0,658.8661661090948
500,Greater Geelong,22750,490.0,3.0,2.0,2.0,7.220833333333333,54.4425,8.0725,51.90833333333333,2.5058333333333334,3.8708333333333336,2023,20795,368577.0,895.3971387107459
501,Greater Shepparton,22830,440.0,3.0,1.0,1.0,6.151666666666667,31.096666666666668,8.055,7.955,2.165,7.818333333333333,2023,9099,94945.0,669.6300097525931
502,Hepburn,22910,440.0,3.0,1.0,1.0,27.435,30.91,39.37166666666667,28.40333333333333,2.5933333333333333,3.691666666666667,2023,659,17799.0,681.9855002411637
503,Hindmarsh,22980,300.0,3.0,1.0,2.0,2.746666666666667,49.973333333333336,54.10333333333333,26.211666666666662,1.4316666666666669,26.841666666666665,2023,287,6697.0,729.74439195835
504,Hobsons Bay,23110,520.0,3.0,1.0,2.0,3.0683333333333334,4.95,7.458333333333333,8.75,1.6333333333333333,2.998333333333333,2023,5838,96856.0,1045.5049851406723
505,Horsham,23190,400.0,3.0,1.0,1.0,3.455,59.575,4.13,28.85333333333333,2.9916666666666667,25.506666666666668,2023,2492,20355.0,833.0741092226916
506,Hume,23270,480.0,3.0,2.0,2.0,7.764166666666666,28.221666666666664,7.359166666666667,21.550833333333333,2.6325000000000003,5.137499999999999,2023,17975,391308.0,924.4827397881558
507,Indigo,23350,480.0,3.0,1.0,1.0,22.205,47.263333333333335,32.87,60.71666666666667,1.63,2.53,2023,732,17096.0,788.8424878033155
508,Kingston (Vic.),23430,580.0,3.0,1.0,1.0,2.8116666666666665,14.413333333333332,8.561666666666667,17.63,2.015,3.3316666666666666,2023,10951,177443.0,911.5566494067772
509,Knox,23670,550.0,3.0,2.0,2.0,7.406666666666666,10.496666666666666,6.748333333333333,7.823333333333333,2.3,3.4650000000000003,2023,9515,171173.0,853.3350315143542
510,Latrobe (Vic.),23810,370.0,3.0,1.0,1.0,4.533333333333333,16.270833333333336,5.307500000000001,45.185,2.2691666666666666,3.8674999999999997,2023,11559,105779.0,718.881207668533
511,Loddon,23940,320.0,3.0,1.0,2.0,22.596666666666668,65.99333333333333,38.91666666666666,34.580000000000005,8.81,25.956666666666667,2023,463,6955.0,589.1933978007846
512,Macedon Ranges,24130,550.0,4.0,2.0,2.0,9.605,38.78833333333333,19.285,33.038333333333334,2.0266666666666664,2.931666666666666,2023,2172,53476.0,843.4199013228377
513,Manningham,24210,620.0,3.0,2.0,2.0,9.175,6.0633333333333335,5.326666666666667,5.363333333333333,2.17,2.425,2023,4140,133047.0,801.1013033366742
514,Mansfield,24250,485.0,3.0,1.5,2.0,62.12833333333334,95.16333333333333,9.128333333333332,137.59750000000003,3.215833333333333,8.849166666666669,2023,400,10028.0,785.3978899576442
515,Maribyrnong,24330,525.0,2.0,1.0,1.0,3.228333333333333,7.721666666666667,3.355,13.851666666666668,1.7383333333333333,2.2783333333333333,2023,8686,104784.0,847.8247600222068
516,Maroondah,24410,550.0,3.0,2.0,2.0,3.99,9.695,5.401666666666667,10.828333333333337,2.975,2.5733333333333333,2023,7628,126609.0,894.93972420829
517,Melbourne,24600,650.0,2.0,1.0,0.0,2.2666666666666666,6.266666666666667,2.1733333333333333,5.17,1.53,0.93,2023,34372,465314.0,847.9689575881415
518,Melton,24650,450.0,4.0,2.0,2.0,8.060833333333333,18.739166666666666,8.041666666666666,29.7075,3.2616666666666667,5.3950000000000005,2023,12154,388311.0,1144.9822895356433
519,Merri-bek,24700,525.0,2.0,1.0,1.0,2.953333333333333,4.3566666666666665,4.343333333333334,4.366666666666666,1.7633333333333332,1.6983333333333337,2023,12404,325824.0,1412.203402162425
520,Mildura,24780,390.0,3.0,1.0,2.0,inf,inf,6.203333333333333,inf,2.2908333333333335,3.6116666666666664,2023,7610,57760.0,863.6840997241043
521,Mitchell,24850,440.0,4.0,2.0,2.0,8.263333333333334,23.97,24.558333333333334,35.75333333333333,3.66,7.193333333333333,2023,3953,50641.0,796.4875773182928
522,Moira,24900,450.0,3.0,1.0,2.0,47.19666666666667,47.67166666666667,14.746666666666666,59.89,2.066666666666667,33.04666666666667,2023,2218,30713.0,652.8816761384667
523,Monash,24970,600.0,3.0,2.0,1.0,3.733333333333333,15.915,5.29,5.816666666666666,2.253333333333333,2.8266666666666667,2023,12175,254139.0,1050.3774388288978
524,Moonee Valley,25060,550.0,2.0,1.0,1.0,3.6775,7.223333333333333,5.380000000000001,10.993333333333332,1.8841666666666663,2.845833333333333,2023,7692,203499.0,1203.4342653960748
525,Moorabool,25150,440.0,3.0,2.0,2.0,5.985,30.9,16.125,22.62833333333333,4.135,5.416666666666667,2023,2185,37478.0,837.5546986932661
526,Mornington Peninsula,25340,550.0,3.0,2.0,2.0,25.41916666666667,19.123333333333335,11.191666666666666,22.122500000000002,3.635,4.381666666666667,2023,9768,207277.0,761.4882112245773
527,Mount Alexander,25430,450.0,3.0,1.0,2.0,6.141666666666667,8.216666666666667,26.641666666666666,8.09,1.9766666666666663,20.2,2023,975,20533.0,735.2747478113614
528,Moyne,25490,440.0,3.0,1.0,1.0,29.15666666666667,75.18166666666666,36.32666666666667,21.45,1.585,10.601666666666668,2023,593,17105.0,842.0011524386869
529,Murrindindi,25620,390.0,3.0,1.0,1.0,47.72833333333333,46.70166666666667,41.59666666666667,47.43333333333333,3.915,21.633333333333333,2023,745,15108.0,698.9195053806235
530,Nillumbik,25710,550.0,3.0,1.5,2.0,6.274166666666666,16.585833333333333,13.6325,21.63083333333333,2.743333333333333,3.5858333333333334,2023,1609,67188.0,1065.2308216088777
531,Northern Grampians,25810,217.5,1.5,1.0,1.0,2.8175,4.9725,29.383333333333333,79.70666666666665,1.0741666666666667,3.7591666666666663,2023,967,11261.0,651.9733714676097
532,Port Phillip,25900,625.0,2.0,1.0,1.0,4.2,10.71,7.611666666666666,9.503333333333334,1.7816666666666667,1.9883333333333333,2023,13015,159326.0,1427.626383211425
533,Pyrenees,25990,350.0,3.0,1.0,2.0,26.756666666666668,2.881666666666667,26.063333333333333,54.88166666666667,2.393333333333333,1.595,2023,400,8067.0,543.1093019797498
534,Queenscliffe,26080,420.0,2.5,1.0,1.0,34.780833333333334,79.53833333333333,19.464999999999996,74.68333333333334,1.77,4.711666666666667,2023,56,,
535,South Gippsland,26170,400.0,3.0,1.0,1.0,51.63666666666667,45.79166666666666,21.696666666666665,72.44999999999999,2.7575,3.8525,2023,2039,30906.0,675.2664481260898
536,Southern Grampians,26260,315.0,2.0,1.0,1.0,78.795,21.697499999999998,2.5116666666666667,46.4575,1.8816666666666666,2.7316666666666665,2023,1194,16115.0,747.2428557069172
537,Stonnington,26350,650.0,2.0,1.0,1.0,2.118333333333333,6.081666666666666,3.755,7.196666666666667,1.93,1.87,2023,11310,160822.0,1501.8436550854854
538,Strathbogie,26430,350.0,2.0,1.0,1.0,2.3241666666666663,62.64083333333333,38.41416666666667,44.99916666666667,0.6100000000000001,10.007499999999999,2023,543,11146.0,663.6421208884113
539,Surf Coast,26490,595.0,3.0,2.0,2.0,16.1,55.13166666666667,18.351666666666667,54.0,2.9016666666666664,4.433333333333334,2023,1060,35986.0,928.2351298418884
540,Swan Hill,26610,435.0,3.0,2.0,2.0,5.001666666666667,inf,4.6675,62.427499999999995,2.265833333333333,4.618333333333333,2023,2120,20870.0,648.9166755457863
541,Towong,26670,520.0,3.0,1.0,1.5,73.28083333333333,inf,70.29583333333333,27.31083333333333,9.010833333333332,8.574166666666667,2023,174,6134.0,761.3902492498369
542,Wangaratta,26700,425.0,3.0,1.0,2.0,6.508333333333333,45.6825,4.955,70.32166666666667,2.4375,4.909166666666667,2023,2542,29904.0,764.6829764302425
543,Warrnambool,26730,450.0,2.0,1.0,1.0,5.256666666666666,80.49833333333332,3.7233333333333336,36.318333333333335,2.055,3.558333333333333,2023,3017,37062.0,821.8395215166388
544,Wellington,26810,400.0,3.0,1.0,1.0,11.807499999999997,57.26833333333333,15.425833333333333,32.516666666666666,2.275833333333334,2.4074999999999998,2023,4448,45004.0,556.494846306814
545,West Wimmera,26890,240.0,1.0,1.0,0.0,78.16166666666666,inf,76.20666666666666,98.705,1.4766666666666666,0.1966666666666666,2023,131,2615.0,768.3669106185017
546,Whitehorse,26980,595.0,2.0,2.0,1.0,4.331666666666666,9.073333333333332,7.393333333333333,6.623333333333333,2.2983333333333333,2.731666666666667,2023,8358,193913.0,990.1044652746483
547,Whittlesea,27070,490.0,3.0,2.0,2.0,6.009166666666667,18.79083333333333,7.528333333333332,22.594166666666666,2.6833333333333336,3.720833333333333,2023,12943,377971.0,817.5077621318078
548,Wodonga,27170,450.0,3.0,2.0,2.0,10.3,inf,5.999166666666666,81.85333333333334,2.840833333333333,3.9233333333333333,2023,3750,74233.0,804.1996986532681
549,Wyndham,27260,480.0,4.0,2.0,2.0,6.44,12.3025,7.693333333333333,13.7425,2.543333333333333,3.6516666666666664,2023,18155,685662.0,782.2738948022765
550,Yarra,27350,650.0,2.0,1.0,1.0,3.283333333333333,6.468333333333334,4.3100000000000005,4.795,1.6033333333333333,1.3716666666666666,2023,13415,153858.0,1488.8043498705515
551,Yarra Ranges,27450,535.0,3.0,2.0,2.0,4.25,15.48166666666667,6.949166666666667,9.9325,2.348333333333333,3.7991666666666664,2023,7130,166556.0,576.7732000520118
552,Yarriambiack,27630,357.5,3.0,1.0,1.0,30.82333333333333,60.44416666666666,42.76166666666666,31.72333333333333,1.6749999999999998,3.178333333333333,2023,436,6338.0,686.7929504298248
