LGA_CODE_2021,D_18_20_FPULPTW_MPTLF,D_18_20_FPULPTW_MPNLF,D_18_20_FPULPTW_MPLFSNS,D_18_20_FPULPTW_T,D_18_20_FPUT_MPEFT,D_18_20_FPUT_MPEPT,D_18_20_FPUT_MPEAW,D_18_20_FPUT_MPEHNS,D_18_20_FPUT_MPET,D_18_20_FPUT_MPULFTW,D_18_20_FPUT_MPULPTW,D_18_20_FPUT_MPUT,D_18_20_FPUT_MPTLF,D_18_20_FPUT_MPNLF,D_18_20_FPUT_MPLFSNS,D_18_20_FPUT_T,D_18_20_FPTLF_MPEFT,D_18_20_FPTLF_MPEPT,D_18_20_FPTLF_MPEAW,D_18_20_FPTLF_MPEHNS,D_18_20_FPTLF_MPET,D_18_20_FPTLF_MPULFTW,D_18_20_FPTLF_MPULPTW,D_18_20_FPTLF_MPUT,D_18_20_FPTLF_MPTLF,D_18_20_FPTLF_MPNLF,D_18_20_FPTLF_MPLFSNS,D_18_20_FPTLF_T,D_18_20_FPNLF_MPEFT,D_18_20_FPNLF_MPEPT,D_18_20_FPNLF_MPEAW,D_18_20_FPNLF_MPEHNS,D_18_20_FPNLF_MPET,D_18_20_FPNLF_MPULFTW,D_18_20_FPNLF_MPULPTW,D_18_20_FPNLF_MPUT,D_18_20_FPNLF_MPTLF,D_18_20_FPNLF_MPNLF,D_18_20_FPNLF_MPLFSNS,D_18_20_FPNLF_T,D_18_20_FPLFSNS_MPEFT,D_18_20_FPLFSNS_MPEPT,D_18_20_FPLFSNS_MPEAW,D_18_20_FPLFSNS_MPEHNS,D_18_20_FPLFSNS_MPET,D_18_20_FPLFSNS_MPULFTW,D_18_20_FPLFSNS_MPULPTW,D_18_20_FPLFSNS_MPUT,D_18_20_FPLFSNS_MPTLF,D_18_20_FPLFSNS_MPNLF,D_18_20_FPLFSNS_MPLFSNS,D_18_20_FPLFSNS_T,D_18_20_FPT_MPEFT,D_18_20_FPT_MPEPT,D_18_20_FPT_MPEAW,D_18_20_FPT_MPEHNS,D_18_20_FPT_MPET,D_18_20_FPT_MPULFTW,D_18_20_FPT_MPULPTW,D_18_20_FPT_MPUT,D_18_20_FPT_MPTLF,D_18_20_FPT_MPNLF,D_18_20_FPT_MPLFSNS,D_18_20_FPT_T,D_21_24_FPEFT_MPEFT,D_21_24_FPEFT_MPEPT,D_21_24_FPEFT_MPEAW,D_21_24_FPEFT_MPEHNS,D_21_24_FPEFT_MPET,D_21_24_FPEFT_MPULFTW,D_21_24_FPEFT_MPULPTW,D_21_24_FPEFT_MPUT,D_21_24_FPEFT_MPTLF,D_21_24_FPEFT_MPNLF,D_21_24_FPEFT_MPLFSNS,D_21_24_FPEFT_T,D_21_24_FPEPT_MPEFT,D_21_24_FPEPT_MPEPT,D_21_24_FPEPT_MPEAW,D_21_24_FPEPT_MPEHNS,D_21_24_FPEPT_MPET,D_21_24_FPEPT_MPULFTW,D_21_24_FPEPT_MPULPTW,D_21_24_FPEPT_MPUT,D_21_24_FPEPT_MPTLF,D_21_24_FPEPT_MPNLF,D_21_24_FPEPT_MPLFSNS,D_21_24_FPEPT_T,D_21_24_FPEAW_MPEFT,D_21_24_FPEAW_MPEPT,D_21_24_FPEAW_MPEAW,D_21_24_FPEAW_MPEHNS,D_21_24_FPEAW_MPET,D_21_24_FPEAW_MPULFTW,D_21_24_FPEAW_MPULPTW,D_21_24_FPEAW_MPUT,D_21_24_FPEAW_MPTLF,D_21_24_FPEAW_MPNLF,D_21_24_FPEAW_MPLFSNS,D_21_24_FPEAW_T,D_21_24_FPHNS_MPEFT,D_21_24_FPHNS_MPEPT,D_21_24_FPHNS_MPEAW,D_21_24_FPHNS_MPEHNS,D_21_24_FPHNS_MPET,D_21_24_FPHNS_MPULFTW,D_21_24_FPHNS_MPULPTW,D_21_24_FPHNS_MPUT,D_21_24_FPHNS_MPTLF,D_21_24_FPHNS_MPNLF,D_21_24_FPHNS_MPLFSNS,D_21_24_FPHNS_T,D_21_24_FPET_MPEFT,D_21_24_FPET_MPEPT,D_21_24_FPET_MPEAW,D_21_24_FPET_MPEHNS,D_21_24_FPET_MPET,D_21_24_FPET_MPULFTW,D_21_24_FPET_MPULPTW,D_21_24_FPET_MPUT,D_21_24_FPET_MPTLF,D_21_24_FPET_MPNLF,D_21_24_FPET_MPLFSNS,D_21_24_FPET_T,D_21_24_FPULFTW_MPEFT,D_21_24_FPULFTW_MPEPT,D_21_24_FPULFTW_MPEAW,D_21_24_FPULFTW_MPEHNS,D_21_24_FPULFTW_MPET,D_21_24_FPULFTW_MPULFTW,D_21_24_FPULFTW_MPULPTW,D_21_24_FPULFTW_MPUT,D_21_24_FPULFTW_MPTLF,D_21_24_FPULFTW_MPNLF,D_21_24_FPULFTW_MPLFSNS,D_21_24_FPULFTW_T,D_21_24_FPULPTW_MPEFT,D_21_24_FPULPTW_MPEPT,D_21_24_FPULPTW_MPEAW,D_21_24_FPULPTW_MPEHNS,D_21_24_FPULPTW_MPET,D_21_24_FPULPTW_MPULFTW,D_21_24_FPULPTW_MPULPTW,D_21_24_FPULPTW_MPUT,D_21_24_FPULPTW_MPTLF,D_21_24_FPULPTW_MPNLF,D_21_24_FPULPTW_MPLFSNS,D_21_24_FPULPTW_T,D_21_24_FPUT_MPEFT,D_21_24_FPUT_MPEPT,D_21_24_FPUT_MPEAW,D_21_24_FPUT_MPEHNS,D_21_24_FPUT_MPET,D_21_24_FPUT_MPULFTW,D_21_24_FPUT_MPULPTW,D_21_24_FPUT_MPUT,D_21_24_FPUT_MPTLF,D_21_24_FPUT_MPNLF,D_21_24_FPUT_MPLFSNS,D_21_24_FPUT_T,D_21_24_FPTLF_MPEFT,D_21_24_FPTLF_MPEPT,D_21_24_FPTLF_MPEAW,D_21_24_FPTLF_MPEHNS,D_21_24_FPTLF_MPET,D_21_24_FPTLF_MPULFTW,D_21_24_FPTLF_MPULPTW,D_21_24_FPTLF_MPUT,D_21_24_FPTLF_MPTLF,D_21_24_FPTLF_MPNLF,D_21_24_FPTLF_MPLFSNS,D_21_24_FPTLF_T,D_21_24_FPNLF_MPEFT,D_21_24_FPNLF_MPEPT,D_21_24_FPNLF_MPEAW,D_21_24_FPNLF_MPEHNS,D_21_24_FPNLF_MPET,D_21_24_FPNLF_MPULFTW,D_21_24_FPNLF_MPULPTW,D_21_24_FPNLF_MPUT,D_21_24_FPNLF_MPTLF,D_21_24_FPNLF_MPNLF,D_21_24_FPNLF_MPLFSNS,D_21_24_FPNLF_T,D_21_24_FPLFSNS_MPEFT,D_21_24_FPLFSNS_MPEPT,D_21_24_FPLFSNS_MPEAW,D_21_24_FPLFSNS_MPEHNS,D_21_24_FPLFSNS_MPET,D_21_24_FPLFSNS_MPULFTW,D_21_24_FPLFSNS_MPULPTW,D_21_24_FPLFSNS_MPUT,D_21_24_FPLFSNS_MPTLF,D_21_24_FPLFSNS_MPNLF,D_21_24_FPLFSNS_MPLFSNS,D_21_24_FPLFSNS_T,D_21_24_FPT_MPEFT,D_21_24_FPT_MPEPT,D_21_24_FPT_MPEAW,D_21_24_FPT_MPEHNS
LGA20110,0,0,0,0,0,0,0,0,0,0,0,0,0,0,0,0,38,13,0,5,56,0,0,0,56,0,0,56,7,0,0,0,7,0,0,0,7,4,0,6,0,0,0,0,0,0,0,0,0,0,0,0,44,13,0,5,58,0,0,0,58,6,0,63,0,0,0,0,5,0,0,0,5,0,0,5,8,5,0,0,13,0,0,0,13,0,0,13,0,0,0,0,0,0,0,0,0,0,0,0,0,0,0,0,0,0,0,0,0,0,0,0,9,4,4,0,19,0,0,0,19,0,0,18,0,0,0,0,0,0,0,0,0,0,0,0,0,0,0,0,0,0,0,0,0,0,0,0,0,0,0,0,0,0,0,0,0,0,0,0,9,4,4,0,19,0,0,0,22,0,0,23,0,0,0,0,0,0,0,0,0,0,0,0,0,0,0,0,0,0,0,0,0,0,0,0,11,4,4,0
LGA20260,0,0,0,0,0,0,0,0,0,0,0,0,0,0,0,0,25,0,0,0,26,0,0,0,26,0,0,26,3,0,0,0,4,0,0,0,4,0,0,4,0,0,0,0,0,0,0,0,0,0,0,0,23,0,0,0,29,0,0,0,29,0,0,29,0,0,0,0,0,0,0,0,4,0,0,4,0,3,0,0,4,0,0,0,4,0,0,4,0,0,0,0,0,0,0,0,0,0,0,0,0,0,0,0,0,0,0,0,0,0,0,0,6,3,0,0,9,0,0,0,8,0,0,8,0,0,0,0,0,0,0,0,0,0,0,0,0,0,0,0,0,0,0,0,0,0,0,0,0,0,0,0,0,0,0,0,0,0,0,0,6,3,0,0,9,0,0,0,8,0,0,8,0,0,0,0,0,0,0,0,0,0,0,0,0,0,0,0,0,0,0,0,0,0,0,0,6,3,0,0
LGA20570,3,0,0,3,6,0,0,0,6,0,0,4,9,0,0,9,557,59,14,0,630,9,0,11,645,31,0,677,74,3,3,0,89,0,0,0,89,7,0,97,0,0,0,0,0,0,0,0,0,0,0,0,639,65,16,7,719,9,0,11,731,37,0,770,81,15,5,0,94,0,0,0,94,3,0,99,87,13,0,0,100,0,4,4,104,6,0,112,10,0,0,0,10,0,0,0,10,0,0,10,3,0,0,6,3,0,0,0,3,0,0,3,178,29,9,6,213,0,4,4,214,12,0,221,0,0,0,0,0,0,0,0,0,0,0,0,0,0,0,0,0,0,0,0,0,0,0,0,0,0,0,0,0,0,0,0,0,0,0,0,181,29,9,6,212,0,4,4,214,12,0,224,23,4,0,0,32,0,0,0,32,16,0,43,0,0,0,0,0,0,0,0,0,0,0,0,202,33,4,6
LGA20660,18,3,0,23,19,0,0,0,27,0,3,7,26,3,0,32,1156,156,35,7,1354,24,10,34,1388,85,3,1469,185,23,0,0,214,3,0,3,214,49,0,266,0,0,0,0,0,0,0,0,0,0,4,4,1334,182,41,9,1564,30,10,36,1601,134,4,1746,257,31,5,0,303,4,4,4,309,34,0,339,289,55,9,0,356,0,3,0,361,27,0,386,16,3,5,0,21,0,0,0,23,11,0,36,0,0,0,5,8,0,0,0,8,0,0,8,569,92,24,4,695,0,8,14,699,66,0,766,4,0,0,0,4,0,0,0,8,0,0,10,6,0,0,0,10,0,0,0,7,0,0,8,13,0,0,0,11,0,0,0,14,0,0,16,583,96,24,4,700,0,5,11,711,69,0,783,115,26,4,0,145,0,0,0,153,35,0,185,0,0,0,0,0,0,0,0,0,0,0,3,694,125,25,11
LGA20740,0,0,0,0,0,0,0,0,0,0,0,0,0,0,0,0,121,23,3,5,149,0,0,0,149,11,0,157,8,0,0,0,8,0,0,0,10,11,0,17,0,0,0,0,0,0,0,0,0,0,0,0,124,23,3,5,155,0,0,0,158,22,0,180,12,6,0,0,17,0,0,0,17,0,0,17,13,7,0,0,22,0,0,0,22,0,0,22,0,0,0,0,3,0,0,0,3,0,0,3,0,0,0,0,0,0,0,0,0,0,0,0,31,9,0,0,45,0,0,0,45,0,0,40,0,0,0,0,0,0,0,0,0,0,0,0,0,0,0,0,0,0,0,0,0,0,0,0,0,0,0,0,0,0,0,0,0,0,0,0,31,9,0,0,45,0,0,0,45,0,0,40,8,3,0,0,7,0,0,0,7,0,0,7,0,0,0,0,0,0,0,0,0,0,0,0,39,15,0,0
LGA20830,0,0,0,5,0,0,0,0,0,0,0,0,0,0,0,3,269,44,5,0,320,0,3,0,319,25,0,341,37,4,7,0,50,0,0,0,50,10,0,62,0,0,0,0,0,0,0,0,0,0,0,0,304,47,12,7,366,3,0,4,373,28,0,402,57,8,0,0,64,0,0,0,64,3,0,73,56,8,0,0,68,0,0,0,68,0,0,70,6,0,0,0,6,0,0,0,6,0,0,6,0,0,0,0,0,0,0,0,0,0,0,3,113,21,0,0,141,0,0,0,141,11,0,148,0,0,0,0,0,0,0,0,0,0,0,0,0,0,0,0,0,0,0,0,0,0,0,0,0,0,0,0,0,0,0,0,0,0,0,0,113,21,0,0,141,0,0,0,141,11,0,148,16,3,0,0,20,0,0,0,20,0,0,22,0,0,0,0,0,0,0,0,0,0,0,0,129,28,0,0
LGA20910,25,0,0,29,37,0,0,0,36,3,0,3,35,0,0,40,1461,190,30,13,1693,32,6,37,1727,90,3,1820,229,45,3,0,283,11,0,10,293,61,0,355,3,0,0,0,3,0,0,0,3,0,6,0,1696,229,38,14,1980,37,5,46,2024,151,3,2176,321,45,9,0,367,0,0,0,369,29,0,399,324,69,11,4,409,0,4,9,418,26,0,439,13,0,4,0,25,0,0,0,24,3,0,24,10,0,0,7,12,0,0,0,12,0,0,10,673,118,18,8,813,6,4,9,819,53,0,878,0,0,0,0,5,0,0,0,4,0,0,4,9,0,0,0,9,0,0,0,9,0,0,9,11,0,0,0,12,0,0,0,19,0,0,19,679,115,18,12,827,6,6,14,834,53,0,891,135,34,0,3,172,4,0,7,178,51,0,225,0,0,0,0,0,0,0,0,0,0,0,7,814,153,21,7
LGA21010,0,0,0,0,0,0,0,0,0,0,0,0,0,0,0,0,36,0,0,3,38,0,0,0,42,0,0,40,7,0,0,0,11,0,0,0,11,5,0,14,0,0,0,0,0,0,0,0,0,0,0,0,38,4,0,3,53,0,0,0,48,5,0,54,6,0,0,0,13,0,0,0,13,0,0,13,0,0,0,0,6,0,0,0,6,0,0,6,0,0,0,0,0,0,0,0,0,0,0,0,0,0,0,0,0,0,0,0,0,0,0,0,13,0,0,0,12,0,0,0,12,0,0,12,0,0,0,0,0,0,0,0,0,0,0,0,0,0,0,0,0,0,0,0,0,0,0,0,0,0,0,0,0,0,0,0,0,0,0,0,13,0,0,0,12,0,0,0,12,0,0,12,0,0,0,0,0,0,0,0,0,0,0,0,0,0,0,0,0,0,0,0,0,0,0,0,12,0,0,0
LGA21110,42,0,0,42,58,9,3,0,62,3,4,6,77,0,0,75,2512,311,34,22,2880,49,14,61,2935,192,4,3133,414,70,11,9,500,7,8,12,510,132,0,649,0,0,0,0,0,0,0,0,0,0,0,0,2926,379,47,31,3377,52,17,74,3447,320,8,3778,638,71,9,5,720,15,3,20,742,59,0,802,561,115,5,3,692,8,4,13,704,58,0,765,38,7,7,0,55,0,0,5,55,9,0,59,0,0,0,4,6,0,0,0,6,0,0,9,1245,194,18,11,1472,27,12,39,1511,124,0,1640,4,3,0,0,8,5,0,5,9,0,0,11,12,5,0,0,15,0,0,5,11,0,0,20,13,9,0,0,23,0,0,4,26,3,0,31,1255,207,18,15,1493,32,14,42,1535,130,0,1665,223,64,9,3,302,9,0,10,310,139,0,454,0,0,0,0,0,0,0,0,0,0,5,5,1484,263,30,19
LGA21180,48,4,0,52,52,27,5,0,81,19,5,20,103,18,0,122,1289,266,35,17,1615,58,13,74,1690,173,7,1866,377,139,15,13,543,34,6,40,582,219,0,804,3,0,0,7,6,0,0,0,6,4,3,11,1671,406,59,35,2167,92,22,111,2281,395,14,2686,336,62,6,5,407,9,0,9,417,34,0,454,271,70,12,7,349,13,9,19,370,63,0,439,22,10,0,0,26,0,0,0,31,3,0,37,4,0,0,11,16,0,0,0,17,0,0,25,631,136,23,18,806,24,8,34,838,105,0,949,18,3,0,0,23,9,0,9,30,3,0,34,17,5,0,0,18,0,3,4,24,5,0,24,32,7,0,0,42,11,3,11,55,11,0,63,665,146,23,18,847,35,10,41,893,115,0,1011,250,74,10,12,345,6,3,14,354,201,3,557,0,0,0,4,4,0,0,0,4,0,5,6,915,217,28,30
LGA21270,0,0,0,0,0,0,0,0,0,0,0,0,0,0,0,0,28,0,0,0,31,0,0,0,31,0,0,33,4,0,0,0,4,0,0,0,4,0,0,4,0,0,0,0,0,0,0,0,0,0,0,0,32,0,0,0,34,0,0,0,34,0,0,37,4,0,0,0,4,0,0,0,0,0,0,0,9,0,0,0,9,0,0,0,9,0,0,9,0,0,0,0,0,0,0,0,0,0,0,0,0,0,0,0,0,0,0,0,0,0,0,0,8,0,0,0,8,0,0,0,11,0,0,11,0,0,0,0,0,0,0,0,0,0,0,0,0,0,0,0,0,0,0,0,0,0,0,0,0,0,0,0,0,0,0,0,0,0,0,0,8,0,0,0,8,0,0,0,11,0,0,11,0,0,0,0,0,0,0,0,0,0,0,0,0,0,0,0,0,0,0,0,0,0,0,0,8,0,0,0
LGA21370,0,0,0,0,0,0,0,0,0,0,0,0,0,0,0,0,166,12,3,3,185,0,0,0,185,3,0,189,9,0,0,0,9,0,0,0,9,0,0,11,0,0,0,0,0,0,0,0,0,0,0,0,173,12,3,3,197,0,0,0,191,10,4,207,18,7,0,0,22,0,0,0,22,3,0,25,24,0,0,0,29,0,0,0,29,0,0,28,0,0,4,0,4,0,0,0,4,0,0,4,4,0,0,0,3,0,0,0,3,0,0,3,48,3,3,0,60,0,0,0,60,0,0,59,0,0,0,0,0,0,0,0,0,0,0,0,0,0,0,0,0,0,0,0,0,0,0,0,0,0,0,0,0,0,0,0,0,0,0,0,48,3,3,0,60,0,0,0,60,0,0,59,4,0,0,0,4,0,0,0,4,0,0,6,0,0,0,0,0,0,0,0,0,0,0,0,50,3,3,0
LGA21450,15,0,0,13,11,3,0,0,19,0,0,4,21,0,0,27,798,109,16,6,927,10,3,15,942,37,3,981,132,25,8,3,164,5,0,5,174,31,0,204,0,0,0,0,0,0,0,0,0,0,0,3,933,128,18,7,1091,14,3,23,1117,68,3,1188,146,19,7,0,175,3,0,3,173,16,0,190,143,35,8,0,184,6,0,6,186,13,0,195,12,0,0,0,16,0,0,0,16,0,0,16,0,0,0,8,11,0,0,0,11,0,0,11,303,54,18,11,383,4,0,5,393,23,0,417,0,0,0,0,4,0,0,0,4,0,0,4,4,3,0,0,8,0,0,0,8,0,0,10,9,5,0,0,13,0,0,0,13,0,0,13,310,62,18,11,393,4,0,5,399,24,0,429,46,6,0,5,65,0,0,0,65,25,0,88,0,0,0,0,0,0,0,0,0,0,0,0,356,74,19,15
LGA21610,81,5,0,88,80,26,0,0,108,23,11,27,138,6,0,146,2876,458,85,40,3459,83,31,115,3573,210,4,3784,763,223,20,35,1043,44,18,58,1098,356,3,1457,5,0,0,3,12,0,0,0,16,0,14,26,3650,688,97,77,4511,130,42,173,4684,567,20,5267,810,108,17,5,938,13,8,16,963,63,3,1024,609,142,21,11,776,11,6,20,799,49,0,843,47,6,13,0,70,0,0,0,68,5,0,75,3,0,0,9,15,0,0,0,18,4,0,21,1475,258,45,22,1802,26,13,40,1841,113,3,1955,21,9,5,0,27,6,0,6,34,3,0,42,21,11,0,4,36,3,5,12,49,6,0,58,44,20,5,4,60,16,5,19,84,14,0,95,1520,277,49,26,1861,43,21,57,1922,127,3,2056,439,130,23,19,612,35,10,43,661,289,7,954,0,0,0,6,6,0,0,0,6,0,8,17,1956,404,68,54
LGA21670,0,0,0,0,0,0,0,0,0,0,0,0,0,0,0,0,25,4,0,0,36,0,0,0,30,3,0,39,0,3,0,0,10,0,0,0,10,3,0,10,0,0,0,0,0,0,0,0,0,0,0,0,29,7,0,0,41,0,0,0,39,7,0,44,5,0,0,0,5,0,0,0,5,0,0,7,4,0,0,0,8,0,0,0,8,0,0,8,0,0,0,0,0,0,0,0,0,0,0,0,0,0,0,0,0,0,0,0,0,0,0,0,7,0,0,0,7,0,0,0,7,0,0,9,0,0,0,0,0,0,0,0,0,0,0,0,0,0,0,0,0,0,0,0,0,0,0,0,0,0,0,0,0,0,0,0,0,0,0,0,7,0,0,0,7,0,0,0,7,0,0,9,0,0,0,0,0,0,0,0,0,0,0,4,0,0,0,0,0,0,0,0,0,0,0,0,9,0,0,0
LGA21750,0,0,0,0,0,3,0,0,3,0,0,0,3,0,0,3,89,20,4,0,113,0,0,0,113,4,0,116,6,0,0,0,4,0,0,0,4,5,0,15,0,0,0,0,0,0,0,0,0,0,0,0,90,19,4,0,117,0,0,0,117,13,0,128,20,0,0,0,20,0,0,0,20,0,0,20,10,0,0,0,12,0,0,0,12,0,0,13,0,0,0,0,0,0,0,0,0,0,0,0,0,0,0,0,0,0,0,0,0,0,0,0,30,0,3,0,32,0,0,0,32,0,0,32,0,0,0,0,0,0,0,0,0,0,0,0,0,0,0,0,0,0,0,0,0,0,0,0,0,0,0,0,0,0,0,0,0,0,0,0,30,0,3,0,32,0,0,0,32,0,0,32,0,0,0,0,4,0,0,0,4,3,0,0,0,0,0,0,0,0,0,0,0,0,0,0,30,3,3,0
LGA21830,0,0,0,0,0,0,0,0,0,0,0,0,0,0,0,0,56,4,0,5,61,3,0,3,66,7,0,68,0,0,0,0,0,0,0,0,0,4,0,3,0,0,0,0,0,0,0,0,0,0,0,0,57,4,0,5,63,3,0,3,66,5,0,72,13,0,0,0,13,0,0,0,13,0,0,10,3,0,0,0,3,0,0,0,3,0,0,3,0,0,0,0,0,0,0,0,0,0,0,0,0,0,0,0,0,0,0,0,0,0,0,0,18,0,0,0,18,0,0,0,18,0,0,18,0,0,0,0,0,0,0,0,0,0,0,0,0,0,0,0,0,0,0,0,0,0,0,0,0,0,0,0,0,0,0,0,0,0,0,0,18,0,0,0,18,0,0,0,18,0,0,18,0,0,0,0,0,0,0,0,0,4,0,4,0,0,0,0,0,0,0,0,0,0,0,0,18,0,0,0
LGA21890,22,0,0,19,22,4,0,0,24,10,0,10,30,4,0,37,987,175,26,9,1193,27,7,35,1228,85,0,1308,168,48,8,0,226,6,0,9,232,71,0,304,0,0,0,0,0,0,0,0,0,0,3,10,1152,224,33,10,1420,33,10,39,1458,160,3,1625,221,33,3,0,264,5,0,5,265,32,0,303,214,60,8,0,284,5,3,7,285,35,0,321,19,4,0,0,24,0,0,0,24,3,0,28,3,0,0,4,9,0,0,0,9,0,0,11,456,99,11,4,574,8,5,16,590,71,0,663,5,0,0,0,9,0,0,0,9,0,0,10,3,5,0,0,8,0,0,0,8,0,0,8,6,10,0,0,18,0,0,0,18,0,0,16,468,104,11,3,590,8,5,16,608,68,0,680,76,20,3,0,99,6,0,6,109,56,0,162,0,0,0,0,0,0,0,0,0,3,5,6,542,126,14,9
LGA22110,0,0,0,0,0,0,0,0,0,0,0,0,0,0,0,0,83,18,8,4,112,0,0,3,114,12,0,129,8,6,0,0,10,0,0,0,10,9,0,14,0,0,0,0,0,0,0,0,0,0,0,0,91,24,8,4,121,0,0,3,126,13,0,138,8,0,0,0,8,0,0,0,8,0,0,10,8,4,0,0,15,0,0,0,15,0,0,15,0,0,0,0,0,0,0,0,0,0,0,0,0,0,0,0,0,0,0,0,0,0,0,0,22,4,0,0,24,0,0,0,24,4,0,30,0,0,0,0,0,0,0,0,0,0,0,0,0,0,0,0,0,0,0,0,0,0,0,0,0,0,0,0,0,0,0,0,0,0,0,0,22,7,0,0,26,0,0,0,26,4,0,32,4,0,0,0,4,0,0,0,4,4,0,6,0,0,0,0,0,0,0,0,0,0,0,0,24,6,0,0
LGA22170,8,5,0,9,10,0,0,0,10,0,0,0,10,3,0,15,769,127,10,4,914,8,0,11,923,55,0,982,93,21,12,0,123,5,0,5,123,46,0,168,0,0,0,0,0,0,0,0,0,0,3,9,864,145,25,9,1038,11,0,8,1051,102,3,1156,188,24,0,0,218,3,0,3,223,14,0,233,173,38,4,0,219,0,0,0,221,7,0,226,11,3,0,0,16,0,0,0,16,0,0,16,0,0,0,0,0,0,0,0,0,0,0,0,375,66,12,0,454,3,0,3,456,26,0,476,3,0,0,0,6,0,0,0,6,0,0,6,5,0,0,0,5,0,0,0,3,0,0,5,8,0,0,0,10,0,0,0,5,0,0,8,377,68,12,0,460,5,0,5,463,24,0,486,56,11,0,0,62,0,0,0,66,19,0,79,0,0,0,0,0,0,0,0,0,0,6,5,436,79,7,0
LGA22250,0,0,0,0,0,0,0,0,0,0,0,0,0,0,0,0,29,0,0,0,28,0,0,0,28,0,0,33,0,0,0,0,0,0,0,0,3,4,0,6,0,0,0,0,0,0,0,0,0,0,0,0,30,0,0,0,31,0,0,0,29,0,0,36,8,0,0,0,8,0,0,0,8,0,0,8,7,0,0,0,7,0,0,0,7,0,0,4,0,0,0,0,0,0,0,0,0,0,0,0,0,0,0,0,0,0,0,0,0,0,0,0,13,0,0,0,13,0,0,0,13,0,0,14,0,0,0,0,0,0,0,0,0,0,0,0,0,0,0,0,0,0,0,0,0,0,0,0,0,0,0,0,0,0,0,0,0,0,0,0,13,0,0,0,13,0,0,0,13,0,0,14,0,0,0,0,0,0,0,0,0,0,0,0,0,0,0,0,0,0,0,0,0,0,0,0,13,0,0,0
LGA22310,24,4,0,23,26,0,0,0,24,5,0,3,29,3,0,36,1581,240,44,10,1875,43,8,52,1929,95,0,2021,216,36,0,0,261,9,0,8,270,57,0,330,4,0,0,0,3,0,0,0,3,0,0,3,1796,279,43,19,2143,51,8,63,2202,157,0,2364,390,63,6,0,462,9,8,13,472,29,0,506,425,101,9,6,536,5,0,7,545,28,0,571,15,6,4,0,20,0,0,0,20,0,0,25,0,0,0,4,10,0,0,0,10,0,0,9,828,168,19,9,1028,13,4,20,1047,67,0,1113,8,0,0,0,9,0,0,0,12,0,0,12,11,0,0,0,8,0,0,0,8,0,0,12,15,4,0,0,21,0,0,0,24,0,0,26,846,167,19,9,1047,14,4,22,1069,69,0,1136,138,31,5,0,171,9,0,9,177,55,0,235,0,0,0,0,0,0,0,0,0,0,0,0,982,198,26,9
LGA22410,0,0,0,0,0,0,0,0,0,0,0,0,0,0,0,0,36,13,8,0,54,0,0,0,54,0,0,54,8,0,0,0,10,0,0,0,10,5,0,11,0,0,0,0,0,0,0,0,0,0,0,0,43,7,6,0,60,0,0,0,60,3,0,64,5,0,0,0,8,0,0,0,8,0,0,11,3,0,0,0,3,0,0,0,3,0,0,3,0,0,0,0,0,0,0,0,0,0,0,0,0,0,0,0,0,0,0,0,0,0,0,0,13,0,0,0,13,0,0,0,13,0,0,16,0,0,0,0,0,0,0,0,0,0,0,0,0,0,0,0,0,0,0,0,0,0,0,0,0,0,0,0,0,0,0,0,0,0,0,0,13,0,0,0,13,0,0,0,13,0,0,16,0,0,0,0,0,0,0,0,0,0,0,0,0,0,0,0,0,0,0,0,0,0,0,0,13,0,0,0
LGA22490,0,0,0,0,4,0,0,0,5,0,0,0,5,0,0,5,145,22,6,3,176,0,0,0,179,15,0,190,32,0,0,0,29,0,0,0,29,8,0,38,0,0,0,0,0,0,0,0,0,0,0,4,180,28,6,4,208,0,0,0,210,20,0,236,25,3,0,0,28,0,0,0,28,3,0,28,30,6,0,0,32,0,0,0,32,0,0,33,7,0,0,0,5,0,0,0,5,0,0,5,0,0,0,0,0,0,0,0,0,0,0,0,61,5,0,0,67,0,0,0,67,4,0,66,0,0,0,0,0,0,0,0,0,0,0,0,0,0,0,0,0,0,0,0,0,0,0,0,0,0,0,0,0,0,0,0,0,0,0,0,61,5,0,0,67,0,0,0,67,4,0,66,10,0,0,0,10,0,0,0,10,3,0,8,0,0,0,0,0,0,0,0,0,0,3,3,71,5,0,0
LGA22620,10,0,0,10,5,3,0,0,6,4,0,4,11,0,0,11,559,71,24,6,666,11,0,14,677,40,0,719,77,22,7,0,107,0,0,0,107,41,0,150,0,0,0,0,0,0,0,0,0,0,0,0,636,94,32,7,775,11,0,14,787,81,0,862,99,9,0,0,105,0,0,0,115,12,0,123,98,31,3,0,136,0,0,3,135,8,0,141,9,0,0,0,13,0,0,0,13,5,0,13,0,0,0,0,0,0,0,0,0,0,0,3,209,43,5,0,256,4,0,8,263,18,0,284,0,0,0,0,0,0,0,0,0,0,0,0,0,0,0,0,0,0,0,0,7,0,0,5,0,0,0,0,0,0,0,0,7,0,0,6,208,43,5,0,261,5,0,8,267,22,0,288,30,4,0,0,35,0,0,0,39,12,0,50,0,0,0,0,0,0,0,0,0,0,0,0,240,42,5,0
LGA22670,27,3,0,27,24,15,0,0,36,9,5,13,51,17,0,63,922,224,23,23,1189,26,13,35,1230,143,0,1373,337,94,11,15,460,27,11,31,492,247,0,739,4,0,0,3,5,0,0,0,5,3,9,17,1263,321,36,45,1659,49,19,71,1730,393,9,2129,300,46,8,3,357,12,5,19,370,49,0,426,134,61,9,0,204,6,0,8,219,32,0,251,11,0,3,0,15,0,0,0,15,5,0,18,0,3,0,9,9,0,0,0,9,0,0,17,446,107,19,14,591,20,4,25,619,93,0,709,10,0,0,0,10,3,0,3,16,3,0,18,8,0,0,0,14,0,0,0,16,9,0,20,19,3,0,0,25,3,0,7,28,13,0,41,464,118,19,14,618,24,10,34,648,102,0,754,214,62,12,3,289,21,0,20,306,164,4,476,0,0,0,0,0,0,0,0,0,0,7,8,681,174,31,23
LGA22750,25,0,0,25,27,0,0,0,29,3,0,8,33,4,0,40,1501,213,37,9,1761,27,5,39,1798,119,3,1922,237,37,10,7,288,3,0,3,290,88,0,378,4,0,0,0,4,0,0,0,4,0,0,5,1739,252,47,14,2051,33,11,40,2094,205,3,2304,277,33,4,3,324,3,0,3,327,28,0,351,328,54,17,0,395,3,0,9,399,22,0,425,23,4,3,0,29,0,0,0,38,0,0,37,0,0,0,0,4,0,0,0,4,0,0,9,622,96,32,3,758,13,0,11,767,50,3,823,0,0,0,0,0,0,0,0,0,0,0,0,0,4,0,0,4,0,0,0,4,0,0,10,0,4,0,0,4,0,0,0,4,0,0,11,627,94,32,3,760,13,0,11,772,55,3,831,103,15,7,4,126,4,0,4,128,45,0,175,4,0,0,0,4,0,0,0,4,0,0,4,730,112,35,11
LGA22830,0,0,0,0,0,0,0,0,0,0,0,0,0,0,0,7,270,31,17,0,325,8,4,10,329,23,0,345,33,14,3,5,48,0,7,9,52,47,0,103,0,0,0,0,0,0,0,0,0,0,0,0,300,43,18,3,368,9,8,14,381,73,0,455,39,6,0,0,42,0,0,0,42,0,0,41,35,9,4,0,48,0,0,0,49,3,0,51,0,0,0,0,0,0,0,0,0,0,0,5,0,0,0,0,0,0,0,0,0,0,0,0,79,13,4,3,97,0,0,0,98,5,0,104,0,0,0,0,0,0,0,0,0,0,0,0,0,0,0,0,0,0,0,0,0,0,0,0,0,0,0,0,0,0,0,0,0,0,0,0,79,13,4,3,97,0,0,0,98,5,0,104,15,6,0,0,24,0,0,0,24,23,0,45,0,0,0,0,0,0,0,0,0,0,0,0,95,13,3,4
LGA22910,0,0,0,0,0,0,0,0,0,0,0,0,0,0,0,0,40,11,0,4,49,0,0,0,53,6,0,59,4,0,0,0,8,0,0,0,8,0,0,8,0,0,0,0,0,0,0,0,0,0,0,0,43,14,0,5,60,0,0,0,58,7,0,71,0,4,0,0,3,0,0,0,3,3,0,3,3,0,0,0,4,0,0,0,4,0,0,4,0,0,0,0,0,0,0,0,0,0,0,0,0,0,0,0,0,0,0,0,0,0,0,0,3,4,0,0,11,0,0,0,11,3,0,10,0,0,0,0,0,0,0,0,0,0,0,0,0,0,0,0,0,0,0,0,0,0,0,0,0,0,0,0,0,0,0,0,0,0,0,0,3,3,0,0,12,0,0,0,12,3,0,16,4,0,0,0,4,0,0,0,4,0,0,4,0,0,0,0,0,0,0,0,0,0,0,0,11,3,0,0
LGA22980,0,0,0,0,0,0,0,0,0,0,0,0,0,0,0,0,22,0,0,0,21,0,0,0,21,0,0,22,0,0,0,0,0,0,0,0,0,0,0,4,0,0,0,0,0,0,0,0,0,0,0,0,21,0,0,0,21,0,0,0,21,3,0,28,4,0,0,0,4,0,0,0,4,0,0,4,4,0,0,0,4,0,0,0,4,0,0,4,0,0,0,0,0,0,0,0,0,0,0,0,0,0,0,0,0,0,0,0,0,0,0,0,7,0,0,0,7,0,0,0,7,0,0,7,0,0,0,0,0,0,0,0,0,0,0,0,0,0,0,0,0,0,0,0,0,0,0,0,0,0,0,0,0,0,0,0,0,0,0,0,7,0,0,0,7,0,0,0,7,0,0,7,0,0,0,0,0,0,0,0,0,0,0,0,0,0,0,0,0,0,0,0,0,0,0,0,7,0,0,0
LGA23110,12,0,0,16,11,5,0,0,22,5,0,5,19,0,0,22,650,105,19,4,784,21,3,26,811,60,0,872,95,29,10,3,136,4,0,4,143,58,0,207,0,0,0,0,0,0,0,0,0,0,0,0,749,135,31,7,922,29,3,29,956,121,3,1076,151,22,0,0,179,3,0,3,185,20,0,208,144,18,0,0,160,5,0,5,167,19,0,187,11,0,0,0,11,0,0,0,14,0,0,16,0,0,0,3,4,0,0,0,4,0,0,6,303,43,10,5,362,11,0,11,365,40,0,414,0,0,0,0,0,6,0,6,6,0,0,6,6,0,0,0,8,0,0,0,8,0,0,4,5,0,0,0,8,6,0,6,10,0,0,12,305,47,10,5,371,8,0,8,380,44,0,424,67,26,6,0,95,6,0,3,97,35,0,129,0,0,0,0,0,0,0,0,0,0,0,3,372,73,12,5
LGA23190,0,0,0,0,0,0,0,0,0,0,0,0,0,0,0,0,78,5,0,3,89,0,0,0,89,6,0,96,5,3,0,0,9,0,0,0,9,0,0,9,0,0,0,0,0,0,0,0,0,0,0,0,82,9,0,3,100,0,0,0,100,6,0,102,7,3,0,0,9,0,0,0,9,3,0,14,3,0,0,0,5,0,0,0,5,0,0,5,0,0,0,0,0,0,0,0,0,0,0,0,0,0,0,0,0,0,0,0,0,0,0,0,12,4,0,0,21,0,0,0,21,3,0,25,0,0,0,0,0,0,0,0,0,0,0,0,0,0,0,0,0,0,0,0,0,0,0,0,0,0,0,0,0,0,0,0,0,0,0,0,12,4,0,0,21,0,0,0,21,3,0,25,0,0,0,0,0,0,0,0,0,0,0,0,0,0,0,0,0,0,0,0,0,0,0,0,18,4,0,0
LGA23270,96,9,0,109,67,40,3,0,112,22,15,37,151,20,0,166,1468,334,39,29,1864,73,24,101,1964,181,10,2158,464,197,19,28,707,33,34,67,774,567,3,1347,7,4,0,12,14,0,0,0,14,0,0,16,1931,536,54,66,2592,101,60,168,2754,757,13,3528,351,73,9,0,441,11,0,17,455,52,0,507,319,96,18,0,442,15,12,20,459,53,3,513,10,6,3,0,17,0,0,0,19,3,0,21,4,0,0,10,12,0,0,0,15,0,0,25,683,176,29,20,906,29,15,38,945,114,7,1066,13,4,0,0,23,0,0,7,23,5,0,30,14,9,0,0,21,7,3,13,38,19,0,48,24,14,0,0,42,10,8,13,56,22,0,82,703,194,29,20,949,37,19,52,1003,142,7,1149,259,102,8,16,392,21,15,40,431,406,3,844,5,8,0,5,12,0,0,0,12,3,5,19,973,302,43,45
LGA23350,0,0,0,0,0,0,0,0,0,0,0,0,6,0,0,6,58,8,0,0,71,0,0,0,70,0,0,79,9,0,0,0,9,0,0,0,9,0,0,9,0,0,0,0,0,0,0,0,0,0,0,0,67,8,0,0,79,0,0,0,79,0,3,87,5,0,0,0,10,0,0,0,14,0,0,14,9,3,0,0,9,0,0,0,9,0,0,16,0,0,0,0,0,0,0,0,0,0,0,0,0,0,0,0,0,0,0,0,0,0,0,0,14,4,0,0,19,0,0,0,24,0,0,22,0,0,0,0,0,0,0,0,0,0,0,0,0,0,0,0,0,0,0,0,0,0,0,0,0,0,0,0,0,0,0,0,0,0,0,0,14,4,0,0,19,0,0,0,24,0,0,22,0,0,0,0,0,0,0,0,0,0,0,4,0,0,0,0,0,0,0,0,0,0,0,0,17,4,0,0
LGA23430,24,3,0,29,34,4,0,0,46,0,0,0,46,3,0,44,1431,202,39,8,1689,34,7,41,1723,86,7,1822,181,39,13,0,230,5,0,6,238,57,0,296,4,0,0,0,0,0,0,0,0,0,4,8,1612,244,49,13,1919,33,6,46,1963,147,10,2122,370,35,13,4,417,8,4,11,427,37,0,463,269,70,10,0,350,3,3,9,354,30,0,387,14,0,4,0,25,0,0,0,23,0,0,27,0,0,0,0,5,0,0,0,5,0,0,3,658,106,18,8,793,6,6,15,807,72,0,877,5,0,0,0,9,0,0,0,10,0,0,9,6,0,0,0,12,0,0,0,10,0,0,13,14,0,0,0,21,0,0,0,20,0,0,21,674,110,19,8,808,12,6,21,826,73,0,901,116,39,3,0,157,0,0,0,160,52,0,215,0,0,0,0,0,0,0,0,0,0,0,3,791,150,21,8
LGA23670,24,3,0,26,35,4,0,0,34,5,0,7,41,6,0,47,1584,234,35,23,1879,31,9,40,1917,102,5,2019,270,61,7,0,337,3,3,10,344,67,0,413,4,0,0,0,0,0,0,0,0,0,7,11,1855,294,41,25,2219,35,13,45,2264,170,7,2445,406,65,9,3,484,10,0,4,492,35,0,527,370,93,7,0,460,11,0,11,475,36,0,516,17,4,8,0,30,0,0,0,28,7,0,34,6,0,0,4,14,0,0,0,14,0,0,12,794,160,25,15,991,16,7,20,1011,79,0,1090,11,4,0,0,10,0,0,0,9,0,0,12,16,0,0,0,16,6,0,6,18,0,0,18,22,5,0,0,29,3,0,3,32,0,0,35,811,169,26,15,1017,20,7,22,1043,79,0,1119,133,35,0,0,171,4,0,5,174,53,0,232,0,0,0,0,0,0,0,0,0,0,0,0,946,202,26,19
LGA23810,5,0,0,5,7,0,0,0,10,0,0,0,15,0,0,14,275,39,9,5,326,6,0,6,338,15,0,347,40,11,0,0,50,0,0,0,55,20,0,75,0,0,0,0,0,0,0,0,0,0,0,0,316,54,13,8,379,6,3,8,393,34,0,429,35,9,0,0,34,0,0,0,42,0,0,43,50,7,0,0,53,4,0,4,54,9,0,61,0,0,0,0,5,0,0,0,5,0,0,5,0,0,0,0,0,0,0,0,0,0,0,0,76,11,9,0,96,0,0,0,94,13,0,111,0,0,0,0,0,0,0,0,0,0,0,0,0,0,0,0,0,0,0,0,0,0,0,0,0,0,0,0,0,0,0,0,0,0,0,0,82,11,9,0,95,0,0,0,100,13,0,109,19,0,0,0,27,0,0,0,27,5,0,30,0,0,0,0,0,0,0,0,0,0,0,0,100,14,9,0
LGA23940,0,0,0,0,0,0,0,0,0,0,0,0,0,0,0,0,22,6,0,0,29,0,0,0,32,0,0,32,0,0,0,0,0,0,0,0,0,0,0,0,0,0,0,0,0,0,0,0,0,0,0,0,31,6,0,0,35,0,0,0,33,0,0,35,4,0,0,0,4,0,0,0,4,0,0,4,0,0,0,0,0,0,0,0,0,0,0,0,0,0,0,0,0,0,0,0,0,0,0,0,0,0,0,0,0,0,0,0,0,0,0,0,7,0,0,0,7,0,0,0,7,0,0,7,0,0,0,0,0,0,0,0,0,0,0,0,0,0,0,0,0,0,0,0,0,0,0,0,0,0,0,0,0,0,0,0,0,0,0,0,7,0,0,0,7,0,0,0,7,0,0,7,0,0,0,0,0,0,0,0,0,0,0,0,0,0,0,0,0,0,0,0,0,0,0,0,11,0,0,0
LGA24130,3,0,0,3,9,3,0,0,10,0,0,0,12,0,0,12,380,49,17,13,461,5,3,12,469,27,0,496,45,13,3,0,55,0,0,0,56,10,0,69,0,0,0,0,0,0,0,0,0,0,4,4,423,63,17,13,515,5,4,10,524,38,5,566,71,15,0,0,86,0,0,0,89,11,0,97,51,11,0,0,65,0,0,0,65,5,0,71,5,0,4,0,10,0,0,0,10,0,0,9,0,0,0,0,0,0,0,0,0,0,0,0,130,31,3,4,164,0,0,0,161,13,0,176,0,0,0,0,0,0,0,0,0,0,0,0,3,0,0,0,3,0,0,0,6,0,0,6,3,0,0,0,5,0,0,0,5,0,0,7,131,31,3,4,161,0,4,3,167,16,0,184,19,0,0,0,18,0,0,0,18,7,0,26,0,0,0,0,0,0,0,0,0,0,0,0,148,30,3,4
LGA24210,20,3,0,22,18,0,0,0,27,7,3,10,25,11,0,37,1331,227,36,17,1610,39,16,59,1670,146,0,1814,287,54,9,3,348,13,3,14,370,71,0,435,0,0,0,0,6,0,0,0,6,0,0,7,1619,283,40,19,1961,54,24,73,2035,213,0,2253,369,52,13,0,439,14,5,13,450,28,0,485,322,108,6,3,440,9,7,13,457,42,0,493,15,9,8,0,30,0,0,0,30,3,0,32,4,0,0,0,9,0,0,0,9,0,0,9,719,166,27,6,912,20,5,25,941,70,0,1014,4,0,0,0,3,4,0,0,8,0,0,8,8,0,0,0,6,0,3,0,10,5,0,15,5,0,3,0,10,5,4,10,18,4,0,24,723,168,26,3,926,21,9,31,957,78,0,1041,193,46,9,10,251,8,7,9,257,91,0,351,0,0,0,0,0,0,0,0,0,0,0,0,914,216,33,12
LGA24250,0,0,0,0,0,0,0,0,0,0,0,0,0,0,0,0,17,4,5,4,32,0,0,0,32,3,0,32,3,0,0,0,4,0,0,0,4,3,0,9,0,0,0,0,0,0,0,0,0,0,0,0,23,4,5,4,30,0,0,0,30,4,0,37,3,0,0,0,3,0,0,0,3,0,0,4,0,0,0,0,0,0,0,0,0,0,0,0,0,0,0,0,0,0,0,0,0,0,0,0,0,0,0,0,0,0,0,0,0,0,0,0,3,0,0,0,3,0,0,0,3,0,0,6,0,0,0,0,0,0,0,0,0,0,0,0,0,0,0,0,0,0,0,0,0,0,0,0,0,0,0,0,0,0,0,0,0,0,0,0,3,0,0,0,3,0,0,0,3,0,0,6,0,0,0,0,0,0,0,0,0,0,0,0,0,0,0,0,0,0,0,0,0,0,0,0,3,0,0,0
LGA24330,11,0,0,8,11,0,0,0,17,0,0,3,17,3,0,22,414,98,19,8,533,8,9,17,549,56,0,607,66,21,4,0,88,6,0,7,96,56,0,155,0,0,0,0,0,0,0,0,0,0,0,0,483,117,19,9,628,13,8,22,647,114,0,758,110,13,4,0,128,5,0,5,127,18,0,144,76,31,4,0,112,0,6,3,113,9,0,121,11,0,4,0,12,0,3,3,17,0,0,17,0,0,0,0,0,0,0,0,0,0,0,0,194,51,8,0,250,0,4,8,253,26,0,280,3,5,0,0,8,6,0,6,9,0,0,9,0,0,0,0,3,0,0,4,7,0,0,5,8,4,0,0,13,5,0,8,16,0,0,16,197,54,8,0,261,3,10,14,274,23,0,297,35,10,4,0,51,0,0,4,58,45,0,100,0,0,0,0,0,0,0,0,0,0,0,0,240,61,9,0
LGA24410,17,0,0,17,14,5,0,0,21,0,0,6,22,0,0,29,985,132,27,8,1151,18,6,20,1172,46,3,1222,120,24,9,0,151,6,4,4,158,45,0,203,0,0,0,0,0,0,0,0,0,0,0,3,1105,153,35,10,1303,18,6,25,1328,96,6,1429,192,32,0,0,230,0,0,4,238,27,0,261,239,31,9,0,274,5,0,5,282,17,0,300,12,0,0,0,19,0,0,0,19,0,0,19,0,0,0,0,0,0,0,0,0,0,5,6,445,67,10,3,527,7,0,10,535,48,0,580,0,0,0,0,5,0,0,0,0,0,0,0,9,0,0,0,8,0,0,0,8,0,0,11,7,0,0,0,11,0,0,0,6,0,0,11,448,66,12,3,535,3,0,6,544,47,0,592,67,19,0,0,87,0,0,0,87,35,0,120,0,0,0,0,0,0,0,0,0,0,0,0,525,86,12,3
LGA24600,9,0,0,13,10,0,0,0,9,0,7,7,14,0,0,15,244,54,10,0,309,8,10,14,320,35,5,360,45,9,3,7,64,8,0,8,69,37,0,105,0,0,0,0,0,0,0,0,0,0,0,0,291,62,15,4,370,10,10,22,391,74,3,464,54,9,0,0,60,3,0,3,65,12,0,74,42,15,3,0,64,6,0,6,67,10,0,72,0,0,0,0,3,0,0,0,3,0,0,8,0,0,0,0,0,0,0,0,0,0,0,0,94,27,5,0,128,9,0,9,131,21,0,158,0,0,0,0,0,0,0,0,0,0,0,0,0,0,0,0,0,0,3,3,3,0,0,10,5,0,0,0,5,0,3,3,10,0,0,11,92,27,5,0,127,9,3,10,137,25,0,165,29,14,0,4,44,3,0,3,43,21,0,68,0,0,0,0,0,0,0,0,0,0,0,0,122,42,5,4
LGA24650,43,7,0,47,53,8,3,0,66,13,0,9,75,6,0,85,1384,221,46,20,1675,47,11,53,1729,101,4,1840,307,81,5,4,396,19,0,22,418,131,0,550,3,0,0,3,8,0,0,0,8,0,8,17,1695,310,48,30,2078,65,12,72,2152,241,10,2406,372,50,10,0,437,5,4,9,440,32,0,472,266,59,0,0,322,0,0,0,328,27,0,355,20,0,6,0,36,0,0,0,36,3,0,34,0,0,0,10,8,0,0,0,14,0,0,11,662,107,21,13,800,10,5,18,811,64,0,877,11,8,0,0,15,8,0,8,24,4,0,27,5,0,0,0,5,5,0,0,9,0,0,18,20,5,0,0,24,14,0,7,35,5,0,41,679,113,18,11,821,24,6,24,851,68,0,918,152,35,0,4,190,9,0,14,200,92,0,298,0,0,0,0,0,0,0,0,0,4,0,7,830,143,19,20
LGA24780,6,0,0,6,6,0,0,0,6,0,0,0,6,0,0,8,183,22,0,8,216,0,0,0,216,11,5,231,20,9,0,3,35,0,0,0,35,12,0,47,0,0,0,0,0,0,0,0,0,0,0,0,206,35,3,9,252,0,0,0,252,30,3,280,30,0,0,0,28,0,0,0,28,0,0,28,23,0,0,0,25,0,0,0,28,0,0,28,4,0,0,0,4,0,0,0,4,0,0,4,0,0,0,0,0,0,0,0,0,0,0,0,51,5,7,0,58,0,0,0,61,0,0,62,0,0,0,0,0,0,0,0,0,0,0,0,0,0,0,0,0,0,0,0,0,0,0,0,0,0,0,0,0,0,0,0,0,0,0,0,51,5,7,0,58,0,0,0,64,0,0,67,10,3,0,0,13,0,0,0,13,9,0,20,0,0,0,0,0,0,0,0,0,0,0,0,60,5,7,0
LGA24850,9,0,0,8,4,4,0,0,11,0,0,0,11,0,0,11,243,29,11,9,288,0,4,5,292,5,0,301,51,4,0,0,54,6,0,6,58,18,0,77,0,0,0,0,0,0,0,0,0,0,0,0,293,34,11,7,346,5,4,9,349,26,5,377,51,8,0,0,52,0,0,0,52,4,0,59,46,3,0,3,56,0,0,0,56,5,0,58,5,0,0,0,5,0,0,0,5,0,0,5,0,0,0,0,0,0,0,0,0,0,0,0,99,9,0,3,113,0,0,0,113,7,0,123,0,0,0,0,0,0,0,0,0,0,0,0,4,0,0,0,4,0,0,0,4,0,0,4,4,0,0,0,4,0,0,0,4,0,0,4,99,9,0,3,120,0,0,0,120,7,0,127,13,0,0,0,17,0,0,0,17,5,0,24,0,0,0,0,0,0,0,0,0,0,0,0,118,15,3,3
LGA24900,0,0,0,0,4,0,0,0,4,0,0,0,4,0,0,4,106,11,3,0,115,0,0,0,120,0,0,122,9,0,0,0,16,0,0,0,16,6,0,18,0,0,0,0,0,0,0,0,0,0,0,0,119,12,3,0,131,0,0,0,135,7,0,140,13,0,0,0,15,0,0,0,15,0,0,15,8,0,0,0,10,0,0,0,10,0,0,14,0,0,0,0,0,0,0,0,0,0,0,0,0,0,0,0,0,0,0,0,0,0,0,0,23,0,0,0,26,0,0,0,26,0,0,30,0,0,0,0,0,0,0,0,0,0,0,0,0,0,0,0,0,0,0,0,0,0,0,0,0,0,0,0,0,0,0,0,0,0,0,0,23,0,0,0,26,0,0,0,26,0,0,30,0,0,0,0,0,0,0,0,0,0,0,0,0,0,0,0,0,0,0,0,0,0,0,0,23,0,0,0
LGA24970,35,6,0,38,50,12,0,0,60,7,0,6,75,5,0,81,1917,302,36,16,2276,42,11,61,2331,140,8,2485,320,74,10,6,409,7,5,6,419,104,0,526,5,0,0,0,0,0,0,0,0,0,6,10,2233,379,52,26,2687,51,16,71,2754,245,17,3013,566,81,6,4,658,26,5,28,687,60,0,753,406,109,3,3,525,3,0,6,527,45,0,577,23,0,10,0,31,0,0,0,31,0,0,28,0,6,0,0,6,0,0,0,6,5,0,13,994,192,20,6,1219,29,10,38,1254,113,0,1370,17,4,0,0,17,0,0,3,22,0,0,22,13,0,0,0,17,0,0,0,18,4,0,23,28,9,0,0,33,4,0,8,41,4,0,43,1027,202,20,6,1252,32,6,43,1290,120,0,1410,196,48,12,0,253,0,0,3,256,134,0,393,0,0,0,5,5,0,0,0,3,0,0,7,1217,246,30,15
LGA25060,18,6,0,21,29,5,0,0,39,3,0,5,41,6,0,43,1329,166,31,13,1533,32,6,41,1571,87,5,1658,210,36,8,0,254,6,0,7,261,37,0,296,0,0,0,0,0,0,0,0,0,0,0,0,1539,201,34,17,1784,39,11,47,1832,123,5,1957,310,37,8,0,354,7,0,4,355,27,0,385,274,45,10,4,336,4,0,4,341,31,0,369,12,0,4,0,14,0,0,0,14,4,0,19,5,0,0,6,13,0,0,0,13,0,0,13,601,87,23,10,714,10,0,8,728,55,0,781,11,0,0,0,11,0,0,0,18,0,0,18,4,0,0,0,5,0,0,0,5,0,0,4,15,4,0,0,19,0,0,0,22,0,0,23,618,92,23,10,736,8,4,15,750,59,0,805,108,14,3,4,133,0,0,3,135,38,0,173,0,0,0,0,0,0,0,0,0,0,0,0,731,103,27,11
LGA25150,0,0,0,3,0,0,0,0,0,0,0,0,0,0,0,3,229,21,8,5,262,5,0,5,270,17,0,280,22,9,0,0,28,0,0,0,32,4,0,35,0,0,0,0,0,0,0,0,0,0,0,0,252,24,13,7,297,0,0,0,299,17,6,320,42,4,0,0,42,0,0,0,47,0,0,49,45,8,0,0,47,0,0,0,47,3,0,51,0,0,0,0,4,0,0,0,4,0,0,4,0,0,0,0,0,0,0,0,0,0,0,0,87,9,0,0,95,0,0,0,95,6,0,103,0,0,0,0,0,0,0,0,0,0,0,0,0,0,0,0,0,0,0,0,0,0,0,0,0,0,0,0,0,0,0,0,0,0,0,0,87,6,0,0,98,0,0,3,96,6,0,104,15,0,0,0,18,0,0,0,16,8,0,29,0,0,0,0,0,0,0,0,0,0,0,0,106,9,0,0
LGA25250,24,0,0,22,26,3,0,0,28,0,0,3,33,9,0,40,1015,175,24,0,1221,33,4,42,1258,94,3,1353,199,89,9,0,300,13,0,9,311,96,0,408,0,0,0,5,5,0,0,0,5,0,0,3,1218,262,28,7,1520,46,7,49,1572,191,5,1763,203,24,3,3,236,4,0,4,242,38,0,276,207,43,9,0,262,3,0,0,265,23,0,290,17,0,5,0,23,0,0,0,23,0,0,25,0,0,0,3,8,0,0,0,8,0,0,12,432,70,17,7,525,3,0,7,536,63,0,597,3,6,0,0,4,0,0,0,3,0,0,12,8,0,0,0,7,3,0,3,8,0,0,8,8,4,0,0,15,5,0,5,16,0,0,18,442,75,17,7,539,11,0,11,551,63,4,618,112,39,6,3,158,7,3,8,168,69,0,242,0,0,0,4,0,0,0,0,0,0,0,4,554,119,20,14
LGA25340,7,0,0,10,13,0,0,0,13,0,0,0,13,4,0,12,998,138,30,9,1181,9,0,11,1191,69,0,1262,138,15,8,5,165,0,0,0,164,35,0,195,0,0,0,0,0,0,0,0,0,0,0,0,1137,157,38,12,1344,11,0,11,1354,97,5,1464,214,27,10,6,245,0,0,0,245,15,0,268,233,37,7,3,286,0,0,0,286,20,0,311,14,3,6,0,21,0,0,0,21,0,0,25,0,3,0,4,8,0,0,0,8,0,0,7,465,76,17,5,559,0,0,0,559,40,0,604,0,0,0,0,5,0,0,0,5,0,0,5,3,0,0,0,3,0,0,0,3,0,0,3,0,0,0,0,3,0,0,0,3,0,0,3,467,76,17,6,567,0,0,0,567,40,0,611,60,13,6,0,76,0,0,0,81,11,0,92,0,0,0,0,0,0,0,0,0,0,3,7,526,89,25,7
LGA25430,0,0,0,0,0,0,0,0,0,0,0,0,0,0,0,0,49,9,5,4,68,0,0,0,68,9,0,79,8,3,5,0,15,0,0,0,15,5,0,22,0,0,0,0,0,0,0,0,0,0,0,0,60,16,7,0,87,0,0,0,87,13,0,100,3,0,0,0,11,0,0,0,11,0,0,6,12,4,0,0,17,0,0,0,17,0,0,17,0,0,0,0,0,0,0,0,0,0,0,0,0,0,0,0,0,0,0,0,0,0,0,0,19,0,0,0,25,0,0,0,25,0,0,26,0,0,0,0,0,0,0,0,0,0,0,0,0,0,0,0,0,0,0,0,0,0,0,0,0,0,0,0,0,0,0,0,0,0,0,0,19,0,0,0,25,0,0,0,25,0,0,26,0,0,0,0,0,0,0,0,0,4,0,0,0,0,0,0,0,0,0,0,0,0,0,0,19,3,0,0
LGA25490,3,0,0,3,3,0,0,0,3,0,0,0,3,0,0,3,82,11,3,3,97,0,0,0,97,3,0,102,0,0,0,4,3,0,0,0,3,0,0,9,0,0,0,0,0,0,0,0,0,0,0,0,88,5,3,3,103,0,0,0,103,4,0,109,7,4,0,0,10,0,0,0,10,0,0,10,5,0,0,0,8,0,0,0,8,0,0,8,0,0,0,0,0,0,0,0,0,0,0,0,0,0,0,0,0,0,0,0,0,0,0,0,18,7,0,0,23,0,0,0,23,0,0,23,0,0,0,0,0,0,0,0,0,0,0,0,0,0,0,0,0,0,0,0,0,0,0,0,0,0,0,0,0,0,0,0,0,0,0,0,18,7,0,0,23,0,0,0,23,0,0,23,5,0,0,0,9,0,0,0,9,0,0,8,0,0,0,0,0,0,0,0,0,0,0,0,16,6,0,0
LGA25620,0,0,0,0,0,0,0,0,0,0,0,0,0,0,0,0,28,12,5,0,46,0,0,0,46,5,0,43,7,0,0,0,7,3,0,3,6,4,0,10,0,0,0,0,0,0,0,0,0,0,0,0,33,12,5,0,48,3,0,3,51,4,0,54,5,0,0,0,4,0,0,0,4,0,0,6,4,0,0,0,7,0,0,0,10,0,0,10,5,0,0,0,5,0,0,0,5,0,0,5,0,0,0,0,0,0,0,0,0,0,0,0,11,3,0,0,14,0,0,0,20,0,0,16,0,0,0,0,0,0,0,0,0,0,0,0,0,0,0,0,0,0,0,0,0,0,0,0,0,0,0,0,0,0,0,0,0,0,0,0,11,3,0,0,14,0,0,0,20,0,0,16,4,0,0,0,0,0,0,0,0,0,0,0,0,0,0,0,0,0,0,0,0,0,0,0,12,0,0,0
LGA25710,16,0,0,16,13,5,0,0,22,0,0,0,23,0,0,23,872,110,17,10,1006,11,0,13,1022,41,0,1064,133,13,4,0,149,0,0,0,149,17,0,165,0,0,0,0,0,0,0,0,0,0,0,4,1009,118,17,16,1160,11,0,13,1175,55,3,1228,201,20,7,0,218,3,0,0,226,13,0,237,197,29,3,0,229,0,0,3,232,21,0,251,10,0,0,0,13,0,0,0,13,3,0,18,0,0,0,0,3,0,0,0,3,0,0,3,405,46,5,3,472,0,0,3,473,36,0,509,0,0,0,0,0,0,0,0,0,0,0,0,13,0,0,0,13,0,0,0,13,0,0,12,13,0,0,0,13,0,0,0,13,0,0,15,418,46,5,3,477,0,0,3,481,37,0,523,61,8,0,0,69,4,0,4,75,12,0,84,0,0,0,0,0,0,0,0,0,0,0,0,476,57,9,3
LGA25810,0,0,0,0,0,0,0,0,0,0,0,0,0,0,0,0,30,3,0,0,33,0,0,0,33,0,0,35,6,0,0,0,6,0,0,0,6,0,0,6,0,0,0,0,0,0,0,0,0,0,0,0,35,3,0,0,35,0,0,0,35,0,0,35,0,0,0,0,0,0,0,0,0,0,0,0,6,0,0,0,6,0,0,0,6,0,0,6,0,0,0,0,0,0,0,0,0,0,0,0,0,0,0,0,0,0,0,0,0,0,0,0,8,0,0,0,8,0,0,0,8,0,0,12,0,0,0,0,0,0,0,0,0,0,0,0,0,0,0,0,0,0,0,0,0,0,0,0,0,0,0,0,0,0,0,0,0,0,0,0,8,0,0,0,8,0,0,0,8,0,0,12,0,0,0,0,0,0,0,0,0,0,0,0,0,0,0,0,0,0,0,0,0,0,0,0,13,0,0,0
LGA25900,3,5,0,5,3,4,0,3,6,0,0,0,12,5,0,13,442,66,7,3,526,17,5,20,546,42,0,588,84,17,0,0,103,3,0,3,105,20,0,127,0,0,0,0,0,0,0,0,0,0,4,4,525,82,12,7,628,18,5,24,648,61,7,714,83,8,6,0,98,4,3,3,101,17,0,115,89,10,0,0,106,3,0,0,108,7,0,116,4,0,0,0,8,0,0,0,8,0,0,8,0,0,0,0,0,0,0,0,0,0,0,0,180,22,6,0,206,4,8,10,215,26,0,243,0,0,0,0,3,0,0,0,3,0,0,3,0,0,0,0,0,0,0,0,0,0,0,0,3,0,0,0,4,0,0,0,6,0,0,6,182,26,6,0,210,4,10,8,222,26,0,249,52,11,4,0,59,0,0,0,64,14,0,76,0,0,0,0,0,0,0,0,0,0,0,4,233,34,6,0
LGA25990,0,0,0,0,0,0,0,0,0,0,0,0,0,0,0,0,28,0,0,0,30,0,0,0,30,0,0,31,6,4,0,0,8,0,0,0,8,4,0,9,0,0,0,0,0,0,0,0,0,0,0,0,26,4,0,0,34,0,0,0,38,3,0,39,4,0,0,0,4,0,0,0,4,0,0,4,9,0,0,0,9,0,0,0,9,0,0,9,0,0,0,0,0,0,0,0,0,0,0,0,0,0,0,0,0,0,0,0,0,0,0,0,12,0,0,0,12,0,0,0,12,0,0,12,0,0,0,0,0,0,0,0,0,0,0,0,0,0,0,0,0,0,0,0,0,0,0,0,0,0,0,0,0,0,0,0,0,0,0,0,12,0,0,0,12,0,0,0,12,0,0,12,0,0,0,0,0,0,0,0,0,3,0,0,0,0,0,0,0,0,0,0,0,0,0,0,12,0,0,0
LGA26080,0,0,0,0,0,0,0,0,0,0,0,0,0,0,0,0,14,0,0,0,15,0,0,0,15,0,0,18,0,0,0,0,0,0,0,0,0,0,0,0,0,0,0,0,0,0,0,0,0,0,0,0,14,0,0,0,18,0,0,0,18,0,0,15,6,0,0,0,6,0,0,0,6,0,0,6,0,6,0,0,4,0,0,0,4,0,0,4,0,0,0,0,0,0,0,0,0,0,0,0,0,0,0,0,0,0,0,0,0,0,0,0,7,5,0,0,12,0,0,0,12,0,0,12,0,0,0,0,0,0,0,0,0,0,0,0,0,0,0,0,0,0,0,0,0,0,0,0,0,0,0,0,0,0,0,0,0,0,0,0,7,5,0,0,12,0,0,0,12,0,0,12,0,0,0,0,0,0,0,0,0,0,0,0,0,0,0,0,0,0,0,0,0,0,0,0,7,5,0,0
LGA26170,0,0,0,0,0,0,0,0,0,0,0,0,0,0,0,0,126,18,5,0,154,0,0,0,152,10,0,157,10,0,0,0,9,0,0,0,12,9,0,18,0,0,0,0,0,0,0,0,0,0,0,0,136,21,7,0,159,3,0,3,167,15,0,180,16,4,0,0,19,0,0,0,19,0,0,20,20,3,0,0,27,0,0,0,27,0,0,27,0,0,0,0,3,0,0,0,3,0,0,3,0,0,0,0,0,0,0,0,0,0,0,0,42,3,0,0,49,0,0,0,49,0,0,51,0,0,0,0,0,0,0,0,0,0,0,0,0,0,0,0,0,0,0,0,0,0,0,0,0,0,0,0,0,0,0,0,0,0,0,0,40,3,0,0,53,0,0,0,53,3,0,50,3,0,0,0,3,0,0,0,3,0,0,3,0,0,0,0,0,0,0,0,0,0,0,0,43,3,0,0
LGA26260,0,0,0,0,0,0,0,0,0,0,0,0,0,0,0,0,48,5,0,0,51,0,0,0,53,3,0,56,0,0,0,0,0,0,0,0,0,0,0,4,0,0,0,0,0,0,0,0,0,0,0,0,49,5,0,0,53,0,0,0,55,6,0,61,4,0,0,0,4,0,0,0,4,0,0,4,0,0,0,0,0,0,0,0,0,0,0,0,0,0,0,0,0,0,0,0,0,0,0,0,0,0,0,0,0,0,0,0,0,0,0,0,8,0,0,0,8,0,0,0,8,0,0,8,0,0,0,0,0,0,0,0,0,0,0,0,0,0,0,0,0,0,0,0,0,0,0,0,0,0,0,0,0,0,0,0,0,0,0,0,8,0,0,0,8,0,0,0,8,0,0,8,0,0,0,0,0,0,0,0,0,0,0,4,0,0,0,0,0,0,0,0,0,0,0,0,6,0,0,0
LGA26350,12,5,0,16,14,3,0,0,15,3,0,3,23,5,0,26,879,104,20,6,1010,14,3,18,1030,62,0,1092,185,26,0,5,221,0,0,0,224,32,0,258,0,0,0,0,0,0,0,0,0,0,0,4,1063,136,24,13,1230,15,3,19,1252,94,0,1350,174,20,7,0,203,3,0,3,210,18,0,225,219,35,4,0,259,0,0,0,256,23,0,283,10,0,4,0,14,3,0,3,22,3,0,24,0,0,0,0,4,0,0,0,4,0,0,4,411,54,18,3,483,11,0,11,497,42,0,536,0,0,0,0,5,0,0,0,5,0,0,5,5,0,0,0,5,0,0,0,11,0,0,12,6,0,0,0,11,0,0,0,10,0,0,14,415,60,18,3,494,11,0,11,500,45,0,546,111,28,4,3,146,0,0,0,151,30,0,183,0,0,0,0,0,0,0,0,0,0,0,5,535,91,18,3
LGA26430,0,0,0,0,0,0,0,0,0,0,0,0,0,0,0,0,25,0,0,0,29,0,0,0,31,0,0,33,6,0,0,0,7,0,0,0,7,0,0,7,0,0,0,0,0,0,0,0,0,0,0,0,27,3,0,0,34,0,0,0,38,0,0,38,5,0,0,0,3,0,0,0,3,0,0,3,7,0,0,0,9,0,0,0,9,0,0,7,0,0,0,0,0,0,0,0,0,0,0,0,0,0,0,0,0,0,0,0,0,0,0,0,8,3,0,0,10,0,0,0,10,0,0,14,0,0,0,0,0,0,0,0,0,0,0,0,0,0,0,0,0,0,0,0,0,0,0,0,0,0,0,0,0,0,0,0,0,0,0,0,8,3,0,0,10,0,0,0,10,0,0,14,0,0,0,0,0,0,0,0,0,0,0,0,0,0,0,0,0,0,0,0,0,0,0,0,13,3,0,0
LGA26490,3,0,0,3,9,0,0,0,9,0,0,0,9,0,0,9,243,55,8,4,306,0,0,0,311,13,0,325,26,3,3,0,34,0,4,4,35,0,0,41,0,0,0,0,0,0,0,0,0,0,0,0,271,59,12,6,340,0,3,5,348,20,0,363,47,7,0,0,53,0,0,0,53,4,0,59,38,11,0,4,50,0,0,0,52,0,0,59,0,0,0,0,0,0,0,0,0,0,0,0,0,0,0,0,0,0,0,0,0,0,0,0,86,20,0,4,112,0,0,0,114,7,0,113,0,0,3,0,3,0,0,0,3,0,0,3,0,0,0,0,0,0,0,0,0,0,0,0,0,0,3,0,3,0,0,0,3,0,0,3,86,20,0,4,111,0,0,0,117,7,0,121,9,4,0,0,21,0,0,0,21,5,0,23,0,0,0,0,0,0,0,0,0,0,0,0,91,26,0,4
LGA26610,0,0,0,0,0,0,0,0,0,0,0,0,3,0,0,3,76,6,3,0,80,0,0,0,83,5,0,89,4,0,0,0,5,0,0,0,5,4,0,11,0,0,0,0,0,0,0,0,0,0,0,0,81,11,3,0,91,0,0,0,93,7,0,99,8,0,0,0,8,0,0,0,8,0,0,13,5,0,0,0,5,0,0,0,7,5,0,13,0,0,0,0,0,0,0,0,0,0,0,0,0,0,0,0,0,0,0,0,0,0,0,0,18,0,0,0,18,0,0,0,19,0,0,23,0,0,0,0,0,0,0,0,0,0,0,0,0,0,0,0,0,0,0,0,0,0,0,0,0,0,0,0,0,0,0,0,0,0,0,0,18,0,0,0,18,0,0,0,19,0,0,23,6,0,0,0,6,0,0,0,6,0,0,4,0,0,0,0,0,0,0,0,0,0,0,0,25,0,0,0
LGA26670,0,0,0,0,0,0,0,0,0,0,0,0,0,0,0,0,21,0,0,0,20,0,0,0,24,0,0,26,0,0,7,0,0,0,0,0,0,3,0,5,0,0,0,0,0,0,0,0,0,0,0,0,22,0,8,0,29,0,0,0,28,5,0,27,0,0,0,0,0,0,0,0,0,0,0,0,0,0,0,0,0,0,0,0,0,0,0,0,0,0,0,0,0,0,0,0,0,0,0,0,0,0,0,0,0,0,0,0,0,0,0,0,0,0,0,0,3,0,0,0,3,0,0,3,0,0,0,0,0,0,0,0,0,0,0,0,0,0,0,0,0,0,0,0,0,0,0,0,0,0,0,0,0,0,0,0,0,0,0,0,0,0,0,0,3,0,0,0,3,0,0,3,0,0,0,0,0,0,0,0,0,0,0,0,0,0,0,0,0,0,0,0,0,0,0,0,0,0,0,0
LGA26700,4,0,0,4,4,0,0,0,4,0,0,0,4,0,0,4,122,14,0,0,144,0,0,0,144,3,0,145,7,0,0,0,11,0,0,0,11,3,0,13,0,0,0,0,0,0,0,0,0,0,0,0,133,22,0,0,153,0,0,0,153,7,0,160,16,0,0,0,17,0,0,0,17,0,0,17,6,5,0,0,8,0,0,0,8,0,0,8,0,0,0,0,0,0,0,0,0,0,0,0,0,0,0,0,0,0,0,0,0,0,0,0,24,4,0,0,24,0,0,0,24,0,0,26,0,0,0,0,0,0,0,0,0,0,0,0,0,0,0,0,0,0,0,0,0,0,0,0,0,0,0,0,0,0,0,0,0,0,0,0,24,4,0,0,24,0,0,0,24,0,0,26,0,0,0,0,0,0,0,0,0,0,0,0,0,0,0,0,0,0,0,0,0,0,0,0,24,4,0,0
LGA26730,0,0,0,0,0,0,0,0,0,0,0,0,0,0,0,0,154,20,4,0,180,0,0,4,185,3,0,193,15,6,0,0,21,0,0,0,21,0,0,21,0,0,0,0,0,0,0,0,0,0,0,0,175,25,4,0,195,0,0,4,202,3,0,207,21,0,0,0,28,0,0,0,26,0,0,25,23,0,0,0,32,0,0,0,32,0,0,29,0,0,0,0,0,0,0,0,0,0,0,0,0,0,0,0,0,0,0,0,0,0,0,0,45,8,0,0,51,0,0,0,56,0,0,58,0,0,0,0,0,0,0,0,0,0,0,0,0,0,0,0,0,0,0,0,0,0,0,0,0,0,0,0,0,0,0,0,0,0,0,0,45,8,0,0,51,0,0,0,56,0,0,58,3,0,0,0,3,0,0,0,3,0,0,3,0,0,0,0,0,0,0,0,0,0,0,0,52,8,0,0
LGA26810,0,0,0,0,0,0,0,0,0,0,0,0,0,0,0,0,149,19,12,3,178,0,0,0,181,9,0,182,17,0,3,0,20,0,0,0,19,12,0,28,0,0,0,0,0,0,0,0,0,0,0,0,162,20,13,3,194,0,0,3,198,16,0,213,23,6,0,0,24,0,0,0,24,0,0,31,15,4,0,0,19,0,0,0,19,0,0,20,3,0,0,0,3,0,0,0,3,0,0,3,0,0,0,0,0,0,0,0,0,0,0,0,42,4,0,0,46,0,0,0,46,4,0,49,0,0,0,0,0,0,0,0,0,0,0,0,0,0,0,0,0,0,0,0,0,0,0,0,0,0,0,0,0,0,0,0,0,0,0,0,41,4,0,0,49,0,0,0,49,4,0,49,0,0,0,0,7,0,0,0,7,5,0,7,0,0,0,0,0,0,0,0,0,0,0,0,42,7,0,0
LGA26890,0,0,0,0,0,0,0,0,0,0,0,0,0,0,0,0,10,0,0,0,9,0,0,0,9,0,0,8,0,0,0,0,0,0,0,0,0,0,0,0,0,0,0,0,0,0,0,0,0,0,0,0,10,0,0,0,9,0,0,0,9,0,0,8,0,0,0,0,0,0,0,0,0,0,0,0,0,0,0,0,0,0,0,0,0,0,0,0,0,0,0,0,0,0,0,0,0,0,0,0,0,0,0,0,0,0,0,0,0,0,0,0,0,0,0,0,0,0,0,0,0,0,0,0,0,0,0,0,0,0,0,0,0,0,0,0,0,0,0,0,0,0,0,0,0,0,0,0,0,0,0,0,0,0,0,0,0,0,0,0,0,0,0,0,0,0,0,0,0,0,0,0,0,0,0,0,0,0,0,0,0,0,0,0,0,0,0,0,0,0,0,0,0,0,0,0,0,0,0,0
LGA26980,44,9,0,50,47,7,0,0,55,5,3,8,69,7,0,73,1857,279,34,15,2184,38,8,46,2234,150,8,2386,274,57,5,5,342,5,4,12,354,85,3,439,0,0,0,0,0,0,0,0,0,0,0,3,2131,335,40,19,2529,46,10,57,2584,233,8,2826,416,70,9,0,501,16,3,20,519,48,0,564,448,92,11,0,547,7,4,8,561,39,0,594,21,3,7,0,22,0,0,0,24,6,0,35,0,0,0,3,10,0,0,0,9,0,0,9,886,159,26,12,1082,20,11,27,1112,92,0,1205,0,0,0,0,6,3,0,7,14,0,0,14,11,5,0,0,16,0,0,0,19,0,0,18,16,8,0,0,19,3,5,13,33,0,0,28,898,169,26,12,1105,28,16,38,1140,95,0,1236,173,33,3,8,214,0,0,0,210,75,0,291,4,0,0,0,3,0,0,0,3,0,0,5,1078,203,27,14
LGA27070,50,7,0,60,62,15,3,0,83,8,8,14,96,14,0,106,1577,321,35,15,1956,40,14,51,2010,158,0,2171,346,103,10,15,468,25,14,35,508,218,0,724,6,0,0,0,3,0,0,0,3,0,6,10,1924,434,47,28,2434,62,32,90,2522,376,7,2902,404,59,0,0,469,7,0,9,476,44,0,520,327,76,8,3,414,6,0,11,422,46,4,470,24,10,3,0,30,0,0,0,30,9,0,33,4,0,0,3,8,0,0,0,8,4,0,10,751,137,16,10,916,12,8,15,931,101,4,1035,11,5,0,0,15,8,0,10,26,6,0,25,10,3,0,0,14,3,0,3,18,4,0,23,24,8,0,0,33,8,3,15,46,6,0,54,775,150,16,11,946,23,5,27,978,111,4,1085,183,65,7,4,268,3,0,3,274,167,0,440,0,0,0,0,8,0,0,0,3,0,0,8,960,218,23,20
LGA27170,0,0,0,0,0,3,0,0,8,0,0,0,8,0,0,10,125,19,0,3,151,5,0,5,151,5,0,158,14,8,0,0,23,0,0,0,23,8,0,33,0,0,0,0,0,0,0,0,0,0,0,0,146,23,4,3,174,5,0,5,175,19,0,194,16,3,0,0,25,0,0,0,25,4,0,28,15,4,0,0,17,0,4,4,18,0,0,18,0,0,0,0,0,0,0,0,0,0,0,0,0,0,0,0,0,0,0,0,0,0,0,0,31,6,6,0,42,0,4,4,45,4,0,50,0,0,0,0,0,0,0,0,4,0,0,4,0,0,0,0,0,0,0,0,0,0,0,0,0,0,0,0,0,0,0,0,4,3,0,3,34,6,6,0,47,0,4,4,48,6,0,56,5,0,0,4,8,0,0,0,8,3,0,11,0,0,0,0,0,0,0,0,0,0,0,0,39,9,6,5
LGA27260,49,0,0,59,70,18,0,0,90,20,0,22,108,10,0,120,1875,299,44,30,2247,67,17,85,2331,162,8,2497,433,101,20,14,569,14,6,27,592,189,3,777,0,0,0,7,8,0,0,0,8,0,4,15,2306,397,60,53,2818,84,25,109,2924,352,13,3292,430,74,10,4,513,11,3,10,531,45,0,579,344,74,7,0,427,11,3,18,444,56,5,502,23,3,8,0,37,0,0,0,37,7,0,40,8,0,0,11,19,0,0,0,17,4,0,22,798,151,23,18,996,25,5,27,1019,114,0,1137,7,6,0,0,16,3,0,6,20,6,0,27,10,5,0,0,16,4,3,4,25,0,0,26,24,16,0,0,38,10,9,15,49,8,0,53,824,166,23,20,1030,30,15,40,1071,120,0,1198,222,47,10,6,290,16,0,15,303,105,4,413,4,3,0,0,3,0,0,0,3,0,0,6,1044,216,37,28
LGA27350,3,0,0,3,10,0,0,0,10,0,0,0,10,0,0,14,357,55,6,3,421,9,0,11,440,34,0,474,37,11,0,0,54,0,0,0,61,22,0,79,0,0,0,0,0,0,0,0,0,0,5,3,399,72,6,8,482,8,7,18,499,58,3,557,80,16,0,3,93,0,0,0,96,10,0,103,56,11,0,0,71,0,0,0,73,5,0,78,0,5,0,0,3,0,0,0,3,5,0,11,0,0,0,0,0,0,0,0,0,0,0,0,136,30,0,7,168,0,3,4,176,18,0,192,0,0,0,0,3,0,0,0,3,0,0,3,0,0,0,0,0,0,0,0,3,0,0,3,0,0,0,0,3,0,0,0,7,0,0,7,142,30,0,7,176,0,3,3,177,18,0,194,28,8,0,0,45,0,0,0,45,19,0,65,0,0,0,0,0,0,0,0,0,0,6,6,173,41,0,8
LGA27450,17,0,0,13,16,0,0,0,16,3,4,6,24,0,0,23,1114,134,43,9,1297,15,6,16,1316,59,0,1378,175,32,4,0,214,5,0,8,219,33,0,254,0,0,0,0,3,0,0,0,3,0,0,3,1292,164,45,14,1509,15,10,25,1539,88,0,1630,261,27,9,0,295,4,0,4,299,16,0,311,222,46,11,0,274,3,0,3,280,17,0,290,7,6,5,0,15,0,0,0,15,5,0,22,0,0,0,7,9,0,0,0,9,0,0,8,489,74,23,4,593,8,0,8,597,36,0,633,0,0,0,0,0,0,0,0,0,0,0,0,0,0,0,0,0,0,0,0,0,0,0,0,0,0,0,0,0,0,0,0,0,0,0,0,494,74,23,5,596,8,0,8,596,36,0,638,79,15,8,3,100,0,0,0,100,30,0,137,0,0,0,0,0,0,0,0,0,0,3,3,568,88,26,5
LGA27630,0,0,0,0,0,0,0,0,0,0,0,0,0,0,0,0,22,0,0,0,22,0,0,0,22,0,0,22,0,0,0,0,0,0,0,0,0,0,0,0,0,0,0,0,0,0,0,0,0,0,0,0,22,0,0,0,22,0,0,0,22,0,0,20,0,0,0,0,0,0,0,0,0,0,0,0,0,0,0,0,0,0,0,0,0,0,0,0,0,0,0,0,0,0,0,0,0,0,0,0,0,0,0,0,0,0,0,0,0,0,0,0,4,0,0,0,4,0,0,0,4,0,0,4,0,0,0,0,0,0,0,0,0,0,0,0,0,0,0,0,0,0,0,0,0,0,0,0,0,0,0,0,0,0,0,0,0,0,0,0,4,0,0,0,4,0,0,0,4,0,0,4,0,0,0,0,0,0,0,0,0,0,0,0,0,0,0,0,0,0,0,0,0,0,0,0,4,0,0,0
LGA29399,0,0,0,0,0,0,0,0,0,0,0,0,0,0,0,0,0,0,0,0,0,0,0,0,0,0,0,0,0,0,0,0,0,0,0,0,0,0,0,0,0,0,0,0,0,0,0,0,0,0,0,0,0,0,0,0,0,0,0,0,0,0,0,0,0,0,0,0,0,0,0,0,0,0,0,0,0,0,0,0,0,0,0,0,0,0,0,0,0,0,0,0,0,0,0,0,0,0,0,0,0,0,0,0,0,0,0,0,0,0,0,0,0,0,0,0,0,0,0,0,0,0,0,0,0,0,0,0,0,0,0,0,0,0,0,0,0,0,0,0,0,0,0,0,0,0,0,0,0,0,0,0,0,0,0,0,0,0,0,0,0,0,0,0,0,0,0,0,0,0,0,0,0,0,0,0,0,0,0,0,0,0,0,0,0,0,0,0,0,0,0,0,0,0,0,0,0,0,0,0
LGA29499,0,0,0,0,0,0,0,0,0,0,0,0,0,0,0,0,0,0,0,0,0,0,0,0,0,0,0,0,0,0,0,0,0,0,0,0,0,0,0,0,0,0,0,0,0,0,0,0,0,0,0,0,0,0,0,0,0,0,0,0,0,0,0,0,0,0,0,0,0,0,0,0,0,0,0,0,0,0,0,0,0,0,0,0,0,0,0,0,0,0,0,0,0,0,0,0,0,0,0,0,0,0,0,0,0,0,0,0,0,0,0,0,0,0,0,0,0,0,0,0,0,0,0,0,0,0,0,0,0,0,0,0,0,0,0,0,0,0,0,0,0,0,0,0,0,0,0,0,0,0,0,0,0,0,0,0,0,0,0,0,0,0,0,0,0,0,0,0,0,0,0,0,0,0,0,0,0,0,0,0,0,0,0,0,0,0,0,0,0,0,0,0,0,0,0,0,0,0,0,0
LGA29799,0,0,0,0,0,0,0,0,0,0,0,0,0,0,0,0,0,0,0,0,0,0,0,0,0,0,0,0,0,0,0,0,0,0,0,0,0,0,0,0,0,0,0,0,0,0,0,0,0,0,0,0,0,0,0,0,0,0,0,0,0,0,0,0,0,0,0,0,0,0,0,0,0,0,0,0,0,0,0,0,0,0,0,0,0,0,0,0,0,0,0,0,0,0,0,0,0,0,0,0,0,0,0,0,0,0,0,0,0,0,0,0,0,0,0,0,0,0,0,0,0,0,0,0,0,0,0,0,0,0,0,0,0,0,0,0,0,0,0,0,0,0,0,0,0,0,0,0,0,0,0,0,0,0,0,0,0,0,0,0,0,0,0,0,0,0,0,0,0,0,0,0,0,0,0,0,0,0,0,0,0,0,0,0,0,0,0,0,0,0,0,0,0,0,0,0,0,0,0,0
