LGA_CODE_2021,Afghanistan_Before_1951,Afghanistan_1951_1960,Afghanistan_1961_1970,Afghanistan_1971_1980,Afghanistan_1981_1990,Afghanistan_1991_2000,Afghanistan_2001_2010,Afghanistan_2011_2015,Afghanistan_2016,Afghanistan_2017,Afghanistan_2018,Afghanistan_2019,Afghanistan_2020,Afghanistan_2021,Afghanistan_Yr_arrival_NS,Afghanistan_Tot,Bangladesh_Before_1951,Bangladesh_1951_1960,Bangladesh_1961_1970,Bangladesh_1971_1980,Bangladesh_1981_1990,Bangladesh_1991_2000,Bangladesh_2001_2010,Bangladesh_2011_2015,Bangladesh_2016,Bangladesh_2017,Bangladesh_2018,Bangladesh_2019,Bangladesh_2020,Bangladesh_2021,Bangladesh_Yr_arrival_NS,Bangladesh_Tot,Canada_Before_1951,Canada_1951_1960,Canada_1961_1970,Canada_1971_1980,Canada_1981_1990,Canada_1991_2000,Canada_2001_2010,Canada_2011_2015,Canada_2016,Canada_2017,Canada_2018,Canada_2019,Canada_2020,Canada_2021,Canada_Yr_arrival_NS,Canada_Tot,China_exc_SARs_Taiw_Bef_1951,China_exc_SARs_Taiwan_51_60,China_exc_SARs_Taiwan_61_70,China_exc_SARs_Taiwan_71_80,China_exc_SARs_Taiwan_81_90,China_exc_SARs_Taiwan_91_00,China_exc_SARs_Taiwan_01_10,China_exc_SARs_Taiwan_11_15,China_exc_SARs_Taiwan_2016,China_exc_SARs_Taiwan_2017,China_exc_SARs_Taiwan_2018,China_exc_SARs_Taiwan_2019,China_exc_SARs_Taiwan_2020,China_exc_SARs_Taiwan_2021,China_exc_SARs_Tawan_arr_ns,China_exc_SARs_Taiwan_Tot,Croatia_Before_1951,Croatia_1951_1960,Croatia_1961_1970,Croatia_1971_1980,Croatia_1981_1990,Croatia_1991_2000,Croatia_2001_2010,Croatia_2011_2015,Croatia_2016,Croatia_2017,Croatia_2018,Croatia_2019,Croatia_2020,Croatia_2021,Croatia_Yr_arrival_NS,Croatia_Tot,Egypt_Before_1951,Egypt_1951_1960,Egypt_1961_1970,Egypt_1971_1980,Egypt_1981_1990,Egypt_1991_2000,Egypt_2001_2010,Egypt_2011_2015,Egypt_2016,Egypt_2017,Egypt_2018,Egypt_2019,Egypt_2020,Egypt_2021,Egypt_Yr_arrival_NS,Egypt_Tot,Fiji_Before_1951,Fiji_1951_1960,Fiji_1961_1970,Fiji_1971_1980,Fiji_1981_1990,Fiji_1991_2000,Fiji_2001_2010,Fiji_2011_2015,Fiji_2016,Fiji_2017,Fiji_2018,Fiji_2019,Fiji_2020,Fiji_2021,Fiji_Yr_arrival_NS,Fiji_Tot,Germany_Before_1951,Germany_1951_1960,Germany_1961_1970,Germany_1971_1980,Germany_1981_1990,Germany_1991_2000,Germany_2001_2010,Germany_2011_2015,Germany_2016,Germany_2017,Germany_2018,Germany_2019,Germany_2020,Germany_2021,Germany_Yr_arrival_NS,Germany_Tot,Greece_Before_1951,Greece_1951_1960,Greece_1961_1970,Greece_1971_1980,Greece_1981_1990,Greece_1991_2000,Greece_2001_2010,Greece_2011_2015,Greece_2016,Greece_2017,Greece_2018,Greece_2019,Greece_2020,Greece_2021,Greece_Yr_arrival_NS,Greece_Tot,Hng_Kng_SAR_China_Bfre_1951,Hng_Kng_SAR_China_1951_1960,Hng_Kng_SAR_China_1961_1970,Hng_Kng_SAR_China_1971_1980,Hng_Kng_SAR_China_1981_1990,Hng_Kng_SAR_China_1991_2000,Hng_Kng_SAR_China_2001_2010,Hng_Kng_SAR_China_2011_2015,Hong_Kong_SAR_China_2016,Hong_Kong_SAR_China_2017,Hong_Kong_SAR_China_2018,Hong_Kong_SAR_China_2019,Hong_Kong_SAR_China_2020,Hong_Kong_SAR_China_2021,Hng_Kng_SAR_Chna_arrival_ns,Hong_Kong_SAR_China_Tot,India_Before_1951,India_1951_1960,India_1961_1970,India_1971_1980,India_1981_1990,India_1991_2000,India_2001_2010,India_2011_2015,India_2016,India_2017,India_2018,India_2019,India_2020,India_2021,India_Yr_arrival_NS,India_Tot,Indonesia_Before_1951,Indonesia_1951_1960,Indonesia_1961_1970,Indonesia_1971_1980,Indonesia_1981_1990,Indonesia_1991_2000,Indonesia_2001_2010,Indonesia_2011_2015,Indonesia_2016,Indonesia_2017,Indonesia_2018,Indonesia_2019,Indonesia_2020,Indonesia_2021,Indonesia_Yr_arrival_ns,Indonesia_Tot,Iran_Before_1951,Iran_1951_1960,Iran_1961_1970,Iran_1971_1980,Iran_1981_1990,Iran_1991_2000,Iran_2001_2010,Iran_2011_2015
LGA20110,0,0,0,0,0,0,0,0,0,0,0,0,0,0,0,0,0,0,0,0,0,0,0,0,0,0,0,0,0,0,0,0,0,0,4,3,15,5,13,7,0,0,0,0,0,0,0,52,0,0,0,0,0,0,7,4,0,0,0,0,0,0,0,19,0,4,9,0,0,0,0,0,0,0,0,0,0,0,0,12,0,0,0,0,0,0,0,0,0,0,0,0,0,0,0,0,0,0,0,0,4,0,0,0,0,0,0,0,0,0,0,5,14,45,16,8,8,10,0,0,0,0,0,6,0,0,5,111,0,0,0,0,0,0,0,0,0,0,0,0,0,0,0,5,0,0,0,0,0,0,0,0,0,0,0,0,0,0,0,11,0,0,0,0,3,0,13,12,5,3,3,0,0,0,0,39,0,0,0,0,0,3,4,4,0,4,0,0,0,0,0,15,0,0,0,0,0,0,0,0
LGA20260,0,0,0,0,0,0,0,0,0,0,0,0,0,0,10,10,0,0,0,0,0,0,0,0,0,0,0,0,0,0,0,3,0,0,0,0,0,0,3,0,0,0,0,0,0,0,0,6,0,0,0,0,0,0,0,4,0,0,0,18,0,0,5,37,0,0,5,0,0,0,0,0,0,0,0,0,0,0,0,7,0,0,0,0,0,0,0,0,0,0,0,0,0,0,7,8,0,0,0,0,0,0,0,0,0,0,0,0,0,0,0,10,5,18,5,4,0,0,3,0,0,0,0,0,0,0,9,45,0,0,0,0,0,0,0,0,0,0,0,0,0,0,3,10,0,0,0,0,0,0,0,3,0,0,0,0,5,0,3,9,0,0,5,0,0,5,32,16,5,24,20,9,6,0,14,127,0,0,0,0,3,0,0,0,0,0,0,0,5,0,10,19,0,0,0,0,0,0,0,0
LGA20570,0,0,0,0,0,3,5,13,0,0,0,0,0,0,0,18,0,0,0,0,0,0,42,25,0,3,0,0,3,0,0,93,0,0,19,19,13,21,37,11,5,6,6,6,0,0,0,140,0,0,9,3,10,25,256,154,38,36,48,75,17,0,13,677,0,43,58,12,0,9,0,0,0,0,0,0,0,0,6,129,5,9,7,0,0,6,17,3,3,0,4,0,0,0,0,48,3,0,0,0,8,8,14,12,0,0,5,6,0,0,3,70,54,100,26,25,22,12,32,13,5,0,0,0,4,0,12,310,0,24,22,4,0,0,0,0,0,0,0,0,0,0,6,66,0,0,0,13,7,10,14,7,3,6,0,3,6,0,0,72,3,6,16,14,13,32,544,394,127,122,177,238,99,19,50,1846,0,3,0,3,8,12,22,28,3,3,0,4,3,0,0,90,0,0,0,0,7,0,23,19
LGA20660,0,0,0,0,0,11,4,6,10,0,0,0,0,0,0,30,0,0,0,5,3,11,27,16,0,5,3,3,0,0,0,64,0,3,5,28,26,38,54,49,9,13,5,9,0,5,0,248,0,20,17,13,336,464,1414,724,155,158,170,157,67,8,68,3780,0,33,198,54,15,44,4,3,0,0,0,0,0,0,10,362,4,39,69,18,31,31,19,14,0,6,8,0,4,0,4,245,0,0,3,12,18,17,32,14,0,0,0,3,0,0,0,95,96,123,62,29,27,35,59,31,0,14,8,6,0,7,16,512,29,259,530,96,37,9,19,32,0,9,6,6,0,0,31,1072,0,4,18,45,106,132,75,53,14,15,11,15,17,0,8,516,4,9,44,76,97,199,668,516,116,184,173,222,88,18,30,2450,0,11,9,5,32,66,93,30,11,12,15,11,16,0,7,309,0,0,0,6,49,36,167,331
LGA20740,0,0,0,0,0,0,0,0,0,0,0,0,0,0,0,3,0,0,0,0,0,0,3,3,0,0,0,0,0,0,0,6,0,0,8,3,11,9,14,11,0,0,0,0,3,0,0,59,0,3,4,0,7,4,22,18,7,0,4,13,8,0,0,84,0,5,12,9,0,0,0,0,0,0,0,0,0,0,0,29,0,3,9,0,0,8,0,0,0,0,0,0,0,0,0,23,0,0,0,4,4,4,0,6,0,0,0,0,0,0,0,18,30,69,42,13,28,6,18,13,0,3,0,4,4,0,7,227,0,12,46,11,0,0,0,0,0,0,0,0,0,0,7,82,0,0,0,0,7,5,6,0,0,0,0,0,0,0,0,22,0,0,21,13,7,4,48,57,10,8,16,16,10,0,4,210,0,6,3,0,0,3,0,6,0,4,8,4,4,0,3,43,0,0,0,0,0,0,0,3
LGA20830,0,0,0,0,0,0,0,0,0,0,0,0,0,0,0,5,0,0,0,0,0,0,0,0,0,0,0,0,0,0,0,3,0,0,4,9,13,10,13,9,6,0,4,0,0,3,0,69,0,0,3,0,4,11,27,22,17,14,3,8,0,0,9,136,0,10,15,11,0,4,0,0,0,0,0,0,0,0,0,40,0,6,7,0,0,0,0,0,0,0,0,0,0,0,0,16,0,0,3,3,5,5,12,0,0,0,0,4,0,0,0,34,48,86,36,15,27,12,17,11,0,0,0,0,0,0,12,268,0,6,18,7,0,0,0,0,0,0,0,0,0,0,3,32,0,0,4,3,6,6,4,5,0,0,0,6,3,0,0,21,5,3,8,10,10,16,129,71,9,16,23,24,3,0,0,332,0,0,4,0,0,5,15,7,0,6,4,12,10,0,0,56,0,0,0,0,0,5,0,3
LGA20910,0,0,0,0,7,9,4,4,3,0,0,0,0,0,0,29,0,0,0,0,8,5,4,0,3,0,4,0,0,0,0,25,0,4,16,45,47,42,97,52,19,16,12,6,0,3,4,362,11,14,13,22,192,287,597,495,148,170,145,179,98,14,53,2436,0,23,69,10,11,36,5,6,0,0,0,0,0,0,9,177,3,35,75,27,27,18,13,8,0,0,0,4,0,0,8,224,0,0,6,11,17,22,4,4,0,0,4,0,0,0,0,66,85,126,75,44,58,72,110,62,5,19,11,22,20,6,25,735,3,148,376,81,24,10,6,21,5,0,0,0,0,0,26,705,0,0,14,31,43,59,45,26,7,12,20,22,22,4,9,324,11,11,73,73,99,131,233,89,30,37,55,36,12,8,21,921,4,9,9,7,8,33,46,25,0,9,4,11,15,0,0,159,0,0,0,5,32,11,55,49
LGA21010,0,0,0,0,0,0,0,0,0,0,0,0,0,0,0,3,0,0,0,0,0,0,0,0,0,0,0,0,0,0,0,6,0,0,0,4,0,4,0,0,0,0,4,0,0,0,0,15,0,0,0,0,0,0,19,5,0,0,3,4,0,0,0,30,0,0,5,0,0,0,0,0,0,0,0,0,0,0,0,5,0,0,0,0,0,0,0,0,0,0,0,0,0,0,0,5,0,0,0,0,0,0,4,0,0,0,0,0,0,0,0,10,14,39,10,9,4,0,4,5,0,0,0,0,0,0,0,97,0,3,3,0,0,0,0,0,0,0,0,0,0,0,0,9,0,0,0,0,0,0,0,0,0,0,0,0,0,0,0,3,0,3,0,0,0,0,23,16,3,21,21,11,6,0,0,106,0,0,0,0,0,0,0,0,0,3,0,0,0,0,0,7,0,0,0,0,0,0,0,5
LGA21110,0,0,0,0,9,8,3,9,0,0,0,0,0,0,0,23,0,0,0,3,3,14,28,33,7,10,3,9,8,0,0,126,0,3,24,54,63,52,95,58,19,16,19,18,9,0,5,428,17,49,68,102,1272,1643,3660,2888,775,666,669,867,394,98,227,13393,4,30,87,14,5,20,4,0,0,0,0,0,0,0,4,176,7,48,59,22,37,28,44,24,0,6,3,10,0,0,0,288,5,6,18,16,50,27,24,6,4,0,0,0,0,0,3,160,116,104,60,41,58,44,79,40,6,10,10,14,8,5,8,601,29,483,811,129,33,17,12,26,0,3,0,6,3,0,34,1586,9,28,70,221,522,429,215,188,50,54,67,60,73,26,37,2046,19,15,119,183,250,405,999,567,223,295,340,389,149,28,46,4047,6,6,28,31,89,219,176,85,25,25,33,31,28,3,4,782,0,0,8,7,145,56,162,219
LGA21180,0,0,0,0,8,31,117,284,24,37,54,34,13,10,11,618,0,0,0,8,14,43,141,93,24,20,21,32,14,0,10,415,0,0,9,0,12,17,36,8,5,8,0,3,0,0,0,101,0,8,0,21,244,354,834,363,76,78,63,91,16,4,40,2202,8,122,1054,372,151,189,60,21,0,0,3,0,0,0,57,2035,11,82,119,111,133,110,158,119,4,4,16,16,16,0,25,924,0,0,0,30,169,110,125,58,11,17,23,30,7,0,19,614,252,241,73,35,35,42,44,13,0,0,5,4,0,0,21,786,7,370,1029,297,77,35,13,67,10,3,0,10,0,0,104,2031,6,0,4,35,175,148,95,47,0,3,9,9,3,0,9,538,5,0,151,201,336,414,2240,1276,478,545,977,1113,285,42,149,8209,0,6,4,18,64,146,120,48,13,16,13,15,7,0,7,478,0,0,6,8,18,21,55,272
LGA21270,0,0,0,0,0,0,0,0,0,0,0,0,0,0,0,0,0,0,0,0,0,0,0,0,0,0,0,3,0,0,0,3,0,0,0,0,0,0,0,0,0,0,0,0,0,0,0,3,0,0,0,0,3,0,0,0,0,0,0,0,0,0,0,6,0,0,0,0,0,0,0,0,0,0,0,0,0,0,0,0,0,0,0,0,0,0,0,0,0,0,0,0,0,0,0,0,0,0,0,0,0,0,0,0,0,0,0,0,0,0,0,9,0,8,0,5,0,0,0,0,0,0,0,0,0,0,0,11,0,0,0,0,0,0,0,0,0,0,0,0,0,0,0,0,0,0,0,0,0,0,0,0,0,0,0,0,0,0,0,3,0,0,0,0,0,0,8,4,3,0,7,5,0,0,0,30,0,0,0,0,0,0,0,0,0,0,0,0,0,0,0,0,0,0,0,0,0,0,0,0
LGA21370,0,0,0,0,0,0,0,0,0,0,0,0,0,0,0,0,0,0,0,0,0,0,6,0,0,0,0,4,0,0,0,12,0,0,0,0,0,4,9,0,5,0,0,0,0,0,0,21,0,0,0,0,0,3,7,15,6,0,0,8,3,0,5,54,0,3,4,0,0,3,0,0,0,0,0,0,0,0,0,12,0,3,5,0,0,0,0,4,0,4,0,0,4,0,0,18,0,0,4,0,3,5,3,0,0,0,3,3,0,0,0,18,9,26,9,5,0,0,9,3,0,0,3,0,0,5,4,80,0,7,9,0,0,0,0,0,0,0,0,0,0,0,0,19,0,0,0,0,6,0,0,0,0,0,0,0,0,0,0,9,0,0,0,3,0,4,33,31,5,8,9,26,7,0,3,134,0,0,0,0,0,6,0,5,0,0,0,0,0,0,0,15,0,0,0,0,0,0,0,0
LGA21450,0,0,0,0,15,62,121,98,21,12,13,8,4,3,7,362,0,0,0,0,3,18,106,63,9,9,3,13,5,0,0,220,0,0,5,11,21,15,36,20,4,10,6,0,9,0,0,132,0,0,15,11,27,32,192,140,28,77,40,53,8,4,17,643,0,8,76,40,19,27,3,4,0,0,0,0,0,0,7,174,3,18,18,11,4,10,102,105,8,7,5,0,0,4,0,278,0,0,3,3,38,33,82,33,6,8,20,7,0,0,4,239,36,133,75,30,48,19,40,27,3,7,3,0,0,0,10,423,0,23,29,12,4,3,7,17,0,0,0,0,0,0,4,100,0,0,0,4,13,17,21,12,4,0,5,0,0,5,6,95,5,3,29,28,72,127,2052,1229,339,322,318,364,132,27,76,5139,0,3,0,4,12,17,66,30,11,6,5,11,3,0,3,170,0,0,0,0,3,13,28,42
LGA21610,0,0,0,17,216,1389,4685,4336,756,906,651,925,341,269,197,14679,0,0,0,9,18,85,350,198,23,47,14,22,3,0,7,771,0,3,16,27,30,43,69,28,3,14,14,4,9,3,3,268,0,17,89,52,406,540,2289,1218,248,252,236,308,86,16,90,5859,3,37,378,209,60,299,174,16,4,3,0,3,0,0,41,1233,10,26,106,56,119,182,437,239,23,13,35,26,7,0,34,1318,0,0,5,58,463,573,705,237,32,45,31,48,17,11,45,2276,85,266,145,94,86,91,97,29,6,6,6,3,8,0,28,949,3,87,396,174,77,38,34,120,18,10,3,0,0,0,22,979,0,4,12,29,129,146,134,64,16,11,4,20,9,0,9,589,17,11,191,371,855,1863,14491,6976,1563,1459,1647,1723,646,140,401,32355,3,6,5,31,108,185,391,155,32,32,14,25,7,0,12,997,0,3,0,0,41,87,347,903
LGA21670,0,0,0,0,0,0,0,0,0,0,0,0,0,0,0,0,0,0,0,0,0,0,0,0,0,0,0,0,0,0,0,0,0,0,5,0,0,0,0,0,0,0,0,0,0,0,0,11,0,0,0,0,0,0,6,5,0,0,0,4,0,0,0,17,0,0,5,0,0,0,0,0,0,0,0,0,0,0,0,0,0,3,0,0,0,0,0,0,0,0,0,0,0,0,0,0,0,0,0,4,5,0,0,0,0,0,0,0,0,0,0,8,3,9,8,10,3,0,0,0,0,0,0,0,0,0,4,36,0,5,6,3,0,0,0,0,0,0,0,0,0,0,0,19,0,0,0,0,0,0,0,0,0,0,0,0,0,0,0,0,0,0,3,3,3,0,9,9,0,0,0,4,0,0,4,39,0,0,0,0,0,0,0,0,0,0,0,0,0,0,0,3,0,0,0,0,0,0,0,0
LGA21750,0,0,0,0,0,0,7,7,0,3,0,0,0,0,0,25,0,0,0,0,0,0,4,0,0,0,0,0,0,0,0,4,0,0,0,5,4,0,0,0,0,0,0,0,0,0,0,12,0,0,0,0,5,4,30,11,8,42,53,22,6,0,0,181,0,3,6,0,0,0,0,0,0,0,0,0,0,0,0,10,0,0,6,0,0,0,3,0,0,0,0,0,0,0,0,11,0,0,0,0,0,3,0,4,0,0,0,0,0,0,0,10,7,24,3,7,3,3,8,6,0,0,0,0,0,0,0,63,0,7,0,0,0,0,0,0,0,0,0,0,0,0,0,16,0,0,0,0,0,0,0,0,0,0,6,0,0,0,0,10,0,0,3,0,0,0,17,29,6,6,7,5,5,0,0,88,0,0,0,0,0,0,4,3,0,0,8,0,0,0,0,22,0,0,0,0,0,0,0,0
LGA21830,0,0,0,0,0,0,0,0,0,0,0,0,0,0,0,0,0,0,0,0,0,0,0,0,0,0,0,0,0,0,0,0,0,0,0,0,0,0,0,3,0,0,0,0,0,0,0,4,0,0,0,0,0,0,3,4,6,0,5,0,0,0,0,17,0,0,0,0,0,0,0,0,0,0,0,0,0,0,0,0,0,0,0,0,0,0,0,0,0,0,0,0,0,0,0,4,0,0,0,0,0,0,0,0,0,0,0,0,0,0,0,5,3,10,6,5,5,0,0,0,6,0,0,0,0,0,0,43,0,0,0,0,0,0,0,0,0,0,0,0,0,0,0,6,0,0,0,0,0,0,0,0,0,0,0,0,0,0,0,0,0,0,0,0,0,5,5,0,4,0,5,0,6,0,0,31,0,0,0,0,0,0,3,4,0,0,0,0,0,0,0,8,0,0,0,0,0,0,0,0
LGA21890,0,0,0,0,8,20,16,12,5,0,0,4,0,0,8,71,0,0,0,3,3,11,67,62,27,25,18,13,4,0,4,241,0,3,14,28,38,55,95,75,21,8,22,14,3,7,8,402,3,6,13,20,452,572,1203,622,153,212,280,186,46,4,84,3868,4,25,153,65,18,31,11,4,4,0,0,0,0,0,22,334,4,33,82,25,52,32,16,26,4,8,17,5,4,0,8,316,0,0,5,19,80,39,27,13,3,5,4,0,0,0,7,194,31,45,39,39,41,54,104,65,25,12,19,3,7,3,14,501,33,616,2369,553,143,54,31,145,12,19,14,9,9,0,243,4240,0,0,4,17,74,62,68,50,11,14,14,18,6,5,4,341,3,4,34,56,108,147,864,567,204,346,559,562,159,32,75,3726,0,0,0,7,31,75,93,51,14,19,16,10,5,0,6,333,0,0,0,3,23,31,93,209
LGA22110,0,0,0,0,0,0,0,0,0,0,0,0,0,0,0,0,0,0,0,0,0,0,0,0,3,0,0,0,0,0,0,4,0,0,4,17,7,12,11,10,0,0,0,6,0,0,0,75,0,0,0,0,7,7,28,23,8,3,3,3,0,0,8,93,0,7,0,0,0,0,0,0,0,0,0,0,0,0,0,12,0,13,6,0,0,0,5,4,0,0,0,0,0,3,0,31,0,0,0,7,5,0,6,0,0,0,0,0,0,0,0,31,37,91,63,21,25,7,13,6,0,0,0,3,0,0,6,277,0,10,12,8,0,0,0,0,0,0,0,0,0,0,6,39,0,3,0,0,6,0,0,4,0,0,0,0,0,0,4,15,10,0,5,3,5,10,55,43,16,8,15,13,9,0,4,197,5,0,0,0,5,3,10,5,0,0,0,0,0,0,0,33,0,0,0,0,0,0,0,7
LGA22170,0,0,0,0,32,58,32,12,4,3,0,0,0,0,0,146,0,0,0,6,0,8,18,5,0,3,5,4,0,0,0,42,0,6,23,19,28,29,49,37,12,6,12,7,0,0,11,236,0,8,9,9,55,92,393,232,63,60,52,92,17,6,18,1110,0,18,74,35,21,65,29,5,0,0,0,0,0,0,3,252,3,23,37,10,11,9,22,12,0,0,3,0,0,0,5,147,0,0,6,11,61,54,97,9,12,6,0,3,4,0,4,271,69,160,128,65,96,44,90,26,8,8,0,0,8,0,22,724,7,80,172,77,26,14,15,45,0,3,0,4,0,0,27,465,0,3,7,13,29,27,31,18,4,10,35,14,14,0,0,215,3,8,62,75,93,137,711,275,58,42,72,84,32,13,28,1697,0,7,3,9,13,34,50,22,3,6,8,5,3,0,10,180,0,0,0,0,12,10,24,52
LGA22250,0,0,0,0,0,0,0,0,0,0,0,0,0,0,0,0,0,0,0,0,0,0,0,0,0,0,0,0,0,0,0,0,0,0,0,4,0,0,0,0,0,0,0,0,0,0,0,7,0,0,0,0,0,0,8,5,0,0,0,3,0,0,0,17,0,0,0,0,0,0,0,0,0,0,0,0,0,0,0,0,0,0,5,0,0,0,0,0,0,0,0,0,0,0,0,3,0,0,0,0,0,0,0,0,0,0,0,0,0,0,0,3,6,5,6,0,0,0,0,0,0,0,0,0,0,0,0,18,0,0,4,0,0,0,0,0,0,0,0,0,0,0,0,6,0,0,0,0,0,0,0,0,0,0,0,0,0,0,0,0,0,5,4,0,0,0,11,9,0,4,0,3,0,0,6,41,0,0,0,0,0,0,0,0,0,0,0,0,0,0,0,4,0,0,0,0,0,0,3,0
LGA22310,0,0,0,0,0,11,4,6,0,0,0,0,0,3,0,35,0,0,4,0,4,15,33,25,7,10,4,13,3,0,0,113,0,0,27,42,37,51,70,55,13,9,22,21,6,3,7,366,11,32,18,34,430,631,1988,1442,391,391,428,621,164,49,116,6732,3,25,87,18,8,40,4,4,0,0,0,0,0,0,3,199,11,66,87,29,23,14,13,14,3,5,0,4,5,0,9,296,0,8,4,20,35,21,18,20,5,5,0,6,4,0,3,135,172,177,68,43,49,58,91,66,10,3,16,12,4,0,24,789,24,379,1142,235,31,23,17,73,0,3,17,3,0,0,67,2033,0,9,16,57,121,94,130,78,21,31,25,30,18,13,23,664,13,18,120,154,198,337,1436,1147,438,640,816,845,251,54,86,6549,0,6,4,27,38,155,151,74,16,16,25,29,23,8,10,576,0,0,0,0,29,17,58,86
LGA22410,0,0,0,0,0,0,0,0,0,0,0,0,0,0,0,0,0,0,0,0,0,0,0,0,0,0,0,0,0,0,0,0,0,0,0,0,4,6,4,4,3,0,0,0,0,0,0,17,0,0,0,0,0,0,0,9,0,0,3,0,0,0,0,18,0,0,3,0,0,0,0,0,0,0,0,0,0,0,0,11,0,0,0,0,0,0,0,0,0,0,0,0,0,0,0,9,0,0,0,0,0,5,0,0,0,0,0,0,0,0,0,4,12,20,9,0,3,0,0,0,0,0,0,0,0,0,0,45,0,0,4,0,0,0,0,4,0,0,0,0,0,0,0,11,0,0,0,0,0,0,0,0,0,0,0,0,0,0,0,0,0,0,4,0,0,3,10,10,0,5,8,12,0,0,9,69,0,0,0,0,4,0,3,0,0,0,0,0,0,0,0,10,0,0,0,0,0,0,0,4
LGA22490,0,0,0,0,0,0,0,0,0,0,0,0,0,0,0,0,0,0,0,0,0,0,0,0,0,0,0,0,0,0,0,0,0,0,3,0,3,6,3,0,0,0,0,0,0,0,0,18,0,0,0,0,3,7,8,4,0,0,0,0,0,0,0,19,0,7,21,3,0,6,5,0,0,0,0,0,0,0,0,46,0,0,0,0,0,0,0,0,0,0,0,0,0,0,0,3,0,0,0,0,0,0,0,0,0,0,0,0,0,0,0,0,15,40,16,12,15,5,4,0,0,0,0,0,0,0,3,112,0,4,4,0,0,0,0,0,0,0,0,0,0,0,0,16,0,0,0,0,0,0,0,0,0,0,0,0,0,0,0,7,0,0,3,6,3,0,7,12,0,0,0,3,0,0,5,41,0,0,0,0,0,4,0,0,0,0,5,0,0,0,0,9,0,0,0,0,5,0,0,0
LGA22620,0,0,0,0,0,0,7,43,14,11,9,0,0,0,0,87,0,0,0,3,0,3,24,24,0,4,4,0,5,0,0,71,0,6,11,18,11,8,25,19,7,0,0,3,3,4,0,110,0,0,0,0,5,24,147,83,12,14,25,28,4,3,9,368,0,8,36,11,0,3,0,0,0,0,0,0,0,0,3,57,0,4,4,3,4,6,14,21,0,0,4,6,6,0,3,82,0,0,0,5,3,5,30,3,0,0,0,0,0,0,3,57,43,79,36,26,19,5,14,4,0,3,0,0,0,0,9,248,3,11,25,9,5,0,0,3,0,0,0,0,0,0,3,59,0,4,8,3,4,4,11,8,9,3,0,3,0,0,3,60,0,0,13,13,0,23,390,290,104,78,109,115,52,12,23,1239,5,0,0,3,7,8,23,15,7,4,5,3,5,0,0,93,0,0,0,0,0,0,18,25
LGA22670,0,0,0,4,27,217,1277,1799,291,289,212,356,144,118,101,4820,0,0,0,4,11,70,190,126,28,27,36,35,7,3,0,541,0,0,7,3,10,16,14,7,4,5,0,12,0,0,3,82,0,17,62,58,525,693,1677,859,201,197,231,204,42,5,114,4887,0,24,208,90,42,225,109,9,0,0,0,0,0,0,25,721,5,26,68,38,44,37,69,31,5,7,0,8,0,0,13,348,0,0,5,10,163,141,146,59,11,21,10,8,8,0,7,587,52,143,65,34,25,35,17,20,0,0,4,0,0,0,10,425,10,154,872,350,86,40,33,134,6,13,8,7,0,0,49,1780,0,0,5,25,107,111,92,46,14,11,9,13,10,3,12,467,9,10,172,237,431,720,3654,2010,634,716,1242,1357,403,66,221,11898,0,3,4,26,72,126,247,148,29,59,67,85,29,0,36,942,0,0,0,4,21,16,99,402
LGA22750,0,0,0,0,5,8,52,364,59,31,9,59,17,10,3,611,0,0,0,0,0,8,56,50,4,26,12,15,4,0,0,169,0,10,30,45,34,47,111,75,18,13,13,22,6,5,11,440,4,9,76,18,45,105,518,362,99,114,121,144,37,13,34,1685,6,211,583,179,64,169,53,15,0,0,0,3,0,0,51,1331,11,25,35,11,3,13,39,18,7,3,12,13,11,11,10,226,0,0,5,8,33,27,35,45,6,0,0,9,6,3,4,178,273,475,139,55,78,51,87,41,21,9,7,12,4,0,54,1317,11,103,246,75,14,14,9,6,3,5,0,0,0,0,29,512,0,3,10,11,24,34,59,42,10,11,16,12,22,0,6,256,11,11,48,38,42,60,1161,1071,356,440,596,801,326,20,99,5097,0,16,9,4,18,51,71,53,10,13,21,18,17,4,13,311,0,0,3,3,34,31,62,257
LGA22830,0,0,0,0,0,38,235,269,46,47,27,41,17,12,16,745,0,0,0,0,5,8,8,7,7,0,0,3,5,0,0,40,0,0,3,3,8,4,12,9,0,5,4,0,0,0,4,51,0,0,0,5,18,15,58,44,30,22,38,24,0,0,9,258,0,9,16,3,0,16,0,0,0,0,0,0,0,0,0,41,0,0,0,0,0,0,15,8,3,0,8,8,0,0,0,48,0,0,0,3,3,11,14,20,0,9,5,15,14,0,0,94,20,33,19,4,10,7,19,10,0,3,0,0,0,0,6,128,13,56,50,7,3,4,4,6,3,0,0,4,0,0,5,157,0,0,0,0,0,7,6,15,0,0,0,0,6,7,5,42,3,0,3,16,21,73,756,422,102,108,149,187,76,13,49,1981,0,0,0,0,0,5,21,24,4,5,9,7,0,0,5,82,0,0,0,0,0,5,26,50
LGA22910,0,0,0,0,0,0,0,0,0,0,0,0,0,0,0,0,0,0,0,3,0,0,0,0,0,0,0,0,0,0,0,4,0,3,0,9,12,8,6,4,4,0,0,0,0,0,0,41,0,0,4,0,4,0,0,8,0,0,0,3,3,0,5,29,0,0,10,10,4,0,0,0,0,0,0,0,0,0,0,32,0,4,4,0,0,0,0,0,0,0,0,0,0,0,0,6,0,0,0,0,4,0,0,0,0,0,0,0,0,0,0,6,18,27,14,5,18,10,6,0,0,0,0,0,0,0,0,99,0,5,6,0,0,0,0,0,0,0,0,0,0,0,0,19,0,0,0,0,0,6,4,4,0,0,0,0,0,0,0,12,0,0,0,5,6,3,9,10,3,0,3,3,0,0,0,52,0,0,4,0,0,0,0,0,0,0,0,0,0,0,0,14,0,0,0,0,3,0,0,0
LGA22980,0,0,0,0,0,0,0,0,0,0,0,0,0,0,0,0,0,0,0,0,0,0,0,0,0,0,0,0,0,0,0,0,0,0,0,3,0,0,0,0,0,0,0,0,0,0,0,5,0,0,0,0,0,0,0,6,0,0,0,0,0,0,0,5,0,0,0,0,0,0,0,0,0,0,0,0,0,0,0,0,0,0,0,0,0,0,0,0,0,0,0,0,0,0,0,0,0,0,0,0,0,0,0,0,0,0,0,0,0,0,0,0,0,3,0,0,0,0,0,0,0,0,0,0,0,0,0,11,0,0,0,0,0,0,0,0,0,0,0,0,0,0,0,6,0,0,0,0,0,0,0,0,0,0,0,0,0,0,0,0,0,0,0,0,0,0,4,8,10,11,3,8,0,0,0,42,0,0,0,0,0,0,0,0,0,0,0,0,0,0,0,4,0,0,0,0,0,0,0,0
LGA23110,0,0,0,0,0,5,5,3,4,0,0,3,0,0,0,20,0,0,0,0,4,3,29,29,5,5,3,0,0,0,0,83,0,4,10,7,20,28,46,39,5,5,4,7,6,0,3,176,0,4,5,17,108,129,328,171,36,26,32,45,11,0,23,925,0,72,254,78,24,59,14,8,0,0,0,0,0,0,15,523,3,18,49,14,11,19,20,6,3,4,3,0,0,0,9,169,0,0,0,3,31,19,23,11,3,0,4,0,6,0,0,114,89,91,39,19,27,23,86,49,8,14,5,11,7,0,11,467,11,207,567,135,32,9,4,23,3,4,0,4,0,0,42,1037,0,0,7,5,38,29,35,18,0,4,0,3,0,0,4,145,0,4,32,48,77,104,617,487,183,207,282,305,68,21,52,2494,0,0,0,10,21,72,94,52,19,10,20,9,4,0,8,320,0,0,0,6,12,8,43,92
LGA23190,0,0,0,0,0,0,0,0,0,0,0,0,0,0,0,0,0,0,0,0,0,6,3,3,0,0,0,0,0,0,0,12,0,0,4,0,0,0,5,3,0,0,0,0,0,0,0,12,0,0,0,0,0,3,13,12,0,0,0,0,0,0,0,32,0,0,5,0,0,0,0,0,0,0,0,0,0,0,0,5,0,0,0,0,0,0,0,0,0,0,0,0,0,0,0,0,0,0,0,4,3,0,0,3,0,0,0,0,0,0,0,8,11,8,0,0,3,0,0,0,0,0,0,0,0,0,0,31,0,0,4,0,0,0,0,0,0,0,0,0,0,0,0,5,0,0,0,0,0,0,0,0,0,0,0,0,0,0,0,4,0,0,0,0,0,0,54,46,11,10,21,20,12,0,8,183,0,0,0,0,0,0,3,0,0,3,0,0,0,0,0,5,0,0,0,0,0,0,0,0
LGA23270,0,0,0,0,8,42,160,138,14,16,10,18,5,3,22,435,0,0,0,6,18,72,191,113,24,24,5,20,9,0,11,499,0,0,10,20,21,17,44,45,5,9,0,3,7,0,4,195,0,4,18,6,103,109,359,182,44,60,34,32,3,0,14,978,0,32,332,134,47,57,16,12,4,0,0,0,0,0,12,646,10,89,218,72,117,98,180,151,27,27,35,14,11,8,19,1072,0,0,5,42,227,219,329,143,21,38,31,28,11,0,16,1128,109,131,57,28,49,35,68,22,9,0,4,9,0,0,8,520,9,158,498,157,86,34,37,69,11,0,0,0,0,0,39,1110,0,0,0,12,37,36,51,30,5,3,3,4,4,0,0,194,3,0,131,151,255,562,6786,3616,855,870,1124,1359,384,85,248,16441,0,0,3,7,32,53,128,63,25,21,6,16,13,0,6,376,0,0,8,39,88,51,183,438
LGA23350,0,0,0,0,0,0,0,0,0,0,0,0,0,0,0,0,0,0,0,0,0,0,0,0,0,0,0,0,0,0,0,0,0,0,0,3,3,4,7,5,0,0,0,5,0,0,0,30,0,0,0,0,0,0,0,0,0,0,0,3,0,0,3,15,0,4,4,3,0,0,0,0,0,0,0,0,0,0,0,7,0,0,0,0,0,0,0,0,0,0,0,0,0,0,0,0,5,0,0,0,0,0,0,3,0,0,0,0,0,0,3,14,11,46,11,5,7,5,0,5,0,0,0,0,0,0,3,95,0,3,0,0,0,0,0,0,0,0,0,0,0,0,3,7,0,0,0,0,0,0,0,0,0,0,0,0,0,0,0,4,3,0,0,0,0,0,17,3,0,0,0,4,0,0,0,26,0,3,4,0,0,0,3,0,0,0,0,0,0,0,0,8,0,0,0,0,0,0,0,0
LGA23430,0,0,0,0,5,31,19,13,0,0,0,0,0,0,0,74,0,0,0,14,13,41,47,11,7,18,12,7,0,0,0,170,0,9,15,39,50,52,88,76,8,7,7,13,0,0,5,360,4,14,19,33,351,436,1547,980,206,230,193,298,70,11,53,4449,3,34,205,58,38,44,9,14,4,0,0,0,0,0,15,423,13,51,124,52,67,30,20,27,3,0,0,0,0,0,10,396,4,3,0,28,109,72,56,20,13,5,7,3,4,0,0,320,63,158,99,54,74,68,112,62,14,8,9,19,5,0,16,753,14,372,1437,484,117,37,33,203,20,20,12,18,0,0,195,2962,0,0,14,44,105,93,92,48,18,12,16,24,9,0,16,500,10,9,155,246,398,618,1587,858,266,331,477,460,169,30,92,5712,4,3,6,14,30,70,103,53,7,6,11,12,13,0,0,335,0,0,0,3,21,12,44,73
LGA23670,0,0,0,0,32,100,79,17,0,4,0,6,0,0,3,248,0,0,6,0,3,34,32,13,3,5,3,0,0,0,0,106,0,4,8,19,33,24,41,17,9,0,3,6,0,0,0,164,5,12,20,47,453,683,3525,2000,381,383,307,457,93,23,73,8464,0,22,111,44,20,32,3,0,0,0,0,0,0,0,6,248,6,30,97,56,91,79,88,54,0,8,12,7,9,0,10,550,0,0,0,19,96,50,73,19,11,4,4,4,0,0,4,292,101,342,182,87,93,38,64,31,10,0,3,9,3,0,75,1050,5,92,302,97,29,7,8,28,0,5,0,3,0,0,11,592,5,0,16,84,332,439,423,157,35,45,16,35,29,6,19,1647,13,3,116,168,341,671,1947,989,198,191,190,211,64,21,42,5169,3,10,6,37,62,190,243,67,22,14,17,13,13,0,3,703,0,0,0,11,54,92,243,347
LGA23810,0,0,0,0,0,0,0,0,0,0,0,0,0,0,0,4,0,0,0,0,0,4,11,9,0,4,3,6,0,0,0,41,0,6,8,8,14,13,20,11,3,0,0,0,0,0,0,81,3,3,7,0,15,23,81,40,14,9,14,18,6,0,0,220,4,6,39,23,7,9,0,3,0,0,0,0,0,0,9,89,0,3,5,0,0,0,6,0,5,0,0,0,0,0,3,25,0,0,0,4,6,9,3,7,0,0,0,8,10,0,0,51,107,185,50,12,30,3,17,10,0,0,0,0,0,0,27,443,4,17,32,12,3,0,0,0,0,0,0,0,0,0,13,87,0,0,0,0,4,3,10,6,0,0,0,0,8,5,3,33,0,4,8,4,11,18,153,104,26,34,55,70,41,3,8,549,0,4,0,8,13,11,4,8,3,0,0,7,0,0,0,61,0,0,0,0,0,0,4,4
LGA23940,0,0,0,0,0,0,0,0,0,0,0,0,0,0,0,0,0,0,0,0,0,0,0,0,0,0,0,0,0,0,0,0,0,0,0,0,0,0,0,0,0,0,0,0,0,0,0,3,0,0,0,0,0,0,0,6,0,0,0,0,0,0,0,11,0,0,3,0,0,0,0,0,0,0,0,0,0,0,0,3,0,0,0,0,0,0,0,0,0,0,0,0,0,0,0,0,0,0,0,0,0,0,0,0,0,0,0,0,0,0,0,0,8,7,7,0,4,0,0,0,0,0,0,0,0,0,0,27,0,0,4,0,0,0,0,0,0,0,0,0,0,0,0,4,0,0,0,0,0,0,0,0,0,0,0,0,0,0,0,0,0,0,0,0,0,0,10,11,0,0,0,0,0,0,0,25,0,0,0,0,0,0,0,0,0,0,0,5,0,0,0,6,0,0,0,0,0,0,0,0
LGA24130,0,0,0,0,0,0,0,0,0,0,0,0,0,0,0,0,0,0,0,0,0,0,0,0,0,0,5,0,0,0,0,9,0,0,5,18,9,15,35,13,0,0,3,0,0,0,0,105,6,0,0,0,5,10,27,10,8,4,7,0,0,0,3,91,3,13,31,15,4,7,0,0,0,0,0,0,0,0,4,73,6,14,4,4,0,0,3,0,0,0,0,0,0,0,0,27,0,0,3,0,4,5,0,0,0,0,0,0,0,0,0,15,46,96,30,24,19,19,24,10,0,0,0,0,0,0,10,272,0,15,22,5,0,0,0,0,0,0,0,0,0,0,6,46,0,0,8,0,5,5,7,4,0,0,0,0,0,0,0,25,7,3,13,10,11,8,57,29,4,12,8,6,0,0,9,167,0,0,3,0,0,6,10,0,0,0,0,0,0,0,0,24,0,0,0,0,0,0,0,0
LGA24210,0,0,0,0,9,10,7,4,0,0,0,0,0,0,0,30,0,0,0,5,7,6,15,22,0,0,0,3,0,0,0,71,0,4,10,25,19,23,40,25,3,3,7,14,0,0,0,168,15,73,102,150,1395,1816,4454,2828,584,637,582,736,271,58,204,13918,4,72,166,31,15,10,6,0,0,0,0,0,0,0,3,317,17,80,103,72,95,98,129,74,9,26,37,24,10,10,13,793,0,0,8,30,73,33,18,9,0,0,0,4,9,0,0,185,89,150,61,27,45,37,28,18,0,3,6,3,0,0,11,479,39,721,1499,324,82,40,24,107,23,4,6,5,0,0,82,2957,3,19,65,278,1021,989,501,291,70,107,116,93,123,36,58,3770,9,0,67,106,210,317,687,387,89,106,163,156,60,9,44,2417,0,10,16,20,60,184,151,56,14,10,19,16,9,8,6,584,0,0,7,39,274,202,606,1060
LGA24250,0,0,0,0,0,0,0,0,0,0,0,0,0,0,0,0,0,0,0,0,0,0,0,0,0,0,0,0,0,0,0,0,0,0,5,4,8,0,0,6,0,3,0,0,0,0,0,28,0,0,0,0,0,0,7,11,4,4,4,6,3,0,3,34,0,0,9,5,0,0,0,0,0,0,0,0,0,0,0,12,0,0,0,0,0,0,0,0,0,0,0,0,0,0,0,0,0,0,0,0,0,0,0,3,0,0,0,0,0,0,0,4,12,33,12,0,8,6,3,3,0,0,0,0,0,0,3,91,0,5,5,0,0,0,0,0,0,0,0,0,0,0,0,6,0,0,0,0,0,0,0,6,0,3,0,3,4,0,0,23,0,0,0,4,0,0,3,8,4,0,3,0,0,0,0,27,0,0,0,0,0,0,0,0,0,0,0,0,5,0,0,4,0,0,0,0,0,0,0,0
LGA24330,0,0,0,0,0,9,21,36,0,0,0,0,0,0,3,74,0,0,0,0,9,13,113,105,30,32,37,28,10,3,4,382,0,0,9,7,20,25,39,58,6,9,5,6,6,0,3,199,0,3,8,21,234,259,471,258,65,66,107,100,20,0,28,1639,0,20,171,36,17,46,19,3,0,0,0,0,0,0,8,330,0,8,18,14,10,21,16,19,0,0,3,0,0,0,5,132,0,0,4,18,26,32,18,10,0,0,7,4,0,0,0,123,31,42,22,6,29,23,54,31,11,6,9,4,0,0,8,288,7,120,443,87,13,10,9,14,8,0,3,4,0,0,16,742,0,0,4,14,110,91,71,67,7,9,6,4,4,0,0,380,0,0,20,41,49,86,535,545,205,306,458,518,107,18,48,2936,0,3,0,8,35,76,118,59,16,12,20,34,20,0,13,406,0,0,0,3,6,13,18,80
LGA24410,0,0,0,0,0,14,10,3,0,0,0,0,0,0,0,35,0,0,0,0,7,16,28,3,0,0,0,0,6,0,0,60,0,5,10,23,17,31,46,22,3,6,10,5,0,0,0,180,4,8,9,13,132,279,1746,1059,229,251,189,243,60,18,55,4285,0,20,65,10,9,9,3,0,0,0,0,0,0,0,6,130,3,26,20,5,13,9,44,26,8,8,5,0,0,0,0,170,0,0,5,9,39,23,30,0,5,0,0,0,0,0,0,110,78,162,89,52,41,31,64,23,0,0,4,0,0,0,19,552,6,31,107,20,3,4,5,6,0,0,0,0,0,0,10,194,0,8,8,30,132,159,153,79,9,12,19,23,13,3,8,653,4,9,36,60,94,155,863,596,152,146,181,145,61,4,31,2531,0,12,9,17,26,45,110,45,15,3,7,16,4,0,4,311,0,0,0,9,38,45,157,283
LGA24600,0,0,0,0,6,17,34,26,0,0,3,0,0,29,4,123,0,0,0,0,0,22,45,57,18,37,38,42,16,6,6,288,0,0,6,17,20,45,77,76,15,37,52,68,45,12,5,477,5,7,26,46,362,733,2836,3930,1641,1938,1920,2173,809,106,244,16777,0,11,38,8,13,37,10,8,3,0,0,5,0,0,5,135,4,20,30,17,20,36,28,27,8,21,13,9,9,7,3,241,0,0,3,16,30,28,29,34,5,9,4,22,8,4,0,190,36,50,32,15,36,61,86,90,25,18,34,35,24,15,9,570,3,54,70,17,16,9,14,37,10,7,4,6,3,4,3,263,0,11,23,44,227,260,356,353,138,131,127,161,107,45,29,1998,0,3,36,39,82,188,904,1382,782,1111,1715,2389,1056,231,110,10036,0,0,5,18,41,249,545,563,252,375,442,521,218,19,32,3284,0,0,3,0,23,32,140,254
LGA24650,0,0,0,0,11,62,91,92,7,30,10,11,0,0,18,329,0,0,0,4,3,53,311,163,29,28,25,16,9,3,9,661,0,0,4,9,20,10,39,18,4,8,0,9,0,3,4,128,0,0,8,9,59,109,415,196,46,34,31,31,9,0,35,975,6,26,348,126,63,181,36,16,3,0,0,3,0,0,16,825,4,35,60,50,90,133,293,219,33,25,38,17,9,0,23,1031,0,0,0,12,107,160,230,104,28,28,34,24,12,0,13,755,109,120,57,33,34,57,42,17,3,4,4,3,0,0,12,485,4,47,207,64,22,16,18,37,4,0,6,0,0,0,28,440,0,0,5,6,36,71,39,22,7,0,0,0,4,0,3,197,3,3,59,102,206,577,6337,3248,756,653,819,970,307,86,189,14314,0,3,0,3,30,93,131,63,25,17,13,14,0,0,13,400,0,0,0,8,19,12,53,159
LGA24780,0,0,0,0,0,6,64,109,10,18,29,12,13,7,4,275,0,0,0,0,0,4,18,0,0,4,0,0,0,0,0,23,0,0,0,5,3,9,13,5,0,0,0,0,0,0,0,29,0,0,3,3,6,8,41,38,24,22,37,30,15,0,7,224,3,22,24,7,9,0,0,0,0,0,0,0,0,0,6,74,0,5,0,5,0,0,0,3,0,0,6,5,0,0,0,28,0,0,0,0,4,10,25,6,9,0,5,3,0,0,0,66,25,29,8,13,16,5,9,8,0,0,0,0,0,0,4,124,0,38,56,13,0,3,0,0,0,0,0,0,0,0,4,117,0,0,0,3,3,0,7,13,3,3,8,15,7,0,0,70,0,0,8,3,3,23,187,135,45,59,48,72,37,7,5,627,0,3,4,0,4,3,4,16,5,3,8,10,0,0,0,56,0,0,0,0,4,5,3,17
LGA24850,0,0,0,0,0,0,0,0,0,0,0,0,0,0,0,6,0,0,0,0,5,0,5,0,0,3,0,0,0,0,0,16,0,5,0,8,5,10,11,4,0,0,0,0,0,0,0,42,0,0,0,0,3,6,43,16,5,9,22,98,3,0,0,197,0,3,22,6,3,0,0,0,0,0,0,0,0,0,0,47,0,5,5,0,0,0,4,3,0,0,0,0,0,0,0,33,0,0,0,0,12,8,32,11,0,0,7,4,0,0,6,77,32,44,30,10,23,11,18,4,0,8,0,0,5,0,0,182,0,14,28,7,9,6,5,0,0,0,0,0,0,0,0,79,0,0,0,0,3,0,3,0,0,0,0,0,0,0,0,11,3,0,10,5,3,17,547,277,86,63,64,88,26,6,28,1232,4,0,4,0,0,3,10,4,3,0,3,0,0,0,0,38,0,0,0,0,3,4,6,5
LGA24900,0,0,0,0,0,0,0,0,0,0,0,0,0,0,0,3,0,0,0,0,0,0,5,0,0,0,0,0,0,0,0,5,0,0,0,4,0,0,8,4,0,0,0,0,0,0,0,24,0,0,0,0,0,6,12,11,0,0,3,5,0,0,0,47,4,3,12,3,0,7,0,0,0,0,0,0,0,0,0,29,4,6,0,0,0,0,0,0,0,0,0,0,0,0,0,5,0,0,0,0,0,9,5,6,0,4,0,0,0,0,0,27,21,40,9,5,0,0,0,0,0,0,0,4,0,0,5,89,0,8,4,6,0,0,0,0,0,0,0,0,0,0,6,13,0,0,0,0,0,5,6,0,0,0,5,0,0,0,0,18,6,0,7,0,0,6,62,33,16,8,15,22,4,0,0,179,0,0,0,0,0,0,5,0,0,0,5,0,0,0,4,18,0,0,0,0,0,0,0,0
LGA24970,0,0,0,7,46,113,71,42,0,8,0,0,0,0,7,287,0,0,0,9,45,81,123,122,60,49,64,64,49,6,8,680,0,7,9,35,32,37,56,37,5,3,6,17,6,0,6,252,13,27,58,89,1527,2384,6936,4849,1227,1352,1314,1745,558,157,385,22608,0,49,184,52,30,43,7,0,0,0,0,0,0,0,14,388,12,75,194,62,68,53,60,63,21,48,5,13,4,0,20,700,0,3,4,20,98,81,69,27,4,3,10,3,3,0,7,328,83,182,113,33,44,53,89,30,11,14,6,9,4,0,9,669,22,671,2339,618,162,59,55,268,44,28,30,32,8,0,143,4489,3,12,34,159,642,647,403,243,98,87,100,124,81,41,55,2730,19,8,158,247,548,1168,3684,1989,709,910,1446,1681,645,117,179,13517,0,7,23,46,128,437,587,185,58,41,64,119,86,6,21,1813,0,0,4,7,88,69,152,280
LGA25060,0,0,0,0,5,8,0,10,0,0,0,0,5,0,0,28,0,0,0,5,6,10,26,21,7,4,12,4,0,0,5,93,0,0,12,33,18,38,62,57,11,5,17,4,4,4,3,262,0,14,10,29,259,290,503,281,69,41,39,46,23,3,48,1653,5,68,310,79,32,40,5,5,0,0,0,4,0,0,3,552,14,99,87,41,47,51,43,35,10,3,8,9,3,0,14,462,3,0,0,17,44,20,15,6,0,0,0,3,0,0,3,114,106,82,37,24,36,13,52,20,5,7,6,4,5,0,10,412,15,303,738,149,45,24,11,40,5,8,5,0,0,0,40,1370,0,7,9,49,114,91,68,34,15,3,14,3,7,3,4,409,0,6,113,124,133,178,631,430,176,215,300,302,62,25,44,2742,0,6,3,12,18,52,68,35,9,10,3,15,5,0,5,257,0,0,11,21,28,18,64,202
LGA25150,0,0,0,0,0,0,0,0,0,0,0,0,0,0,0,0,0,0,0,0,0,0,10,3,8,0,0,0,0,0,0,20,0,0,3,5,3,7,10,14,0,0,0,4,0,0,0,45,0,0,0,0,3,3,25,13,0,0,0,0,0,0,0,49,0,0,27,16,0,11,4,0,0,0,0,0,0,0,5,58,0,5,4,0,0,0,3,0,0,0,0,0,0,0,3,17,0,0,0,0,7,5,8,6,0,4,0,0,0,0,0,33,41,47,21,11,15,3,17,8,0,0,6,0,0,0,3,171,0,7,22,4,0,4,0,6,0,0,0,0,0,0,0,47,0,0,5,0,0,4,3,5,0,0,0,0,0,0,0,12,0,0,14,5,8,7,207,176,63,46,61,93,24,4,20,729,0,0,0,5,0,5,4,6,0,4,0,0,0,0,0,13,0,0,0,0,3,0,6,4
LGA25250,0,0,0,0,0,19,29,38,0,0,7,4,0,0,0,101,0,0,0,0,24,76,191,113,21,34,28,23,14,9,6,549,0,5,8,35,33,52,89,97,19,22,22,23,16,4,3,433,0,7,11,21,243,333,659,375,106,110,90,95,20,4,28,2104,3,54,165,60,21,37,10,6,0,0,0,3,0,0,15,372,15,120,77,52,63,60,39,55,21,18,20,18,5,6,14,580,0,0,6,15,106,66,54,21,8,3,0,5,0,0,0,289,69,102,26,13,42,64,134,70,18,26,22,36,8,0,10,647,11,509,1739,395,131,44,28,92,18,8,9,4,4,0,84,3075,0,0,4,22,76,65,69,54,12,10,8,12,7,0,6,346,0,4,54,65,133,177,1036,744,246,398,489,479,133,33,53,4035,0,3,3,6,28,105,144,69,34,32,29,47,47,0,13,557,0,0,5,5,42,40,98,244
LGA25340,0,0,0,0,4,6,0,0,0,0,0,0,0,0,3,17,0,0,0,0,0,0,0,0,0,0,0,0,0,0,0,5,0,3,35,64,46,54,88,51,9,9,6,12,5,5,9,394,5,13,5,4,45,37,109,87,18,19,26,28,17,0,9,408,0,40,142,49,15,14,0,4,0,0,0,0,0,0,15,292,19,59,58,11,16,8,12,11,0,0,0,0,0,0,11,203,3,6,9,19,21,14,9,4,0,0,0,0,0,0,6,84,100,280,154,68,98,53,89,53,5,3,9,0,3,0,32,935,14,147,363,85,20,7,9,14,4,0,0,0,0,0,44,708,4,8,6,18,32,8,8,14,0,6,3,8,0,0,0,117,21,8,57,44,37,30,85,70,26,16,22,27,3,4,16,468,0,9,9,6,18,9,30,23,5,0,7,5,10,0,3,121,0,4,3,0,19,0,13,9
LGA25430,0,0,0,0,0,0,0,0,0,0,0,0,0,0,0,3,0,0,0,0,0,0,0,0,0,0,0,0,0,0,0,0,0,0,3,7,3,6,14,4,4,0,0,0,0,0,3,50,0,0,0,0,4,0,4,5,0,0,0,0,0,0,10,26,0,4,3,0,0,3,0,0,0,0,0,0,0,0,0,12,0,0,0,0,0,0,0,0,0,0,0,0,0,0,5,4,0,0,0,0,0,0,0,6,0,0,0,0,0,0,0,5,14,24,17,13,19,6,7,5,0,0,0,0,0,0,4,103,0,3,9,0,0,0,0,0,0,0,0,0,0,0,3,24,0,0,0,0,0,0,3,0,0,0,0,5,0,0,3,12,0,0,9,4,3,4,7,14,3,5,0,5,4,0,8,68,3,0,0,0,0,0,3,0,0,0,0,4,0,0,0,21,0,0,0,0,0,0,0,0
LGA25490,0,0,0,0,0,0,0,0,0,0,0,0,0,0,0,0,0,0,0,0,0,0,0,0,0,0,0,0,0,0,0,0,0,0,0,0,0,0,9,4,0,0,0,0,3,0,0,19,0,0,0,0,0,0,11,0,0,0,0,0,0,0,0,13,0,0,0,0,0,0,0,0,0,0,0,0,0,0,0,0,0,0,0,0,0,0,0,0,0,0,0,0,0,0,0,0,0,0,0,0,0,0,0,0,0,0,0,0,0,0,0,3,5,13,0,0,5,0,12,7,0,0,0,0,0,0,0,38,0,0,7,0,0,0,0,0,0,0,0,0,0,0,0,5,0,0,0,0,0,0,0,0,0,0,0,0,0,0,0,0,0,3,5,0,0,0,6,0,0,3,0,0,0,7,0,24,0,0,0,0,0,0,3,3,0,0,0,0,0,0,0,14,0,0,0,0,0,0,0,0
LGA25620,0,0,0,0,0,0,0,3,0,0,0,0,0,0,0,3,0,0,0,0,0,0,0,0,0,0,0,0,0,0,0,0,0,0,9,4,0,0,9,7,0,0,0,0,0,0,0,29,0,5,0,0,0,0,3,3,0,0,0,0,5,0,0,16,0,5,0,0,0,0,0,0,0,0,0,0,0,0,0,8,0,0,3,0,0,0,0,0,0,0,0,0,0,0,0,9,0,0,0,0,5,0,0,0,0,0,0,0,0,0,0,7,13,22,8,7,6,0,0,0,0,0,0,0,0,0,5,76,0,7,13,6,0,0,0,0,0,0,0,0,0,0,0,24,0,0,0,5,0,0,0,0,0,0,0,0,0,0,0,4,5,0,4,9,4,8,9,14,4,0,0,4,6,0,3,63,0,0,0,0,0,0,0,0,0,0,0,0,0,0,0,7,0,0,0,0,5,0,0,0
LGA25710,0,0,0,0,0,0,0,0,0,0,0,0,0,0,0,4,0,0,0,0,0,0,4,0,0,0,0,0,0,0,0,3,0,3,9,12,18,20,23,21,8,0,0,0,0,0,7,118,0,3,10,6,24,38,214,124,18,20,19,27,16,0,13,529,0,11,69,12,9,9,0,0,0,0,0,0,0,0,4,109,3,10,17,13,9,0,8,4,0,0,0,0,0,0,0,67,0,0,3,7,12,3,3,0,0,0,0,0,0,0,0,31,48,65,33,26,27,29,56,11,3,0,0,0,0,0,9,310,0,43,99,34,8,6,0,12,0,0,0,0,0,0,4,203,0,4,3,11,15,17,11,6,0,3,6,4,4,0,6,84,0,6,21,23,49,47,143,60,7,13,10,5,0,0,14,380,0,3,0,5,4,15,18,10,0,0,0,0,0,0,0,61,0,0,0,0,30,17,71,101
LGA25810,0,0,0,0,0,0,0,0,0,0,0,0,0,0,0,0,0,0,0,0,0,0,0,9,0,0,0,3,0,0,0,13,0,0,0,0,3,0,3,3,0,0,0,0,0,0,0,15,0,0,0,0,0,0,9,4,0,0,5,0,0,0,0,26,0,3,4,0,0,0,0,0,0,0,0,0,0,0,0,4,0,0,0,0,0,0,0,0,0,0,0,0,0,0,0,3,0,0,0,0,0,0,0,0,0,0,0,0,0,0,0,6,7,16,7,3,4,0,10,0,0,0,0,0,0,0,0,41,0,0,3,3,0,3,0,0,0,0,0,0,0,0,0,10,0,0,0,0,0,0,0,0,0,0,0,0,0,0,0,0,0,0,4,3,0,0,17,12,6,11,15,9,3,0,0,80,0,0,0,0,0,0,4,6,0,0,0,0,0,0,0,10,0,0,0,0,0,0,0,0
LGA25900,0,0,0,0,0,5,7,6,0,0,0,0,0,0,0,28,0,0,0,0,0,0,13,14,5,4,0,5,3,0,0,42,0,6,15,31,39,53,81,95,38,25,26,32,13,7,3,462,0,5,5,15,111,196,468,386,105,95,80,111,36,9,32,1658,0,10,60,20,12,27,16,5,0,0,4,0,0,0,0,157,7,18,49,25,19,8,9,16,0,9,3,4,0,0,6,180,0,4,6,9,30,30,24,12,0,0,0,0,0,0,0,116,39,60,44,31,63,61,122,95,26,22,36,68,20,5,12,702,10,181,635,117,11,4,10,26,15,5,0,8,3,0,41,1071,0,0,13,33,59,64,61,46,15,13,12,17,8,13,14,352,8,3,42,59,80,109,447,360,131,219,266,295,55,27,43,2131,0,0,9,6,27,75,108,56,20,31,11,23,13,0,6,391,0,0,0,5,33,24,71,125
LGA25990,0,0,0,0,0,0,0,0,0,0,0,0,0,0,0,0,0,0,0,0,0,0,0,0,0,0,0,0,0,0,0,0,0,0,0,0,5,0,0,0,0,0,0,0,0,0,0,9,0,0,0,0,0,0,0,3,0,0,0,0,0,0,0,3,0,0,9,5,0,0,0,0,0,0,0,0,0,0,0,7,0,0,0,0,0,0,0,0,0,0,0,0,0,0,0,0,0,0,0,0,0,0,0,0,0,0,0,0,0,0,4,8,4,8,6,3,4,0,0,0,0,0,0,0,0,0,0,25,0,0,4,0,0,0,0,0,0,0,0,0,0,0,3,3,0,0,0,0,0,0,0,0,0,0,0,0,0,0,0,0,0,0,0,0,0,0,0,0,0,0,0,0,0,0,3,6,0,0,0,0,0,0,0,0,0,0,0,0,0,0,0,0,0,0,0,0,0,0,0,0
LGA26080,0,0,0,0,0,0,0,0,0,0,0,0,0,0,0,0,0,0,0,0,0,0,0,0,0,0,0,0,0,0,0,0,0,0,5,0,4,0,0,0,0,0,0,0,0,0,0,10,0,0,0,0,0,0,0,0,0,0,0,0,0,0,0,4,0,0,0,0,0,0,0,0,0,0,0,0,0,0,0,0,0,0,0,0,0,0,0,0,0,0,0,0,0,0,0,0,0,0,0,0,0,0,0,0,0,0,0,0,0,0,0,0,4,4,0,0,4,0,0,0,0,0,0,0,0,0,0,11,0,0,4,6,0,0,0,0,0,0,0,0,0,0,0,5,0,0,0,0,0,0,0,0,0,0,0,0,0,0,0,0,0,0,0,0,0,0,3,0,0,0,0,0,0,0,0,7,0,0,0,0,0,0,0,0,0,0,0,0,0,0,0,4,0,0,0,0,0,0,0,0
LGA26170,0,0,0,0,0,0,0,0,0,0,0,0,0,0,0,0,0,0,0,0,0,0,0,0,0,0,0,0,0,0,0,0,0,0,0,11,4,4,0,0,0,3,7,0,0,0,0,37,5,0,0,4,5,6,12,11,0,3,0,3,0,0,3,48,0,6,8,8,0,0,0,0,0,0,0,0,0,0,0,22,0,4,4,0,0,0,0,0,0,0,0,0,0,0,0,9,0,0,0,0,0,0,0,0,0,0,0,0,0,0,0,11,17,45,28,15,14,13,7,4,0,3,0,3,3,0,3,169,0,5,12,0,3,0,0,0,0,0,0,0,0,0,0,23,0,0,0,6,0,0,6,0,0,0,0,0,0,0,0,11,3,0,3,6,18,3,38,31,5,9,4,3,0,0,0,119,0,0,0,0,5,0,0,0,0,5,0,0,0,0,0,9,0,0,0,0,0,0,0,0
LGA26260,0,0,0,0,0,0,0,0,0,0,0,0,0,0,0,0,0,0,0,0,0,0,9,0,0,4,0,0,0,0,0,8,0,0,0,3,0,6,6,4,0,0,0,0,0,0,4,20,0,0,0,0,0,5,4,0,0,0,0,0,0,0,0,12,0,0,0,0,0,0,0,0,0,0,0,0,0,0,0,0,0,0,0,0,0,0,0,0,0,0,0,0,0,0,0,0,0,0,0,0,0,0,0,0,0,0,0,0,0,0,0,0,4,13,8,4,4,8,11,0,0,0,0,0,0,3,0,43,0,0,4,0,0,0,0,0,0,0,0,0,0,0,0,3,0,0,0,0,0,0,0,0,0,0,0,0,0,0,0,5,0,0,4,0,0,5,15,22,5,3,17,13,3,0,3,84,0,0,0,0,0,5,0,3,0,0,0,0,0,0,0,8,0,0,0,0,0,0,0,0
LGA26350,0,0,0,0,9,14,9,5,0,0,0,0,0,5,0,47,0,0,0,3,3,3,17,13,3,3,17,3,3,0,0,77,0,5,17,31,37,31,77,74,15,13,28,30,17,5,4,384,7,23,21,34,339,471,877,851,243,284,232,352,143,26,58,3962,0,14,38,13,14,39,7,4,0,0,0,0,0,0,3,132,4,35,47,18,16,10,12,11,7,8,3,3,0,0,3,182,0,4,5,4,26,12,14,14,0,0,0,4,4,0,6,94,82,86,40,26,27,28,72,33,12,17,18,21,6,10,9,485,14,320,876,160,27,14,20,34,3,7,3,5,4,0,54,1536,4,8,33,50,133,116,77,103,21,33,29,30,25,9,4,677,10,8,58,68,103,161,450,375,163,240,308,361,119,26,26,2497,0,3,8,25,30,115,116,70,17,30,32,36,19,0,12,521,5,0,0,10,32,35,50,97
LGA26430,0,0,0,0,0,0,0,0,0,0,0,0,0,0,0,0,0,0,0,0,0,0,0,0,0,0,0,0,0,0,0,0,0,0,0,0,3,0,3,0,0,0,0,0,0,0,0,11,0,0,0,0,3,0,9,9,4,3,4,8,0,0,3,33,0,0,0,0,0,0,0,0,0,0,0,0,0,0,0,4,0,0,0,0,0,0,0,0,0,0,0,0,0,0,0,0,0,0,0,0,0,0,0,0,0,0,0,0,0,0,0,0,15,18,10,6,6,3,0,0,0,0,0,0,0,0,0,46,0,9,9,0,0,0,0,0,0,0,0,0,0,0,3,17,0,0,0,4,0,0,3,0,0,0,0,0,0,0,0,11,0,0,0,0,3,0,12,3,4,0,0,3,0,0,3,34,0,0,0,0,0,0,4,4,0,0,0,0,0,0,0,7,0,0,0,0,0,0,0,0
LGA26490,0,0,0,0,0,0,0,0,0,0,0,0,0,0,0,0,0,0,0,0,0,0,0,0,0,0,0,0,0,0,0,0,0,0,5,12,10,20,20,23,10,5,0,9,4,0,0,120,0,0,0,0,7,3,6,18,0,0,3,3,5,0,0,56,0,4,18,0,0,0,0,0,0,0,0,0,0,0,0,20,0,5,3,3,0,0,0,0,0,0,0,0,0,0,0,12,0,0,0,0,3,4,0,4,0,0,0,0,0,0,0,19,27,45,20,8,9,14,36,18,5,7,3,3,6,0,3,205,0,20,13,3,0,0,4,0,0,0,0,0,0,0,0,38,0,3,0,0,8,4,4,3,4,0,0,0,0,0,5,25,0,0,7,13,4,6,13,11,0,4,5,0,0,0,3,73,0,0,0,0,0,4,3,0,0,0,0,8,6,0,0,35,0,0,0,0,0,4,0,4
LGA26610,0,0,0,0,0,0,14,40,0,0,0,8,0,5,4,84,0,0,0,0,0,0,0,3,0,0,0,0,0,0,0,4,0,0,0,0,6,0,0,3,0,9,0,0,0,0,0,17,0,0,0,0,0,0,22,12,0,26,40,16,0,0,4,125,0,0,5,0,0,0,0,0,0,0,0,0,0,0,0,3,0,0,0,0,0,0,3,0,0,0,0,0,0,0,0,7,0,0,0,3,9,4,10,4,0,4,0,3,8,0,0,63,0,5,3,0,3,0,0,0,0,0,0,0,0,0,0,21,0,3,11,3,0,0,0,0,0,0,0,0,0,0,0,21,0,0,0,0,0,0,0,5,0,0,0,4,0,0,0,14,0,0,0,0,0,0,74,51,16,21,26,43,4,3,0,250,0,0,0,0,0,0,22,17,0,6,5,23,3,0,0,80,0,0,0,0,0,0,5,3
LGA26670,0,0,0,0,0,0,0,0,0,0,0,0,0,0,0,0,0,0,0,0,0,0,0,0,0,0,0,0,0,0,0,0,0,0,0,0,0,0,6,0,0,0,0,0,0,0,0,6,0,0,0,0,0,0,0,0,0,0,0,0,0,0,0,6,0,0,0,0,0,0,0,0,0,0,0,0,0,0,0,3,0,0,0,0,0,0,0,0,0,0,0,0,0,0,0,0,0,0,0,0,0,0,0,0,0,0,0,0,0,0,0,4,4,13,4,0,5,0,3,0,0,0,0,0,0,4,0,39,0,0,0,0,0,0,0,0,0,0,0,0,0,0,0,0,0,0,0,0,0,0,0,0,0,0,0,0,0,0,0,0,0,0,0,0,0,0,0,4,0,0,5,0,0,0,0,13,0,0,0,0,0,0,4,0,0,0,0,0,0,0,0,10,0,0,0,0,0,0,0,0
LGA26700,0,0,0,0,0,0,0,0,0,0,0,0,0,0,0,0,0,0,0,0,0,4,0,0,0,0,0,0,0,0,0,0,0,0,4,0,3,3,8,8,0,0,0,0,0,0,0,31,0,0,0,0,0,3,14,7,0,4,0,0,0,0,0,32,0,0,13,6,0,0,0,0,0,0,0,0,0,0,0,24,0,0,0,0,0,0,4,0,0,0,0,0,0,0,0,4,0,0,0,0,3,3,0,0,0,0,0,0,0,0,0,6,24,33,11,3,0,10,8,0,0,0,0,0,0,0,3,99,0,6,4,4,0,0,0,0,0,0,0,0,0,0,0,18,0,0,0,0,5,0,0,0,0,0,0,0,0,0,0,6,0,0,0,0,4,0,43,25,16,17,16,25,0,4,0,157,0,6,0,0,0,0,4,0,0,0,0,0,6,0,0,17,0,0,0,0,0,0,0,0
LGA26730,0,0,0,0,0,0,0,3,0,0,0,0,0,0,0,11,0,0,0,0,0,0,0,0,3,0,0,0,0,0,0,5,0,0,3,4,0,0,11,4,0,5,4,3,0,0,0,34,0,0,0,3,3,4,44,19,21,34,55,49,5,0,8,236,0,0,0,3,0,0,0,0,0,0,0,0,0,0,0,9,0,0,4,3,4,0,10,4,0,0,5,0,0,0,0,24,0,0,0,0,0,3,13,3,0,0,0,0,0,0,0,21,10,14,3,4,0,3,9,4,0,0,0,0,0,0,0,57,0,4,4,4,0,0,0,0,0,0,0,0,0,0,0,15,0,0,0,0,5,0,0,3,0,0,0,0,0,0,0,10,0,0,0,0,4,4,56,42,9,10,15,20,7,4,3,180,0,0,0,0,0,0,8,12,3,0,5,0,10,0,0,39,0,0,0,0,0,0,0,9
LGA26810,0,0,0,0,0,0,0,0,0,0,0,0,0,0,0,0,0,0,0,0,0,0,4,4,0,0,0,0,0,0,0,8,0,0,11,11,3,3,8,6,0,0,0,3,0,0,0,51,0,0,0,0,0,3,22,14,9,0,0,4,4,0,17,79,3,0,18,14,3,0,0,0,0,0,0,0,0,0,3,50,0,7,3,0,3,0,0,0,0,4,0,0,0,0,4,25,0,0,4,0,5,0,8,4,0,0,0,0,0,0,0,33,42,69,18,18,14,6,14,0,0,3,0,0,0,0,4,188,4,7,9,6,0,0,3,0,0,0,0,0,0,0,3,29,0,0,0,0,4,0,0,0,0,0,0,0,0,0,14,16,0,0,0,7,3,6,75,50,0,16,23,25,4,0,14,228,0,0,0,0,0,4,5,4,0,3,0,4,4,0,0,25,0,0,0,0,0,0,0,0
LGA26890,0,0,0,0,0,0,0,0,0,0,0,0,0,0,0,0,0,0,0,0,0,0,0,3,0,0,0,0,0,0,0,4,0,0,0,0,0,0,0,0,0,0,0,0,0,0,0,4,0,0,0,0,0,0,0,0,0,0,0,0,0,0,0,0,0,0,0,0,0,0,0,0,0,0,0,0,0,0,0,0,0,0,0,0,0,0,0,0,0,0,0,0,0,0,0,0,0,0,0,0,4,0,0,0,0,0,0,0,0,0,0,0,4,5,0,0,5,0,0,0,0,0,0,0,0,0,0,19,0,0,0,0,0,0,0,0,0,0,0,0,0,0,0,4,0,0,0,0,0,0,0,0,0,0,0,0,0,0,0,0,0,0,0,0,0,0,0,0,5,8,3,0,0,0,0,20,0,0,0,0,0,0,0,0,0,0,0,0,0,0,0,0,0,0,0,0,0,0,0,0
LGA26980,0,0,0,0,11,19,10,22,5,0,0,0,0,0,3,76,0,0,0,10,10,32,46,48,3,11,12,21,12,0,9,205,0,15,13,46,45,34,54,36,7,3,9,4,0,0,4,266,0,26,59,102,1200,2143,7005,4851,1253,1529,1348,1454,434,98,457,21962,0,43,76,34,12,21,8,3,0,0,0,0,0,0,7,207,11,55,50,31,14,28,10,33,4,3,5,4,6,0,8,272,3,3,9,30,98,44,39,18,0,0,3,5,5,0,0,262,107,157,76,47,55,47,62,34,12,0,9,6,0,4,14,613,15,355,882,140,47,20,10,29,8,0,8,6,11,0,39,1564,0,12,33,162,632,589,469,295,75,92,91,79,85,24,59,2705,19,9,79,124,284,458,1687,1120,363,474,686,858,291,53,104,6617,0,11,16,38,88,296,306,109,23,20,27,44,37,4,8,1035,0,0,0,19,77,82,230,457
LGA27070,0,0,0,0,30,83,85,77,16,10,12,8,7,0,6,325,0,0,0,3,10,38,210,123,13,18,8,11,12,0,5,442,0,0,5,11,17,20,40,30,7,6,8,3,0,0,0,161,0,3,6,33,215,394,1597,783,161,174,212,187,44,6,72,3883,0,23,311,105,38,97,41,5,0,0,0,0,0,0,14,640,14,65,132,60,127,128,208,174,21,4,27,5,6,4,25,1003,0,0,5,23,169,152,201,90,15,30,23,24,7,0,17,769,65,62,52,26,32,38,67,33,4,8,3,4,4,4,11,409,39,560,1979,486,186,99,53,277,19,26,3,4,3,4,76,3832,0,0,14,16,93,85,84,58,19,15,8,9,8,3,5,418,4,0,36,89,251,610,6677,3572,952,1012,1418,1599,479,73,262,17030,0,3,0,25,53,99,174,81,15,27,9,17,10,4,10,524,0,0,0,3,44,118,476,1344
LGA27170,0,0,0,0,0,0,0,3,0,0,0,0,0,0,0,6,0,0,0,0,0,0,15,7,0,0,0,0,0,0,0,23,0,0,5,3,0,6,4,4,0,0,0,0,0,0,0,37,0,0,0,0,9,7,27,18,6,4,0,4,0,0,0,80,0,20,61,5,6,9,0,0,0,0,0,0,0,0,4,105,0,0,4,0,0,0,13,0,0,0,0,0,0,0,0,18,0,0,0,0,14,7,3,5,0,0,0,0,0,0,0,27,53,121,40,28,10,8,19,9,0,0,0,0,0,0,7,287,0,0,4,6,0,0,0,0,0,0,0,0,0,0,0,17,0,0,0,0,3,8,0,5,0,0,0,0,0,0,0,16,0,0,8,4,10,7,167,116,17,24,26,25,11,0,8,411,0,0,0,0,4,6,8,0,0,0,0,0,0,0,0,19,0,0,0,0,0,0,6,7
LGA27260,0,0,0,0,34,90,99,74,13,19,5,0,13,0,14,361,0,0,0,0,24,133,1327,658,117,97,107,71,46,16,21,2621,0,0,14,21,19,37,68,45,10,11,21,15,5,5,3,264,0,4,5,9,200,525,3103,1820,426,375,338,404,143,28,118,7488,3,23,167,81,30,102,35,9,5,0,0,0,0,0,11,460,0,18,37,22,52,39,186,73,10,9,25,18,4,3,20,532,0,0,3,22,173,186,404,242,57,25,43,52,23,9,13,1260,90,121,64,34,50,38,91,43,7,3,4,11,4,0,8,569,25,98,195,81,36,16,24,59,15,7,0,0,0,4,20,582,0,4,5,11,78,186,202,116,35,20,28,42,15,5,9,772,7,6,54,100,213,1155,17644,12312,3367,3614,4318,5086,1462,380,727,50435,0,4,4,19,76,474,807,244,53,55,50,40,45,6,29,1896,0,0,0,4,27,26,156,424
LGA27350,0,0,0,0,0,12,20,12,4,0,0,3,0,0,0,52,0,0,0,0,0,8,0,10,4,0,4,0,0,0,0,29,0,0,5,20,38,44,60,88,15,25,31,44,18,4,3,395,7,5,6,17,160,349,340,183,39,57,56,39,21,8,22,1306,0,18,53,12,6,36,4,0,0,0,0,0,0,0,0,131,5,10,23,10,4,7,12,8,0,0,6,0,0,0,0,94,0,0,5,3,18,8,8,4,0,3,0,3,0,0,0,59,31,38,25,32,32,54,67,66,27,25,23,17,8,0,10,455,4,205,588,90,19,9,6,28,0,3,0,0,0,0,21,975,0,4,13,32,78,58,39,50,8,5,11,7,5,0,12,329,0,4,19,32,36,60,139,114,53,55,75,89,37,7,21,734,4,4,4,4,25,51,69,35,8,7,9,15,5,0,6,253,0,0,0,3,23,21,36,34
LGA27450,0,0,0,0,0,4,9,0,0,0,0,0,0,0,0,14,0,0,0,0,0,7,10,4,0,0,0,0,0,0,0,25,0,5,22,45,33,38,63,34,4,8,6,4,3,0,4,265,3,6,6,11,41,85,364,234,48,34,42,58,30,12,15,986,0,21,56,14,0,17,0,3,0,0,0,0,0,0,3,125,4,16,15,0,7,0,7,18,0,0,0,0,0,0,0,69,0,4,3,10,29,25,8,5,0,0,0,4,0,0,0,85,98,303,187,58,117,56,80,26,3,3,0,5,7,0,22,973,5,40,63,29,6,0,3,0,3,0,0,0,0,0,12,161,0,0,7,10,28,36,48,12,5,3,5,5,5,0,0,174,9,7,56,64,54,82,420,193,56,42,56,29,21,6,19,1115,0,13,9,15,13,24,47,23,4,0,0,3,5,3,5,167,0,0,0,3,17,8,63,144
LGA27630,0,0,0,0,0,0,0,0,0,0,0,0,0,0,0,0,0,0,0,0,0,0,0,0,0,0,0,0,0,0,0,0,0,0,0,0,0,0,7,0,0,0,0,0,0,0,0,8,0,0,0,0,4,0,0,0,0,0,0,0,0,0,0,4,0,0,0,0,0,0,0,0,0,0,0,0,0,0,0,3,0,0,3,0,0,0,0,0,0,0,0,0,0,0,0,3,0,0,0,0,0,0,0,0,0,0,0,0,0,0,0,0,5,7,5,0,0,0,0,0,0,0,0,0,0,0,0,16,0,6,4,3,3,0,0,0,0,0,0,0,0,0,0,8,0,0,0,0,0,0,0,0,0,0,0,0,0,0,0,0,0,0,0,0,0,3,12,4,0,0,4,7,0,0,4,39,0,0,0,0,0,0,0,0,0,0,0,0,0,0,0,0,0,0,0,0,0,0,0,0
LGA29399,0,0,0,0,0,0,0,0,0,0,0,0,0,0,0,0,0,0,0,0,0,0,0,0,0,0,0,0,0,0,0,0,0,0,0,0,0,0,0,0,0,0,0,0,0,0,0,0,0,0,0,0,0,0,0,6,0,0,0,11,0,0,0,18,0,0,0,0,0,0,0,0,0,0,0,0,0,0,0,0,0,0,0,0,0,0,0,0,0,0,0,0,0,0,0,0,0,0,0,0,0,0,0,0,0,0,0,0,0,0,0,0,0,0,0,0,0,0,0,0,0,0,0,0,0,0,0,4,0,0,0,0,0,0,0,0,0,0,0,0,0,0,0,0,0,0,0,0,0,0,0,0,0,0,0,3,0,0,0,3,0,0,0,0,0,0,0,0,0,0,0,0,0,0,0,0,0,0,0,0,0,0,0,0,0,0,0,0,0,0,0,0,0,0,0,0,0,0,0,0
LGA29499,0,0,0,0,0,0,0,4,0,0,0,0,0,0,0,8,0,0,0,0,0,0,0,0,0,0,0,0,0,0,0,0,0,0,0,0,0,3,5,4,0,0,0,6,0,0,0,21,0,0,0,0,4,5,13,6,0,4,7,8,0,4,5,57,0,0,8,0,0,0,0,0,0,0,0,0,0,0,0,12,0,0,0,0,0,3,3,0,0,0,0,0,0,0,0,5,0,0,0,0,0,0,0,0,0,0,0,0,0,0,0,4,4,3,10,0,0,3,0,0,0,0,0,9,0,0,6,33,0,0,3,0,0,0,0,0,0,0,0,0,0,0,0,10,0,0,0,0,5,0,0,0,0,3,0,0,0,0,0,9,0,0,0,0,0,6,20,12,0,11,6,4,4,24,3,90,0,0,0,0,0,0,3,0,0,0,4,6,0,0,0,15,0,0,0,0,0,0,0,12
LGA29799,0,0,0,0,0,0,0,0,0,0,0,0,0,0,0,0,0,0,0,0,0,0,0,0,0,0,0,0,0,0,0,0,0,0,0,0,0,0,0,0,0,0,0,0,0,0,0,0,0,0,0,0,0,0,0,0,0,0,0,0,0,0,0,0,0,0,0,0,0,0,0,0,0,0,0,0,0,0,0,0,0,0,0,0,0,0,0,0,0,0,0,0,0,0,0,0,0,0,0,0,0,0,0,0,0,0,0,0,0,0,0,0,0,0,0,0,0,0,0,0,0,0,0,0,0,0,0,0,0,0,0,0,0,0,0,0,0,0,0,0,0,0,0,0,0,0,0,0,0,0,0,0,0,0,0,0,0,0,0,0,0,0,0,0,0,0,0,0,0,0,0,0,0,0,0,0,0,0,0,0,0,0,0,0,0,0,0,0,0,0,0,0,0,0,0,0,0,0,0,0
