LGA_CODE_2021,M_Tot_15_19,M_Tot_20_24,M_Tot_25_34,M_Tot_35_44,M_Tot_45_54,M_Tot_55_64,M_Tot_65_74,M_Tot_75_84,M_Tot_85ov,M_Tot_Tot,F_Ag_For_Fshg_15_19,F_Ag_For_Fshg_20_24,F_Ag_For_Fshg_25_34,F_Ag_For_Fshg_35_44,F_Ag_For_Fshg_45_54,F_Ag_For_Fshg_55_64,F_Ag_For_Fshg_65_74,F_Ag_For_Fshg_75_84,F_Ag_For_Fshg_85ov,F_Ag_For_Fshg_Tot,F_Mining_15_19,F_Mining_20_24,F_Mining_25_34,F_Mining_35_44,F_Mining_45_54,F_Mining_55_64,F_Mining_65_74,F_Mining_75_84,F_Mining_85ov,F_Mining_Tot,F_Manufact_15_19,F_Manufact_20_24,F_Manufact_25_34,F_Manufact_35_44,F_Manufact_45_54,F_Manufact_55_64,F_Manufact_65_74,F_Manufact_75_84,F_Manufact_85ov,F_Manufact_Tot,F_El_Gas_Wt_Waste_15_19,F_El_Gas_Wt_Waste_20_24,F_El_Gas_Wt_Waste_25_34,F_El_Gas_Wt_Waste_35_44,F_El_Gas_Wt_Waste_45_54,F_El_Gas_Wt_Waste_55_64,F_El_Gas_Wt_Waste_65_74,F_El_Gas_Wt_Waste_75_84,F_El_Gas_Wt_Waste_85ov,F_El_Gas_Wt_Waste_Tot,F_Constru_15_19,F_Constru_20_24,F_Constru_25_34,F_Constru_35_44,F_Constru_45_54,F_Constru_55_64,F_Constru_65_74,F_Constru_75_84,F_Constru_85ov,F_Constru_Tot,F_WhlesaleTde_15_19,F_WhlesaleTde_20_24,F_WhlesaleTde_25_34,F_WhlesaleTde_35_44,F_WhlesaleTde_45_54,F_WhlesaleTde_55_64,F_WhlesaleTde_65_74,F_WhlesaleTde_75_84,F_WhlesaleTde_85ov,F_WhlesaleTde_Tot,F_RetTde_15_19,F_RetTde_20_24,F_RetTde_25_34,F_RetTde_35_44,F_RetTde_45_54,F_RetTde_55_64,F_RetTde_65_74,F_RetTde_75_84,F_RetTde_85ov,F_RetTde_Tot,F_Accom_food_15_19,F_Accom_food_20_24,F_Accom_food_25_34,F_Accom_food_35_44,F_Accom_food_45_54,F_Accom_food_55_64,F_Accom_food_65_74,F_Accom_food_75_84,F_Accom_food_85ov,F_Accom_food_Tot,F_Trans_post_wrehsg_15_19,F_Trans_post_wrehsg_20_24,F_Trans_post_wrehsg_25_34,F_Trans_post_wrehsg_35_44,F_Trans_post_wrehsg_45_54,F_Trans_post_wrehsg_55_64,F_Trans_post_wrehsg_65_74,F_Trans_post_wrehsg_75_84,F_Trans_post_wrehsg_85ov,F_Trans_post_wrehsg_Tot,F_Info_media_teleco_15_19,F_Info_media_teleco_20_24,F_Info_media_teleco_25_34,F_Info_media_teleco_35_44,F_Info_media_teleco_45_54,F_Info_media_teleco_55_64,F_Info_media_teleco_65_74,F_Info_media_teleco_75_84,F_Info_media_teleco_85ov,F_Info_media_teleco_Tot,F_Fin_Insur_15_19,F_Fin_Insur_20_24,F_Fin_Insur_25_34,F_Fin_Insur_35_44,F_Fin_Insur_45_54,F_Fin_Insur_55_64,F_Fin_Insur_65_74,F_Fin_Insur_75_84,F_Fin_Insur_85ov,F_Fin_Insur_Tot,F_RtnHir_REst_15_19,F_RtnHir_REst_20_24,F_RtnHir_REst_25_34,F_RtnHir_REst_35_44,F_RtnHir_REst_45_54,F_RtnHir_REst_55_64,F_RtnHir_REst_65_74,F_RtnHir_REst_75_84,F_RtnHir_REst_85ov,F_RtnHir_REst_Tot,F_Pro_scien_tec_15_19,F_Pro_scien_tec_20_24,F_Pro_scien_tec_25_34,F_Pro_scien_tec_35_44,F_Pro_scien_tec_45_54,F_Pro_scien_tec_55_64,F_Pro_scien_tec_65_74,F_Pro_scien_tec_75_84,F_Pro_scien_tec_85ov,F_Pro_scien_tec_Tot,F_Admin_supp_15_19,F_Admin_supp_20_24,F_Admin_supp_25_34,F_Admin_supp_35_44,F_Admin_supp_45_54,F_Admin_supp_55_64,F_Admin_supp_65_74,F_Admin_supp_75_84,F_Admin_supp_85ov,F_Admin_supp_Tot,F_Public_admin_sfty_15_19,F_Public_admin_sfty_20_24,F_Public_admin_sfty_25_34,F_Public_admin_sfty_35_44,F_Public_admin_sfty_45_54,F_Public_admin_sfty_55_64,F_Public_admin_sfty_65_74,F_Public_admin_sfty_75_84,F_Public_admin_sfty_85ov,F_Public_admin_sfty_Tot,F_Educ_trng_15_19,F_Educ_trng_20_24,F_Educ_trng_25_34,F_Educ_trng_35_44,F_Educ_trng_45_54,F_Educ_trng_55_64,F_Educ_trng_65_74,F_Educ_trng_75_84,F_Educ_trng_85ov,F_Educ_trng_Tot,F_HlthCare_SocAs_15_19,F_HlthCare_SocAs_20_24,F_HlthCare_SocAs_25_34,F_HlthCare_SocAs_35_44,F_HlthCare_SocAs_45_54,F_HlthCare_SocAs_55_64,F_HlthCare_SocAs_65_74,F_HlthCare_SocAs_75_84,F_HlthCare_SocAs_85ov,F_HlthCare_SocAs_Tot,F_Art_recn_15_19,F_Art_recn_20_24,F_Art_recn_25_34,F_Art_recn_35_44,F_Art_recn_45_54,F_Art_recn_55_64,F_Art_recn_65_74,F_Art_recn_75_84,F_Art_recn_85ov,F_Art_recn_Tot,F_Oth_scs_15_19,F_Oth_scs_20_24,F_Oth_scs_25_34,F_Oth_scs_35_44,F_Oth_scs_45_54,F_Oth_scs_55_64,F_Oth_scs_65_74,F_Oth_scs_75_84,F_Oth_scs_85ov,F_Oth_scs_Tot
LGA20110,183,199,503,592,694,703,295,52,5,3230,4,7,9,11,25,58,37,7,0,165,0,0,0,0,0,0,0,0,0,0,16,7,23,24,30,31,9,0,0,151,0,0,0,9,0,4,3,0,0,14,0,4,11,15,23,16,4,0,0,78,0,0,3,0,8,7,4,0,0,33,48,12,32,47,79,100,19,0,0,339,72,45,66,74,91,69,27,0,0,450,3,9,5,10,12,13,6,0,0,56,0,0,0,0,9,0,0,0,0,16,0,5,15,12,14,17,0,0,0,64,0,5,6,5,23,7,0,0,0,47,3,10,24,59,48,35,4,0,0,176,3,7,18,15,19,28,0,0,0,91,0,0,21,46,59,30,7,0,0,170,3,18,62,105,89,93,30,0,0,396,3,40,93,109,148,175,47,0,0,618,4,0,16,8,17,11,4,0,0,66,0,10,22,8,17,19,3,0,0,79
LGA20260,147,193,510,425,477,516,225,46,7,2551,8,14,20,32,46,39,43,9,5,219,0,3,0,5,3,0,0,0,0,12,10,25,57,42,38,37,5,0,0,212,0,0,0,0,0,0,0,0,0,3,0,5,0,4,3,5,0,0,0,27,0,0,5,9,3,7,0,0,0,31,30,26,22,34,36,38,11,0,0,200,50,28,22,35,31,28,6,0,0,191,0,0,5,8,9,6,5,0,0,36,0,0,8,0,4,4,0,0,0,13,0,0,5,10,4,11,0,0,0,27,0,0,4,3,7,7,0,0,0,31,0,0,14,12,13,19,3,0,0,64,0,0,16,9,13,18,3,0,0,61,0,15,46,39,74,32,4,0,0,210,5,19,51,65,55,56,12,0,0,262,14,48,135,94,171,151,43,0,0,660,0,3,13,7,7,3,6,0,0,36,7,4,11,16,6,13,3,0,0,61
LGA20570,1640,2613,6170,5449,5210,4147,1206,151,11,26600,9,25,28,41,42,35,32,12,0,221,0,0,11,16,16,5,0,0,0,54,109,83,149,197,233,176,35,0,0,991,0,4,33,33,41,21,7,0,0,141,16,43,119,157,132,97,30,0,0,600,19,25,52,52,61,41,9,0,0,251,507,503,622,446,468,432,86,7,0,3071,708,439,327,248,186,158,34,0,0,2110,4,34,105,87,90,82,20,3,0,433,14,32,85,70,70,35,17,0,0,323,4,30,107,104,116,67,7,0,0,437,12,29,88,69,54,42,17,0,0,306,8,101,336,357,272,161,38,3,0,1273,20,65,182,154,176,126,31,4,0,759,8,92,359,473,442,251,51,3,0,1681,83,223,864,1007,986,704,155,8,0,4032,112,704,1875,1703,1678,1473,269,13,0,7825,56,75,94,117,91,60,20,0,0,518,29,114,233,173,158,114,30,3,3,858
LGA20660,1297,2695,6681,7700,6968,5001,1747,242,30,32353,0,5,18,12,10,16,3,0,0,66,0,0,4,8,8,3,0,0,0,25,109,57,173,254,253,160,47,7,0,1069,0,0,34,76,46,22,0,0,0,187,15,49,174,193,187,152,30,4,0,804,10,32,95,149,177,94,20,4,0,575,383,551,524,425,451,365,117,6,0,2829,555,347,241,172,155,100,26,0,0,1598,10,26,111,153,137,105,16,0,0,566,15,29,98,150,100,52,9,0,0,460,4,55,309,490,340,145,26,0,0,1367,5,38,128,107,95,75,28,3,0,478,24,167,739,857,647,369,111,11,0,2930,13,65,173,178,191,122,27,5,0,778,22,102,459,614,580,384,72,13,0,2247,66,241,1044,1229,1247,953,218,15,4,5012,83,582,1847,1840,1720,1492,414,26,0,8015,62,94,132,114,110,57,23,0,0,593,40,96,247,231,240,151,43,5,0,1052
LGA20740,462,546,1340,1593,1733,1818,712,106,14,8331,9,6,33,41,41,62,49,19,5,264,0,0,6,0,4,0,0,0,0,10,28,11,35,49,51,54,12,3,0,246,0,0,6,27,17,11,0,0,0,67,8,3,48,72,68,42,6,6,0,252,5,6,3,24,31,25,8,0,0,103,152,92,150,158,213,203,57,0,0,1022,150,86,139,120,119,133,34,0,0,764,0,4,11,19,20,44,7,5,0,112,3,4,11,8,5,16,4,0,0,56,0,7,38,36,43,39,9,0,0,179,4,13,19,15,44,39,15,0,0,152,3,20,94,91,83,93,40,5,0,422,14,11,44,55,47,73,12,0,0,261,3,14,54,96,83,81,19,0,0,365,7,44,169,262,278,217,44,4,0,1026,19,119,325,371,469,554,127,10,0,1995,28,20,55,66,64,54,19,4,0,310,9,22,77,57,74,63,14,0,0,322
LGA20830,745,1127,2843,2629,2663,2450,921,206,24,13603,26,47,147,114,128,139,121,48,7,779,0,0,6,4,11,4,0,0,0,22,31,41,108,80,111,76,16,0,0,464,3,9,15,17,16,7,0,0,0,68,6,39,99,89,91,87,20,0,0,421,3,19,37,30,45,33,4,0,0,178,242,186,251,204,257,225,35,0,0,1397,274,133,119,80,90,89,8,0,0,799,7,16,33,39,58,56,16,0,0,230,6,3,20,22,27,15,4,0,0,104,5,25,80,67,49,36,8,3,0,266,8,19,30,38,34,16,14,0,0,162,6,46,151,141,102,109,34,4,0,592,18,21,73,86,85,70,23,5,0,376,5,32,183,169,172,140,25,0,0,740,38,110,396,436,509,370,72,5,0,1936,61,263,746,667,707,650,167,3,0,3282,25,32,37,52,56,36,3,0,0,244,16,60,123,82,118,102,26,4,0,545
LGA20910,1272,2087,3208,4798,6666,5139,1985,411,32,25602,0,4,10,9,20,8,6,3,0,62,0,0,3,9,21,3,0,0,0,38,55,49,120,187,295,154,53,7,0,922,0,8,28,50,44,23,0,0,0,153,8,38,89,165,183,130,49,7,0,662,11,42,78,136,207,117,41,10,0,643,407,468,307,365,517,364,128,17,0,2563,603,297,132,127,136,95,26,7,0,1422,4,20,46,100,112,59,28,5,0,380,19,36,67,127,147,71,12,0,0,482,5,39,188,431,486,216,49,14,0,1428,8,37,84,133,216,105,48,11,0,637,27,195,529,809,954,555,179,26,0,3272,4,30,96,129,217,133,38,3,0,671,0,42,179,282,379,299,46,0,0,1230,118,204,373,589,952,888,237,17,0,3376,72,297,667,862,1219,1115,348,28,0,4607,88,71,72,101,137,75,21,5,0,567,37,89,99,152,215,142,46,0,0,784
LGA21010,179,224,543,506,594,727,350,64,3,3200,4,11,21,18,30,51,60,10,6,209,0,0,0,4,0,5,0,0,0,5,14,19,21,27,31,33,6,0,0,155,0,0,0,0,0,0,0,0,0,7,0,7,28,12,28,16,0,0,0,100,4,3,6,3,6,6,4,0,0,33,48,26,46,38,60,61,21,0,0,299,57,26,36,25,41,29,15,0,0,225,0,0,8,5,20,12,4,0,0,49,0,0,4,0,0,3,0,0,0,9,0,7,11,5,12,15,0,0,0,48,0,5,3,8,9,3,3,0,0,30,8,14,24,22,23,26,11,4,0,129,0,5,15,25,27,28,3,0,0,102,5,8,32,45,45,73,19,3,0,223,6,10,55,80,98,92,30,0,0,371,9,48,143,148,181,218,51,0,0,806,4,8,8,9,6,9,6,0,0,54,10,8,18,18,26,22,9,0,0,94
LGA21110,1852,4484,8796,8278,9437,7400,2916,569,50,43775,0,9,22,8,24,34,23,7,0,126,0,0,6,22,24,5,5,0,0,58,117,98,230,278,315,183,36,10,0,1275,0,3,63,98,82,23,6,0,0,276,9,65,186,196,246,134,44,4,0,896,18,61,167,289,314,148,48,7,0,1051,611,983,843,631,744,423,123,34,0,4379,799,608,386,278,296,172,52,6,0,2590,11,46,104,123,163,95,27,0,0,573,29,86,167,175,174,90,21,0,0,752,6,138,529,777,718,335,85,11,0,2600,6,64,193,214,248,156,49,14,0,947,55,530,1432,1315,1353,751,262,28,0,5719,18,80,254,194,230,148,64,9,0,1001,8,125,432,488,545,407,96,17,4,2127,180,444,1098,1040,1377,1348,414,42,0,5955,120,868,2001,1757,2127,1848,588,65,5,9377,112,141,167,117,145,84,48,8,3,823,69,163,252,194,267,222,59,12,0,1229
LGA21180,1545,4509,11891,9833,8540,6980,1730,132,8,45166,4,13,37,65,74,55,4,7,0,255,0,0,9,6,7,0,0,0,0,18,70,129,405,545,818,523,62,4,0,2562,0,3,67,84,41,33,4,0,0,243,10,76,238,242,184,109,21,3,0,887,10,62,169,197,240,146,16,3,0,840,553,968,950,716,794,533,100,9,0,4623,758,509,545,383,337,261,37,0,0,2835,27,159,381,411,457,248,36,0,0,1717,17,48,94,82,64,12,5,0,0,331,9,181,580,501,322,165,27,0,0,1775,9,49,156,98,83,52,6,0,0,457,13,197,695,467,350,184,43,8,0,1958,20,158,419,377,368,271,74,0,0,1695,9,123,443,500,460,339,66,12,0,1955,67,299,1005,888,872,656,124,5,0,3907,77,746,2093,1616,1511,1132,251,8,0,7439,69,96,131,125,85,47,6,0,0,559,32,151,498,413,343,210,41,0,0,1679
LGA21270,82,99,204,201,286,355,188,34,0,1459,4,5,17,23,43,41,33,9,3,183,0,0,0,0,4,0,0,0,0,4,4,3,13,4,12,9,5,0,0,44,0,0,0,0,0,0,0,0,0,3,0,0,0,3,4,3,0,0,0,12,0,3,0,3,3,5,0,0,0,17,17,15,16,16,30,20,7,0,0,122,4,7,15,17,18,12,5,0,0,73,0,0,0,5,4,13,0,0,0,26,0,0,0,0,5,0,0,0,0,0,0,0,3,0,13,4,0,0,0,20,0,0,0,0,0,0,0,0,0,3,0,4,10,12,4,7,0,0,0,32,0,0,0,0,6,5,3,0,0,15,0,4,11,13,20,13,10,0,0,74,0,9,36,32,54,43,11,0,0,184,13,16,57,31,50,92,25,0,0,282,0,0,5,3,8,3,0,0,0,20,5,0,0,9,4,7,4,0,0,28
LGA21370,610,714,1504,1495,1839,1895,692,130,17,8901,25,43,97,111,129,154,97,24,3,692,0,0,0,5,5,0,0,0,0,15,55,36,74,94,118,88,22,0,0,484,0,0,13,13,13,6,0,0,0,54,4,6,30,31,47,45,6,0,0,176,0,3,11,22,19,17,6,0,0,84,159,115,153,152,220,164,46,0,0,1002,166,79,107,91,111,108,16,0,0,676,0,0,18,15,47,41,16,0,0,143,0,3,6,13,9,6,0,0,0,36,4,15,23,35,38,33,7,0,0,148,0,7,13,19,23,23,0,3,0,87,6,22,84,74,67,57,11,3,0,338,4,14,43,51,56,40,12,0,0,222,9,14,47,66,76,71,14,0,0,298,14,47,174,195,228,195,50,0,0,911,31,170,424,423,562,589,153,6,0,2352,24,22,29,24,21,18,3,0,0,140,19,42,80,61,64,66,14,0,0,349
LGA21450,1582,2709,7614,7523,5954,4103,1163,163,23,30834,17,36,92,88,106,108,53,14,0,519,4,0,8,7,8,7,0,0,0,30,69,104,321,347,400,250,36,3,0,1540,0,8,53,43,44,19,0,0,0,173,22,79,313,330,269,151,36,0,0,1205,11,51,204,177,166,110,23,0,0,739,449,494,721,583,609,342,82,0,0,3274,703,328,266,189,149,90,13,0,0,1734,9,42,152,119,162,123,22,0,0,633,14,29,73,59,48,24,3,0,0,243,5,52,220,230,152,82,14,0,0,758,12,55,143,114,84,61,8,0,0,481,11,79,408,372,272,156,48,3,0,1350,25,61,202,223,177,139,23,3,0,857,3,79,359,375,279,196,38,0,0,1324,54,260,970,1035,843,479,83,6,0,3736,70,590,1844,1546,1414,952,201,7,0,6627,72,83,128,100,80,42,6,0,0,520,55,85,349,238,190,121,21,0,0,1065
LGA21610,4013,8848,22043,24690,18423,12618,2931,281,20,93863,18,47,116,143,146,109,22,12,0,612,0,3,7,16,16,6,6,0,0,48,143,350,1068,1431,1434,983,161,13,0,5573,3,35,139,207,167,79,9,0,0,637,29,208,748,712,568,328,70,5,0,2672,23,167,522,653,549,392,58,5,0,2366,1313,1822,2038,1713,1556,961,163,10,0,9576,1706,838,788,575,485,284,56,3,0,4724,41,164,447,520,479,332,56,3,0,2042,52,87,227,207,116,56,8,0,0,757,19,203,822,926,522,253,39,5,0,2778,22,101,305,282,179,116,29,4,0,1039,36,351,1201,1237,722,393,99,6,0,4050,50,261,676,714,672,383,79,7,0,2835,8,209,749,902,798,523,85,12,0,3292,190,659,2155,2482,1977,1107,192,11,0,8769,233,1716,5326,5665,4353,2714,528,17,0,20543,153,161,257,227,150,102,17,0,0,1070,86,282,711,703,507,301,63,0,0,2654
LGA21670,146,193,404,358,501,528,187,38,4,2343,0,3,12,11,12,17,16,5,0,80,0,0,0,0,0,4,0,0,0,3,11,9,31,26,53,56,15,0,0,197,0,0,0,5,0,3,0,0,0,9,0,0,3,3,9,8,0,0,0,26,0,5,0,3,8,0,0,0,0,14,49,32,46,31,65,68,21,0,0,310,67,19,28,28,25,29,9,0,0,206,0,0,11,11,16,11,5,3,0,51,0,0,3,4,3,0,0,0,0,17,0,0,9,3,12,3,0,0,0,33,0,0,0,0,5,4,0,0,0,18,0,4,17,14,22,15,5,0,0,80,0,0,4,16,18,15,0,0,0,59,0,3,16,29,39,32,9,0,0,126,5,14,44,58,53,60,12,0,0,244,7,53,125,109,166,171,47,0,0,677,4,8,0,8,6,9,3,0,0,40,0,9,19,17,9,15,7,0,0,77
LGA21750,377,426,1066,998,1063,1068,443,89,13,5546,18,18,64,60,54,66,71,18,0,373,0,0,0,0,0,0,0,0,0,8,33,72,143,85,72,52,9,0,0,464,0,0,0,4,4,5,3,0,0,17,0,0,16,31,20,13,9,0,0,90,0,4,15,6,14,15,0,0,0,56,128,59,86,84,119,76,26,4,0,584,111,39,99,80,89,74,20,0,0,507,0,0,6,16,22,15,9,0,0,77,0,3,10,6,9,11,3,0,0,47,0,3,9,15,18,6,0,0,0,56,0,3,7,10,17,10,3,0,0,50,4,19,43,39,50,34,8,0,0,203,4,9,32,44,39,43,12,0,0,188,5,6,31,58,60,53,24,0,0,236,19,31,90,124,136,131,32,0,0,561,20,63,220,221,294,298,86,3,0,1205,10,6,17,10,7,12,8,0,0,65,4,8,26,31,36,16,15,0,0,142
LGA21830,241,344,654,634,810,864,395,107,13,4063,33,35,100,110,151,144,92,40,8,702,0,4,0,0,0,3,0,0,0,9,10,9,32,28,38,31,3,0,0,160,0,4,0,5,5,5,0,0,0,15,0,0,8,4,15,12,5,0,0,46,0,0,11,7,13,15,0,0,0,49,88,31,51,54,75,63,7,0,0,371,52,25,36,24,50,42,13,0,0,253,0,0,9,20,18,21,6,0,0,76,0,0,3,6,0,3,0,0,0,8,0,7,5,12,6,4,5,0,0,41,0,0,3,0,6,3,0,0,0,18,0,13,29,34,26,31,6,0,0,138,4,0,9,16,21,23,9,3,0,78,0,9,22,43,43,35,10,3,0,163,11,29,67,79,98,97,22,0,0,393,6,65,114,126,182,218,50,0,0,760,3,0,13,5,11,3,0,0,0,37,3,7,20,9,22,11,3,0,0,78
LGA21890,1062,3196,11375,9804,7864,4747,1188,110,11,39362,0,10,42,24,23,17,0,4,0,129,0,0,7,5,7,0,0,0,0,22,65,90,322,330,330,205,39,4,0,1379,0,6,69,99,58,22,0,0,0,260,5,35,210,199,152,89,24,0,0,720,4,37,170,175,142,82,24,0,0,639,397,721,989,565,545,325,62,6,0,3613,539,563,717,334,213,134,25,0,0,2530,4,57,184,153,164,99,24,0,0,681,20,45,289,236,172,70,14,0,0,838,0,58,501,569,384,143,26,0,0,1679,3,33,175,115,112,59,9,0,0,511,17,228,1462,1277,800,316,63,0,0,4171,8,117,353,271,250,165,40,4,0,1201,11,112,801,937,855,455,58,4,0,3236,69,268,1558,1431,1323,889,168,8,0,5716,65,665,2795,1985,1735,1219,270,12,0,8749,74,95,315,228,173,73,16,0,0,971,30,99,433,313,263,168,30,0,0,1334
LGA22110,608,670,1605,1604,1876,2152,910,204,30,9656,11,20,60,64,88,106,105,43,0,502,0,3,7,3,0,0,0,0,0,10,32,35,71,79,85,102,31,0,0,437,0,6,9,9,9,12,3,0,0,48,3,11,46,31,50,44,13,0,0,201,3,11,23,19,35,28,4,0,0,130,174,97,156,167,207,213,56,0,0,1076,203,75,130,119,144,172,56,5,0,906,0,4,12,14,45,51,6,0,0,145,0,4,8,4,3,7,9,0,0,34,0,7,22,27,23,33,3,0,0,120,6,10,28,26,31,20,9,3,0,133,6,9,47,84,78,83,39,3,0,349,5,24,49,66,71,60,26,0,0,300,6,17,90,118,148,122,30,0,0,532,29,79,230,265,331,305,72,3,0,1301,35,138,459,471,614,675,153,0,0,2542,0,3,30,28,23,22,6,0,0,114,4,34,61,62,83,40,25,0,0,323
LGA22170,1804,2848,7653,7920,7433,5613,1500,194,15,34983,6,10,38,54,50,36,12,0,0,206,0,0,7,11,5,6,0,0,0,31,56,89,322,414,475,334,72,4,0,1768,4,7,63,87,57,40,4,0,0,257,15,81,305,361,267,157,34,7,0,1233,9,34,183,211,255,166,35,3,0,885,592,674,815,678,666,626,118,9,0,4178,662,391,280,214,216,163,34,0,0,1953,4,45,142,144,183,130,29,3,0,667,21,35,71,92,52,25,4,0,0,302,0,42,222,244,211,124,27,0,0,871,11,46,142,134,109,67,24,0,0,535,9,89,496,515,403,232,66,0,0,1820,16,72,230,254,260,197,49,0,0,1092,4,65,374,477,445,279,68,0,0,1713,58,253,1050,1162,1019,750,146,5,0,4435,101,595,2005,1940,1972,1623,361,15,0,8611,59,76,105,124,84,54,13,0,0,515,36,135,363,288,251,143,38,6,0,1249
LGA22250,113,177,354,392,479,526,245,62,3,2349,5,20,25,27,66,67,32,17,4,271,0,0,3,0,0,4,0,0,0,9,3,12,16,14,15,18,0,0,0,78,0,0,8,0,5,9,0,0,0,20,0,0,7,17,9,10,0,0,0,53,0,0,6,3,3,6,0,0,0,27,41,22,29,52,50,57,19,0,0,264,24,15,23,18,23,29,6,0,0,138,0,0,4,7,7,13,0,0,0,39,0,0,0,0,0,4,0,0,0,7,0,0,6,8,3,5,0,0,0,28,0,0,6,3,4,0,0,0,0,11,3,3,15,12,19,19,5,0,0,72,0,4,12,11,7,17,7,0,0,47,0,6,26,40,45,44,7,0,0,173,0,6,34,45,61,42,10,0,0,201,7,24,83,83,111,131,29,0,0,466,0,0,0,4,4,0,0,0,0,10,5,3,19,13,9,11,6,0,0,57
LGA22310,1421,3342,9242,9381,8334,5759,2257,338,42,40132,0,6,5,17,16,11,0,0,0,62,0,0,11,21,9,4,0,0,0,42,81,76,281,353,319,170,46,0,0,1324,0,13,55,105,76,21,7,0,0,271,7,56,260,250,197,118,32,3,0,933,7,51,204,221,222,118,51,8,0,881,471,748,841,651,636,414,153,13,0,3928,652,447,450,277,209,153,44,6,0,2224,4,43,133,161,144,95,18,0,0,594,32,57,165,196,159,71,12,0,0,701,0,85,552,746,582,207,64,0,0,2238,0,44,199,179,166,115,61,6,3,773,24,298,1352,1392,1063,547,164,22,0,4858,13,82,322,259,269,148,49,9,0,1150,7,87,431,555,521,357,91,5,0,2056,134,406,1209,1265,1465,1097,306,30,0,5912,71,673,2132,1638,1817,1382,435,39,0,8202,70,109,173,145,129,71,25,7,0,717,33,102,297,272,262,175,48,4,0,1195
LGA22410,278,343,727,786,960,1024,396,104,15,4630,13,16,34,49,70,87,77,25,0,379,0,0,0,0,0,0,0,0,0,7,19,8,26,25,54,44,6,0,0,180,0,0,4,6,10,9,0,0,0,20,10,3,12,9,17,16,0,0,0,64,3,6,15,18,20,14,4,0,0,78,96,30,59,68,97,72,17,0,0,444,91,36,49,47,53,55,6,0,0,336,5,0,18,14,29,25,0,0,0,98,0,0,3,4,0,8,0,0,0,20,0,6,8,19,15,12,4,0,0,64,5,6,9,11,8,3,8,0,0,45,0,8,23,25,38,20,5,0,0,122,4,6,16,23,36,32,6,0,0,126,8,17,41,62,66,79,12,0,0,279,7,27,79,107,134,97,25,0,0,481,7,63,229,196,273,297,65,4,0,1134,10,6,9,14,13,11,5,0,0,66,10,8,28,29,33,21,13,0,0,140
LGA22490,405,481,1097,1390,1583,1120,381,58,3,6517,18,10,28,47,53,43,28,21,3,252,0,0,0,4,3,0,0,0,0,17,21,16,21,51,71,59,11,0,0,246,0,0,17,3,7,6,0,0,0,37,6,8,46,64,30,29,4,0,0,179,7,5,13,17,31,22,3,0,0,91,110,81,105,126,147,96,21,0,0,691,179,39,54,32,39,24,3,0,0,370,3,3,22,26,32,23,3,0,0,122,4,0,9,10,10,5,0,0,0,38,3,4,27,51,42,12,0,0,0,149,3,9,7,10,14,6,0,0,0,49,3,28,53,95,70,29,9,0,0,284,6,13,13,39,49,26,7,0,0,150,3,11,63,116,119,73,11,0,0,397,19,31,131,251,182,136,29,3,0,778,18,79,298,312,433,319,65,0,0,1518,9,8,14,25,12,11,3,0,0,88,13,23,43,65,48,14,10,0,0,204
LGA22620,1737,2654,6165,5742,5536,4704,1448,199,18,28208,10,15,69,60,63,64,50,20,5,348,0,20,51,28,26,17,6,0,0,147,98,134,272,269,261,190,52,7,0,1278,0,23,32,45,53,22,3,0,0,186,23,61,150,132,162,131,26,4,0,684,4,15,54,55,53,57,14,3,0,257,577,470,582,459,532,459,89,15,0,3185,740,381,334,264,226,195,45,0,0,2189,4,23,63,60,99,101,21,3,0,376,8,31,60,31,43,27,9,0,0,209,8,49,218,340,269,150,20,0,0,1050,9,27,72,55,60,40,6,4,0,276,16,102,293,307,259,162,52,5,0,1204,25,71,193,164,202,200,36,4,0,895,9,75,325,437,434,308,69,8,0,1663,66,220,760,873,852,605,139,0,0,3515,115,748,2063,1803,1743,1694,340,3,0,8509,45,63,74,85,82,61,12,0,0,414,42,90,239,207,171,158,42,7,0,949
LGA22670,1061,3840,11159,8990,6596,4912,1337,129,6,38025,7,39,144,145,134,87,15,0,0,572,0,0,3,5,5,0,0,0,0,10,47,227,734,745,794,632,87,5,0,3270,0,7,59,45,26,7,3,0,0,149,3,49,205,163,111,66,15,0,0,611,9,49,219,213,192,104,14,0,0,800,343,685,786,598,460,299,69,3,0,3241,515,424,522,311,311,182,33,0,0,2304,8,48,186,169,152,98,17,0,0,684,6,29,75,58,37,18,3,0,0,229,4,95,397,331,179,78,12,0,0,1097,4,24,97,77,47,34,6,5,0,293,8,164,577,411,196,119,38,3,0,1520,18,124,393,308,268,191,41,0,0,1342,0,74,245,225,172,157,43,9,0,935,55,242,625,586,489,296,89,11,0,2380,56,642,2050,1572,1129,832,215,3,0,6509,31,51,63,45,32,16,7,0,0,252,23,114,353,391,318,147,30,0,0,1375
LGA22750,3500,6314,15464,13931,12696,9954,3056,407,34,65354,21,38,59,62,83,80,40,13,6,406,0,4,7,10,9,9,0,0,0,39,191,201,388,415,489,353,79,3,0,2121,0,20,134,133,105,53,3,0,0,450,23,141,416,400,327,212,78,5,0,1605,25,63,193,199,227,143,35,5,0,891,1215,1376,1551,1266,1258,999,216,9,0,7891,1617,1126,857,501,465,359,82,12,0,5026,30,88,220,219,231,192,47,0,0,1031,33,43,111,125,100,60,16,0,0,480,4,71,570,667,511,223,48,0,0,2095,8,68,216,170,182,118,38,5,0,807,31,259,986,909,775,487,165,17,0,3624,30,142,404,416,440,360,98,8,0,1905,22,148,908,1052,1079,744,137,16,0,4106,132,562,1999,2247,2079,1552,307,14,0,8883,184,1449,4474,3817,3825,3377,714,32,0,17877,102,148,230,180,142,105,40,9,0,952,92,291,622,499,397,305,77,3,0,2283
LGA22830,944,1329,3258,2954,3180,2721,962,171,16,15530,13,51,199,141,136,129,89,27,0,788,0,0,0,4,0,0,0,0,0,10,57,39,105,152,165,145,21,0,0,696,3,11,52,42,56,28,4,0,0,195,5,25,76,72,100,75,16,3,0,374,5,17,37,39,39,30,8,0,0,177,323,211,277,246,299,268,44,5,0,1680,315,158,152,126,117,101,30,0,0,992,0,16,51,44,68,61,21,0,0,267,3,18,27,24,17,11,8,0,0,103,6,17,47,55,50,36,11,0,0,212,0,13,31,33,33,18,9,0,0,144,13,38,171,123,125,101,32,0,0,599,13,43,134,106,96,78,33,0,0,505,3,33,123,154,174,133,22,0,0,641,49,123,387,455,415,338,88,0,0,1862,62,347,971,860,912,818,211,3,0,4177,23,16,25,23,22,13,0,0,0,124,22,61,132,110,133,85,23,3,0,564
LGA22910,155,181,497,669,889,891,356,74,8,3706,8,5,20,29,27,34,33,10,0,158,0,0,0,0,0,4,0,0,0,3,12,7,12,26,33,30,8,0,0,133,0,0,0,0,8,3,0,0,0,13,0,3,14,8,23,14,4,0,0,74,0,0,11,0,12,8,3,0,0,33,45,28,41,50,81,89,14,0,0,348,57,33,70,50,65,56,16,4,0,357,0,0,10,15,19,14,16,0,0,69,0,0,4,8,7,8,3,0,0,34,0,0,14,25,22,14,6,0,0,79,0,0,6,5,5,15,6,0,0,36,0,3,22,48,78,53,16,4,0,229,0,7,11,25,42,33,4,0,0,111,0,0,32,50,74,63,6,0,0,225,5,3,50,75,121,110,32,4,0,395,3,39,111,152,209,244,55,0,0,818,9,5,14,23,18,27,0,0,0,96,0,9,28,26,23,20,4,0,0,105
LGA22980,72,86,252,205,220,316,97,46,5,1292,3,10,23,25,40,35,26,7,0,166,0,0,0,0,0,0,0,0,0,0,0,0,8,5,8,17,0,0,0,37,0,0,0,0,6,0,0,0,0,6,0,0,6,3,5,3,0,0,0,15,0,0,5,3,0,0,0,0,0,11,17,6,10,9,18,18,3,4,0,92,5,9,12,7,11,0,0,0,0,38,4,5,0,0,6,0,5,0,0,26,0,0,0,4,0,0,0,0,0,11,0,0,0,0,4,4,0,0,0,13,0,6,3,0,0,0,0,0,0,7,0,0,3,0,4,7,0,0,0,24,0,3,6,0,3,3,0,0,0,21,0,0,16,5,6,26,4,0,0,64,0,10,34,30,48,23,7,0,0,156,0,35,86,55,75,100,13,0,0,361,0,0,0,0,3,0,0,0,0,5,3,0,5,3,10,8,0,0,0,29
LGA23110,889,1652,4950,5880,5050,3714,881,94,3,23111,0,3,13,22,17,15,3,0,0,75,0,0,4,9,9,3,0,0,0,23,29,46,127,211,255,150,27,3,0,856,0,0,47,85,63,17,0,0,0,206,10,36,170,206,161,101,20,3,0,705,4,32,89,126,151,81,10,0,0,496,272,341,426,377,346,258,54,3,0,2068,378,218,189,163,146,108,22,6,0,1224,11,45,147,190,204,149,16,0,0,756,14,22,91,114,92,52,7,0,0,392,0,51,271,452,302,126,9,0,0,1212,9,27,101,103,100,54,14,3,0,404,4,97,550,652,454,227,50,0,0,2035,10,45,176,168,180,117,30,3,0,726,4,46,321,506,471,318,56,0,0,1720,61,145,686,765,784,583,105,8,0,3122,28,252,938,960,925,746,135,9,0,3998,48,45,107,105,85,56,11,3,0,466,19,57,139,200,166,115,30,0,0,725
LGA23190,310,417,1039,914,967,972,340,88,12,5061,4,8,22,21,41,66,45,13,0,232,0,0,3,0,0,0,0,0,0,3,18,15,15,10,15,17,4,0,0,98,0,10,25,17,11,9,4,0,0,61,5,9,17,21,20,19,5,0,0,99,0,9,20,16,19,19,4,0,0,90,87,62,90,70,113,120,25,3,0,581,106,37,36,48,51,53,19,0,0,338,3,8,13,12,20,11,0,0,0,69,0,9,10,4,7,4,0,0,0,39,0,11,27,29,36,6,0,0,0,105,0,7,3,7,9,8,3,0,0,31,3,14,52,54,44,21,12,0,0,202,5,13,29,35,22,36,3,0,0,142,0,16,54,64,47,62,3,0,0,249,12,42,136,114,155,119,25,4,0,605,31,120,344,294,311,314,61,3,0,1485,8,10,12,9,8,9,4,0,0,66,11,22,39,42,46,25,10,0,0,191
LGA23270,2397,5562,15138,14305,10030,7354,1606,138,8,56532,11,12,36,34,27,23,13,6,0,163,0,3,4,6,10,0,0,0,0,17,66,141,525,578,576,459,77,0,0,2423,0,12,95,101,52,29,4,0,0,298,22,120,435,362,262,148,39,0,0,1376,12,73,218,232,212,173,30,0,0,951,730,1104,1220,847,836,629,111,5,0,5476,985,595,512,408,337,193,35,3,0,3061,25,203,590,534,493,292,52,4,0,2201,24,53,127,121,62,23,6,0,0,418,4,148,549,587,318,192,31,0,0,1829,8,71,199,135,114,69,19,4,0,620,8,200,832,682,350,250,38,6,0,2362,32,159,508,421,405,241,46,3,0,1820,26,217,700,824,663,421,93,0,0,2945,90,438,1678,1612,1229,761,140,3,0,5953,87,994,3018,2686,1952,1377,269,14,0,10396,60,96,128,112,71,57,10,0,0,539,36,166,413,352,279,165,33,0,0,1460
LGA23350,246,220,598,743,974,931,355,94,13,4166,11,8,24,27,47,51,51,18,3,242,0,0,0,0,0,0,0,0,0,0,28,25,43,65,80,61,16,0,0,328,0,0,0,0,0,0,0,0,0,8,4,9,24,14,25,22,3,0,0,95,0,0,7,6,11,9,0,0,0,40,89,26,51,58,89,79,24,6,0,412,95,19,34,39,52,52,14,0,0,316,0,3,9,23,22,21,5,0,0,80,0,0,4,4,5,3,3,0,0,14,0,4,8,15,17,18,0,0,0,62,0,3,6,5,11,9,0,0,0,38,0,18,28,41,63,36,15,0,0,201,5,0,10,19,29,21,12,0,0,101,3,9,39,96,104,87,19,0,0,347,7,17,81,143,140,126,36,3,0,545,17,53,145,204,285,294,76,4,0,1074,7,9,8,7,12,6,8,0,0,55,4,14,17,16,27,25,0,0,0,108
LGA23430,1755,3189,8360,9584,9351,6623,2038,272,20,41191,0,8,17,30,29,22,12,0,0,113,0,0,8,18,10,0,0,0,0,41,108,82,322,500,586,405,94,12,0,2115,0,3,58,94,84,38,10,0,0,289,10,70,272,355,302,205,45,5,0,1264,11,48,220,294,305,192,59,8,0,1131,615,775,681,694,772,555,136,15,0,4245,797,398,328,235,267,198,44,0,0,2266,13,39,142,166,180,144,30,0,0,719,18,34,124,167,125,71,13,0,0,542,0,59,402,602,459,245,65,3,0,1841,3,51,177,187,173,91,31,3,0,714,28,188,836,1025,747,369,142,10,0,3346,20,65,224,271,281,180,62,6,0,1099,9,98,427,599,710,416,77,3,0,2346,100,284,1098,1450,1515,966,216,15,0,5642,97,611,1906,1961,2147,1633,421,16,0,8793,94,90,129,136,129,69,15,8,0,661,60,138,314,330,335,213,70,3,0,1458
LGA23670,1963,3766,8461,9522,8771,7258,2108,214,8,42071,4,15,27,19,23,18,3,0,0,110,0,0,5,5,6,5,0,0,0,22,97,136,318,538,661,580,101,6,0,2436,0,12,54,79,73,35,4,0,0,257,11,69,308,316,262,214,45,3,0,1229,16,64,246,399,384,278,56,6,0,1444,716,841,814,747,820,622,165,7,0,4736,840,399,327,276,274,175,34,5,0,2331,15,42,124,144,213,190,28,3,0,754,10,41,104,146,112,63,9,0,0,492,10,82,357,460,362,219,51,0,0,1543,8,51,167,140,145,69,23,0,0,610,18,207,724,773,523,350,88,10,0,2683,15,86,224,273,299,208,58,8,0,1168,16,83,352,452,438,342,71,3,0,1767,95,332,1115,1237,1200,958,165,17,0,5119,85,715,2007,1930,2196,1703,419,14,0,9076,71,83,101,104,100,54,18,0,0,529,43,169,316,327,355,238,59,3,0,1514
LGA23810,991,1428,3574,3219,3166,2883,826,102,12,16192,10,26,41,61,51,53,29,11,3,290,0,5,5,11,10,11,0,0,0,47,24,33,75,91,77,55,17,0,0,362,12,29,72,75,77,53,0,0,0,309,16,32,81,88,92,65,11,0,0,386,6,5,27,31,30,30,6,0,0,133,350,245,372,275,355,297,64,4,0,1964,449,202,187,132,121,133,35,0,0,1264,4,8,35,37,59,72,13,4,0,235,6,18,52,26,19,21,10,4,0,154,9,21,95,96,79,42,3,0,0,348,0,19,43,52,39,31,9,0,0,194,14,43,134,123,80,77,23,3,0,510,11,44,82,98,118,110,26,0,0,492,12,74,371,423,410,293,54,3,0,1641,28,112,375,434,494,388,87,11,0,1924,47,401,1108,910,935,857,181,14,0,4460,38,23,36,27,29,31,9,0,0,181,39,57,150,123,98,81,20,6,0,574
LGA23940,79,86,216,267,322,409,210,47,11,1650,12,12,35,44,68,67,65,15,6,314,0,0,0,0,4,0,0,0,0,8,5,3,15,4,15,20,8,0,0,74,0,0,0,0,0,0,0,0,0,5,0,0,9,10,0,8,0,0,0,28,0,7,5,4,4,4,3,0,0,24,28,4,17,22,22,28,6,0,0,135,14,14,9,5,12,14,5,0,0,68,0,0,0,9,6,6,3,0,0,27,0,0,0,0,5,0,0,0,0,7,0,0,0,5,5,6,0,0,0,17,0,0,0,0,0,0,0,0,0,4,0,0,0,8,6,11,6,0,0,32,0,0,4,0,4,7,0,0,0,27,0,0,10,18,22,28,7,0,0,88,0,6,23,37,33,54,9,0,0,165,5,18,52,43,86,86,21,0,0,310,5,0,4,3,4,0,5,0,0,14,0,5,4,4,5,3,3,0,0,30
LGA24130,740,880,1831,2758,3248,2495,819,179,13,12971,16,9,25,42,62,36,37,20,0,243,0,0,3,0,0,0,4,0,0,7,63,31,81,101,122,81,29,0,0,510,0,5,9,29,27,17,5,0,0,93,7,15,73,111,134,73,16,0,0,429,3,7,20,23,73,38,4,4,0,181,260,151,112,142,227,189,48,5,0,1137,278,100,64,76,99,75,21,5,0,714,0,23,57,101,128,90,17,0,0,419,4,6,21,44,48,22,5,0,0,150,0,8,65,134,130,75,16,0,0,432,3,7,28,32,48,34,19,6,0,179,7,31,140,297,263,139,57,5,0,939,7,21,53,90,108,79,15,3,0,369,6,31,140,283,320,194,42,4,0,1017,26,63,306,486,528,399,92,6,0,1909,39,151,392,596,688,485,124,8,0,2483,21,37,48,59,54,37,13,0,0,266,22,38,72,112,107,82,14,3,0,451
LGA24210,1276,2734,5419,6506,6583,5407,1878,405,26,30238,6,0,8,11,13,11,8,5,5,65,0,0,5,0,7,0,0,0,0,19,84,66,145,244,265,196,47,10,0,1058,0,8,22,60,43,13,0,0,0,145,13,50,151,203,225,154,48,10,0,856,13,39,129,239,231,154,30,0,0,842,445,670,552,578,601,490,147,17,0,3496,543,274,253,242,273,201,38,0,0,1827,0,29,87,120,102,98,17,6,0,470,15,37,60,107,90,37,13,3,0,354,9,64,310,480,399,184,47,7,0,1502,14,43,172,167,129,80,36,14,4,653,19,238,626,733,633,421,102,21,0,2800,3,69,129,161,169,157,57,3,0,745,3,80,202,276,359,246,54,11,0,1223,79,241,560,771,953,750,196,16,0,3570,85,493,1254,1251,1401,1251,358,34,0,6122,56,66,53,69,76,41,24,0,0,387,28,75,196,214,275,185,53,4,0,1037
LGA24250,119,129,350,440,487,526,236,43,3,2323,0,6,11,5,22,22,28,6,0,103,0,3,0,3,3,0,0,0,0,13,5,3,11,13,6,18,4,0,0,58,0,0,0,4,0,0,0,0,0,7,0,5,17,20,13,14,0,0,0,70,0,0,10,9,5,9,0,0,0,38,34,20,38,51,61,93,19,0,0,311,39,16,46,41,44,56,27,0,0,269,3,0,6,6,16,4,8,0,0,47,0,0,3,4,3,3,0,0,0,19,0,0,11,6,0,9,3,0,0,28,0,0,17,10,7,8,0,0,0,47,5,3,25,36,32,29,13,3,0,144,0,4,15,17,18,16,3,0,0,75,0,0,10,41,29,35,10,0,0,129,9,13,74,89,76,64,24,0,0,349,8,12,42,95,94,104,27,0,0,382,0,0,7,5,12,8,0,0,0,29,0,5,15,21,25,10,0,0,0,79
LGA24330,553,1927,7838,6470,4243,2535,605,54,3,24226,0,0,14,13,6,5,0,0,0,44,0,0,5,7,5,3,0,0,0,17,20,42,245,234,212,134,19,3,0,914,0,8,47,71,42,9,3,0,0,180,3,31,140,147,81,36,4,0,0,455,0,24,119,115,73,55,7,0,0,394,216,386,702,372,276,180,31,0,0,2161,292,337,494,217,156,87,14,0,0,1594,8,35,182,159,136,84,10,0,0,612,4,33,155,167,100,21,11,0,0,490,5,71,467,449,230,80,10,0,0,1313,0,19,116,89,66,32,10,0,0,331,7,112,901,725,373,141,26,4,0,2291,6,67,307,210,142,75,20,0,0,839,4,56,523,589,422,239,24,0,0,1863,32,155,845,778,594,371,53,0,0,2831,32,323,1528,1014,780,497,107,3,0,4285,29,75,183,143,97,50,9,0,0,589,12,60,280,200,155,91,25,0,0,832
LGA24410,1446,2549,6224,7142,6283,4728,1334,181,21,29911,0,6,34,20,29,12,0,0,0,109,0,0,0,6,8,3,0,0,0,21,62,89,226,293,355,275,56,5,0,1362,0,13,38,77,50,25,9,0,0,212,9,60,196,208,221,152,38,4,0,882,9,40,123,207,198,118,21,0,0,721,487,569,605,463,540,438,97,7,0,3212,633,277,204,184,134,125,19,7,0,1576,3,28,95,83,86,93,24,0,0,404,12,26,99,110,65,47,16,3,0,375,0,31,236,408,266,138,19,0,0,1102,6,35,108,114,104,61,14,3,0,446,13,150,583,688,441,265,87,9,0,2235,3,56,177,201,208,147,38,0,0,847,24,92,322,416,392,296,63,14,0,1619,56,231,957,1092,1080,762,177,14,0,4372,94,522,1589,1610,1605,1301,308,16,0,7042,59,84,100,77,71,44,6,0,0,440,33,120,251,266,229,187,43,0,0,1132
LGA24600,899,6287,20438,9796,4491,2964,1116,222,16,46229,4,15,31,17,7,8,15,3,0,100,0,6,16,10,12,4,0,0,0,49,26,156,506,207,127,65,22,4,0,1117,0,28,96,119,37,17,0,0,0,297,10,80,371,170,81,52,14,0,0,780,6,91,260,140,105,48,10,0,0,659,292,1234,1486,434,243,147,46,4,0,3885,628,1906,2487,597,196,107,26,9,0,5954,13,84,335,151,97,49,16,0,0,744,13,132,427,197,110,46,12,3,0,940,9,273,1215,736,307,154,44,7,0,2742,6,77,354,155,75,44,27,4,0,734,30,846,3688,1331,530,297,122,9,0,6853,22,288,1077,295,143,84,17,4,0,1924,10,172,886,544,396,195,38,3,0,2243,140,679,1746,884,519,402,152,17,0,4536,59,884,2855,1215,636,530,177,21,0,6383,54,242,422,216,93,66,18,6,0,1132,31,193,628,269,123,93,28,0,0,1359
LGA24650,2014,3922,10524,12264,8876,4843,1090,73,3,43617,4,4,28,47,43,29,8,0,0,160,0,0,8,10,15,3,0,0,0,32,59,97,327,496,422,211,33,0,0,1644,0,7,63,108,71,23,3,0,0,282,17,94,360,369,268,133,19,0,0,1260,13,35,173,246,208,99,20,0,0,789,747,788,942,955,844,485,75,0,0,4841,959,420,393,304,272,170,24,0,0,2544,29,173,510,551,445,235,30,0,0,1980,19,37,96,113,51,27,3,0,0,344,9,116,550,667,329,103,19,0,0,1799,16,64,164,140,96,50,4,0,0,538,7,167,598,640,326,118,35,0,0,1886,23,136,361,389,315,171,41,5,0,1443,9,104,525,642,535,260,60,0,0,2142,98,331,1222,1396,1124,481,74,3,0,4731,68,580,2242,2318,1770,969,161,6,0,8118,60,84,124,157,91,48,4,0,0,565,34,107,338,323,231,106,32,0,0,1170
LGA24780,727,1116,2829,2428,2538,2315,754,102,19,12827,10,54,215,156,168,167,86,14,0,873,0,0,7,0,0,10,0,0,0,26,24,24,78,98,97,70,18,0,0,406,0,9,9,18,25,12,5,0,0,78,4,18,49,79,47,52,12,0,0,260,6,15,45,46,41,41,9,0,0,202,337,192,249,229,301,247,43,0,0,1591,230,143,168,160,126,114,27,4,0,973,5,14,42,36,47,52,17,0,0,223,4,6,12,9,13,7,0,0,0,59,0,15,46,45,50,34,10,0,0,195,0,15,23,24,43,22,11,0,0,138,8,42,131,95,89,48,19,4,0,438,8,45,124,111,120,125,23,8,0,569,5,27,119,157,149,149,21,3,0,621,25,94,328,397,411,295,61,0,0,1616,49,248,736,600,699,580,131,4,0,3045,7,15,13,15,27,12,3,0,0,92,11,35,119,81,61,56,14,0,0,384
LGA24850,739,1151,2811,2731,2495,1970,613,82,9,12597,14,18,34,35,43,46,39,8,0,225,0,3,4,3,3,0,0,0,0,20,34,53,132,134,159,111,18,4,0,646,0,0,14,21,14,7,3,0,0,65,10,34,98,111,101,81,17,3,0,450,6,10,59,41,51,26,9,0,0,204,118,149,242,182,232,171,43,0,0,1148,323,138,128,99,80,64,8,0,0,839,0,16,115,98,88,71,13,0,0,408,0,6,8,16,16,14,4,0,0,67,4,15,73,79,66,47,6,0,0,284,3,13,35,26,38,19,4,0,0,129,0,32,109,130,117,63,16,0,0,473,7,21,65,73,89,59,19,0,0,329,17,58,200,213,246,135,24,0,0,903,29,84,356,301,328,235,47,6,0,1384,30,158,623,551,525,419,95,6,0,2405,12,27,34,26,31,18,0,0,0,152,11,35,107,94,73,37,9,3,0,372
LGA24900,430,523,1203,1159,1357,1366,547,103,18,6699,28,29,119,101,115,121,72,25,0,616,0,3,0,0,3,0,0,0,0,5,34,29,58,78,81,87,15,0,0,387,0,0,5,4,8,5,0,0,0,19,3,10,31,31,36,38,9,0,0,161,0,6,12,6,18,11,6,0,0,62,140,60,81,135,128,135,32,0,0,726,118,77,99,97,102,103,21,0,0,614,5,9,16,18,33,45,10,0,0,127,0,3,3,6,11,11,0,0,0,36,4,4,28,21,31,22,9,0,0,117,0,8,7,5,21,10,0,4,0,63,8,14,53,61,52,34,9,0,0,236,0,8,45,32,55,43,8,0,0,193,0,7,33,49,64,26,11,0,0,180,11,39,137,152,190,147,27,0,0,712,15,99,289,271,346,384,86,4,0,1493,6,7,9,9,13,20,4,0,0,48,6,26,57,43,26,21,11,0,0,197
LGA24970,1772,5352,12267,10782,9408,6705,2011,333,39,48664,5,12,18,14,25,12,5,3,0,90,0,0,6,7,13,0,0,0,0,27,100,145,362,471,483,370,81,8,0,2027,0,21,82,93,63,28,6,0,0,295,4,64,269,275,261,148,49,13,0,1075,15,79,288,372,383,180,50,4,0,1376,592,987,963,838,743,483,125,7,0,4744,766,716,570,392,328,195,33,3,0,3006,5,54,173,205,178,115,27,4,0,759,22,55,126,181,135,82,21,5,0,609,8,126,595,819,523,266,45,3,0,2389,9,51,188,197,131,94,26,0,0,700,28,414,1249,1216,883,440,132,21,0,4387,13,137,390,284,275,216,53,11,0,1391,15,115,331,432,428,344,63,8,0,1734,177,523,1209,1300,1500,1034,230,24,5,5986,96,931,2376,1948,1881,1402,420,37,0,9092,85,127,114,92,99,55,11,0,0,588,34,112,262,292,311,201,52,9,0,1282
LGA25060,1289,2917,7530,7395,6852,4775,1458,188,11,32418,0,8,13,14,16,18,3,0,0,67,0,0,4,14,10,6,0,0,0,36,74,84,178,279,280,166,35,3,0,1111,0,17,45,70,49,21,3,0,0,206,6,40,215,261,235,135,24,5,0,920,5,52,119,162,177,82,23,5,0,626,501,620,592,410,472,352,93,8,0,3054,509,391,344,185,191,122,26,0,0,1765,9,72,218,240,288,180,28,4,0,1035,15,41,140,113,110,42,10,3,0,472,11,89,452,590,425,211,39,0,0,1807,15,49,132,146,145,72,17,3,0,578,20,243,952,856,680,351,103,3,0,3212,19,98,277,219,202,121,36,6,0,976,7,109,570,639,642,414,71,3,0,2464,82,253,966,986,1102,894,218,8,0,4509,51,521,1655,1392,1285,1011,247,9,0,6176,73,115,180,135,93,65,15,5,0,682,24,70,283,213,222,158,35,7,0,1007
LGA25150,544,755,1947,2156,2040,1626,475,80,10,9628,9,27,29,34,24,44,36,11,0,208,0,0,0,7,0,7,0,0,0,13,31,16,39,77,65,47,13,0,0,282,0,0,14,19,18,10,0,0,0,51,0,30,109,92,80,60,9,0,0,384,4,5,24,43,40,34,3,0,0,144,110,138,167,140,168,130,31,3,0,885,227,99,86,62,57,37,10,0,0,587,3,23,65,79,81,57,17,0,0,321,0,6,17,13,25,9,0,0,0,67,3,9,60,61,71,26,10,0,0,242,3,12,30,28,29,18,9,3,0,121,5,35,124,139,106,72,26,4,0,500,13,17,51,56,74,46,6,0,0,251,0,21,148,192,213,136,28,0,0,739,28,90,314,346,372,227,38,4,0,1415,12,129,397,417,416,371,65,3,0,1810,18,25,36,26,27,14,0,0,0,147,14,40,72,71,72,34,9,4,0,317
LGA25250,1265,4444,15015,12019,8029,4977,1161,131,8,47049,3,11,46,26,18,3,0,0,0,99,0,0,9,4,12,3,0,0,0,22,49,103,433,363,284,174,38,8,0,1454,0,12,88,114,55,27,0,0,0,296,3,67,266,225,161,90,14,0,0,825,16,55,189,206,152,82,21,0,0,722,418,910,1212,584,553,338,59,5,0,4092,545,778,837,343,239,129,35,0,0,2913,6,66,270,231,221,124,23,0,0,937,24,74,336,258,165,53,12,0,0,929,6,103,687,715,413,171,28,0,0,2119,7,49,196,127,88,56,20,0,0,538,9,320,2028,1530,744,328,60,6,0,5015,9,178,483,314,217,132,40,6,0,1386,11,166,1119,1179,818,483,66,8,0,3850,77,367,2070,1822,1503,1053,172,17,0,7070,67,818,3454,2199,1654,1166,243,16,0,9605,69,156,382,288,173,91,14,0,0,1168,21,149,481,381,248,171,32,0,0,1493
LGA25340,2470,3212,5976,7069,8709,7615,3064,594,45,38755,14,33,62,72,106,102,50,14,0,456,0,0,3,10,5,7,0,0,0,31,127,84,191,293,400,308,111,11,0,1519,0,6,33,42,45,28,3,0,0,154,23,53,262,380,386,288,112,10,0,1515,14,28,83,126,196,141,55,8,0,642,717,627,588,635,936,768,232,28,0,4536,923,508,374,342,433,284,80,12,0,2949,10,25,57,81,135,125,30,4,0,465,15,12,57,77,71,55,14,6,0,296,0,14,115,185,234,170,47,3,0,773,13,41,126,155,210,154,69,8,0,767,19,115,380,588,660,475,195,26,0,2455,27,61,179,293,375,265,84,8,0,1290,62,123,328,428,473,348,96,7,0,1869,86,221,864,1157,1420,1069,272,9,0,5110,109,565,1350,1622,2265,2098,554,28,0,8602,96,88,148,164,181,124,41,6,0,836,60,137,307,283,322,240,72,7,0,1427
LGA25430,214,233,576,802,993,1000,392,64,8,4286,0,0,16,21,19,33,16,6,0,109,0,0,0,0,5,0,0,0,0,3,25,9,46,45,65,43,17,0,0,253,0,0,0,8,4,4,0,0,0,18,3,4,14,19,28,17,5,0,0,85,4,5,10,8,10,6,4,0,0,35,82,32,45,50,94,79,33,0,0,417,62,33,39,31,44,35,17,0,0,266,0,0,8,9,21,24,6,0,0,65,0,0,6,16,22,19,6,0,0,66,0,3,8,24,18,11,5,0,0,68,0,0,8,10,8,11,8,0,0,40,0,9,30,69,60,64,25,0,0,266,7,5,19,20,32,30,14,0,0,123,0,4,41,72,98,86,23,0,0,326,4,9,53,160,194,151,48,0,0,624,4,35,170,201,289,338,77,5,0,1124,0,4,23,34,35,25,11,4,0,126,3,11,22,37,33,18,16,0,0,139
LGA25490,269,281,705,770,950,917,467,111,24,4483,32,40,81,83,120,156,98,28,8,646,0,0,0,0,0,5,0,0,0,5,15,10,20,29,33,27,7,0,0,151,0,0,3,12,8,6,0,0,0,33,0,4,13,13,11,12,8,0,0,66,0,0,16,12,12,13,6,0,0,52,57,32,74,59,76,74,26,0,0,396,87,38,54,54,46,40,19,6,0,337,0,0,3,6,18,21,8,0,0,60,0,3,8,0,5,4,0,0,0,15,0,4,6,12,16,11,4,0,0,55,0,0,3,5,8,6,0,0,0,20,0,11,30,49,28,23,16,0,0,155,0,7,10,15,29,31,10,0,0,103,0,8,36,59,52,48,13,0,0,210,7,17,78,115,131,99,17,0,0,461,12,56,189,197,253,243,43,0,0,997,10,10,11,10,4,4,3,0,0,48,14,16,27,29,32,12,8,0,0,132
LGA25620,169,216,519,612,806,840,349,89,10,3629,5,13,15,40,46,48,34,23,3,218,0,0,0,0,0,0,0,0,0,8,9,3,12,19,33,25,6,0,0,121,0,0,4,0,5,3,0,0,0,16,4,10,20,18,29,17,3,0,0,105,0,3,8,10,12,13,0,0,0,58,28,29,45,43,64,76,14,8,0,308,64,26,42,40,56,61,10,0,0,294,3,0,6,9,18,10,7,0,0,53,0,0,0,4,0,6,3,0,0,20,0,0,15,12,18,11,4,0,0,65,3,0,6,6,9,9,4,0,0,41,0,7,25,28,35,27,14,0,0,131,0,0,16,21,25,31,5,0,0,104,3,9,30,43,56,41,10,0,0,198,9,34,89,91,93,106,24,0,0,450,4,38,85,129,187,187,58,0,0,685,4,5,18,7,10,10,7,0,0,55,10,9,24,18,27,30,0,0,0,117
LGA25710,996,1635,2416,3246,4255,3579,1063,169,6,17373,6,0,5,11,18,17,16,4,0,81,0,0,0,3,11,0,0,0,0,13,78,49,71,100,163,111,37,10,0,620,0,6,8,28,24,18,3,4,0,97,12,36,102,168,187,138,29,7,0,672,16,15,40,75,111,81,24,0,0,360,298,314,182,161,270,256,79,5,0,1570,385,172,68,68,74,56,8,4,0,837,3,23,44,61,73,55,17,0,0,273,4,16,37,50,58,31,5,0,0,208,3,20,70,164,145,90,20,0,0,520,0,19,39,41,69,53,14,4,0,238,17,81,210,362,400,213,65,4,0,1352,13,31,59,70,144,88,32,0,0,439,3,43,155,282,289,199,58,9,0,1033,70,150,398,600,851,620,124,12,0,2815,62,312,539,716,1022,919,180,23,0,3766,61,57,55,58,81,45,15,0,6,382,38,77,117,126,127,111,24,3,0,625
LGA25810,127,238,529,427,518,565,238,64,9,2711,7,9,21,21,26,43,34,9,0,172,0,3,3,5,7,4,0,0,0,28,11,17,68,28,27,24,3,0,0,185,0,0,0,0,3,4,0,0,0,5,0,0,8,3,6,6,0,0,0,34,0,9,8,4,3,8,0,0,0,34,50,20,34,31,53,35,8,0,0,237,39,22,48,27,36,31,18,0,0,222,0,0,3,3,12,18,4,0,0,42,0,0,0,5,3,0,0,0,0,8,0,0,9,8,9,5,0,0,0,32,0,0,3,0,4,3,0,0,0,20,0,3,18,13,18,20,4,0,0,76,0,4,9,10,15,14,6,0,0,60,3,8,22,35,53,32,3,0,0,161,7,12,49,53,62,59,13,0,0,249,10,59,140,115,163,193,46,3,0,740,9,6,6,7,17,6,7,0,0,52,3,0,9,7,8,3,7,3,0,49
LGA25900,553,1866,9243,7499,5579,3851,1325,276,14,30199,0,0,15,11,8,6,0,0,0,59,0,0,17,20,18,5,0,0,0,62,17,52,290,259,193,108,24,7,0,941,0,8,73,80,64,21,5,0,0,252,10,35,310,182,114,78,27,0,0,758,0,25,181,185,157,87,8,4,0,641,148,356,858,457,387,258,59,5,0,2529,291,388,696,290,171,82,21,0,0,1948,0,29,160,144,130,67,13,0,0,553,16,47,242,211,164,93,28,0,0,800,3,67,561,612,484,176,36,4,0,1941,5,21,231,179,129,83,33,17,0,698,6,220,1599,1269,914,470,150,12,0,4641,10,74,467,282,207,140,23,0,0,1204,0,68,515,536,449,270,84,4,0,1928,66,174,984,804,720,548,160,18,0,3467,23,316,1808,1150,862,765,224,18,0,5178,24,79,268,201,184,109,37,4,0,902,21,113,410,232,188,142,36,5,0,1140
LGA25990,74,119,219,241,379,368,160,36,6,1605,5,8,19,17,38,44,33,3,0,174,0,0,0,0,0,0,0,0,0,0,4,6,7,22,22,19,6,0,0,90,0,0,3,0,0,0,0,0,0,6,0,0,3,5,12,7,0,0,0,34,0,0,5,6,5,6,4,0,0,22,10,9,15,16,27,27,6,4,0,113,31,10,18,13,21,8,3,0,0,100,0,0,3,11,9,3,0,0,0,38,0,0,0,0,3,7,0,0,0,19,0,0,6,4,10,7,0,0,0,27,0,0,3,4,3,0,0,0,0,10,3,0,12,11,17,13,0,0,0,53,4,0,9,9,3,5,4,0,0,33,0,3,19,20,38,32,10,0,0,123,3,4,29,27,34,31,10,0,0,145,3,24,59,64,80,84,28,3,0,340,5,0,0,6,7,3,0,0,0,24,0,3,4,11,5,4,6,0,0,27
LGA26080,38,37,61,84,107,160,122,23,3,635,0,0,0,0,0,5,7,0,0,9,0,0,0,0,0,0,0,0,0,0,0,0,5,0,3,4,0,0,0,16,0,0,0,0,0,0,0,0,0,6,0,0,3,6,6,5,0,3,0,24,0,6,0,0,0,0,4,0,0,5,6,7,0,3,8,14,4,0,0,58,8,4,10,5,4,15,4,0,0,53,0,5,0,0,0,5,0,0,0,14,0,0,0,3,0,4,0,0,0,11,0,0,0,6,6,3,0,0,0,12,0,0,0,0,5,9,0,0,0,15,0,4,4,16,8,11,12,4,0,61,0,3,0,7,3,7,0,0,0,16,0,0,4,8,22,20,6,0,0,59,0,0,6,18,23,27,13,3,0,98,4,5,16,19,31,47,18,0,0,138,0,3,0,3,6,8,0,0,0,21,0,0,3,0,7,4,0,0,0,17
LGA26170,406,488,1013,1228,1525,1483,719,145,14,7017,21,25,69,94,116,156,146,41,4,670,0,0,3,0,0,0,0,0,0,9,23,11,44,46,81,59,16,0,0,278,0,0,11,7,15,16,0,0,0,50,10,7,27,43,50,30,3,0,0,172,9,11,23,23,34,24,5,0,0,129,107,57,104,110,144,137,45,0,0,709,144,41,65,43,75,60,25,0,0,454,3,0,12,25,48,37,13,5,0,146,3,3,3,8,9,12,7,0,0,41,0,10,30,21,31,23,4,0,0,119,0,6,13,18,19,15,3,0,0,72,6,17,50,87,77,51,23,3,0,306,3,8,19,34,55,45,27,0,0,189,3,15,28,55,79,57,11,0,0,247,21,36,125,192,224,169,38,0,0,802,19,92,247,274,410,427,91,0,0,1567,13,4,34,22,25,23,10,3,0,129,15,18,59,43,43,45,6,0,0,236
LGA26260,237,308,701,649,771,824,417,85,18,4004,5,26,60,78,90,116,100,26,4,507,0,0,0,4,0,0,4,0,0,4,13,8,4,11,16,19,6,0,0,69,0,0,0,3,6,0,0,0,0,6,0,8,13,12,6,23,3,0,0,71,0,3,8,11,15,12,6,0,0,46,72,40,56,68,73,72,23,0,0,400,75,55,44,38,28,40,7,0,0,284,0,0,4,11,11,20,3,0,0,51,0,3,10,4,3,12,3,0,0,38,0,3,6,15,18,11,0,0,0,62,0,0,7,4,13,9,0,0,0,31,9,3,39,35,34,32,7,0,0,161,0,8,14,14,14,21,5,0,0,79,0,15,30,45,54,53,8,0,0,213,7,15,68,103,147,80,30,0,0,455,16,55,203,183,226,254,77,3,0,1020,5,3,3,3,5,3,0,0,0,32,3,10,16,19,21,11,7,0,0,91
LGA26350,663,2649,9912,6507,5011,3730,1724,456,62,30696,0,5,26,9,16,18,9,3,0,94,0,0,9,18,12,6,0,0,0,44,39,72,272,188,171,90,29,5,0,867,3,13,72,71,32,15,3,0,0,204,0,52,286,147,111,70,37,4,0,706,10,66,223,166,172,97,28,12,0,772,217,615,970,499,355,274,102,24,0,3040,377,512,530,198,135,75,26,3,0,1867,6,30,150,104,73,45,19,0,0,430,17,59,283,158,101,52,25,3,0,701,5,106,648,519,396,174,79,19,4,1939,3,64,271,152,142,91,60,15,0,801,15,407,1965,1030,747,421,175,25,6,4786,11,74,404,179,170,122,61,11,0,1024,12,98,497,340,271,200,54,3,0,1473,80,269,989,636,616,541,217,20,0,3366,41,551,1947,1052,918,871,369,43,0,5787,41,132,235,131,104,61,34,3,0,746,24,129,273,146,140,86,30,3,0,841
LGA26430,134,173,353,415,466,572,341,75,8,2538,17,7,25,48,38,80,63,25,0,302,0,0,0,3,5,0,0,0,0,6,5,4,17,18,25,23,3,0,0,99,0,0,0,3,0,7,0,0,0,12,0,3,12,13,12,14,3,0,0,56,0,0,3,6,3,5,3,0,0,25,27,18,24,43,47,47,9,0,0,218,46,19,31,21,29,29,8,0,0,187,0,0,6,13,17,12,5,0,0,57,0,0,0,4,0,8,4,0,0,28,0,5,6,10,9,11,0,0,0,48,3,0,8,12,4,8,0,0,0,28,0,7,20,27,25,23,7,0,0,111,0,8,6,11,21,17,8,0,0,72,0,0,29,36,47,38,11,0,0,160,4,13,45,59,71,56,25,0,0,272,9,20,81,85,111,156,41,4,0,513,5,6,20,11,13,14,0,0,0,65,0,5,9,16,13,9,7,0,0,61
LGA26490,495,670,1518,2268,2155,1686,658,110,7,9558,9,16,27,22,32,50,43,8,3,204,0,0,0,0,4,0,0,0,0,5,37,13,29,69,60,35,9,0,0,254,0,4,5,11,18,7,5,0,0,40,0,12,52,82,77,46,16,0,0,284,0,6,13,45,45,25,8,4,0,151,148,122,189,168,171,141,44,5,0,988,241,121,104,84,111,81,31,0,0,779,3,5,13,42,36,17,9,0,0,124,5,9,14,34,16,17,6,0,0,97,0,9,53,84,81,42,12,0,0,280,3,10,27,52,37,31,11,0,0,167,0,31,121,230,177,120,41,0,0,719,9,9,31,68,79,44,14,0,0,260,3,10,103,183,182,115,27,0,0,626,19,47,221,390,359,294,61,0,0,1395,19,93,397,511,507,413,87,10,0,2031,23,17,47,44,51,25,5,3,0,201,13,27,53,78,62,56,8,0,0,296
LGA26610,290,454,1214,1046,871,999,359,65,8,5315,15,22,146,136,91,103,53,17,0,577,0,0,0,0,0,0,0,0,0,0,13,11,51,40,31,29,14,5,0,191,0,0,3,5,0,0,3,0,0,12,0,5,20,17,24,13,8,0,0,87,8,3,18,10,21,19,3,0,0,83,67,69,80,83,75,81,11,0,0,474,87,60,76,58,55,46,19,0,0,399,0,3,20,16,29,24,8,0,0,99,4,4,3,4,0,0,0,0,0,19,5,9,18,28,15,10,0,0,0,84,0,3,10,11,6,3,6,0,0,33,7,13,30,33,30,28,11,0,0,150,0,14,34,38,29,26,4,0,0,150,3,13,50,40,50,41,14,3,0,212,3,39,137,127,132,105,30,5,0,568,26,86,230,197,210,244,45,3,0,1039,4,13,10,7,8,5,3,0,0,47,3,10,49,29,17,18,4,0,0,130
LGA26670,74,70,198,232,286,372,208,64,8,1508,0,11,18,24,40,40,62,31,0,229,0,0,0,0,0,0,0,0,0,0,0,0,7,7,12,5,0,0,0,39,0,0,0,0,0,5,0,0,0,9,0,0,4,3,9,14,3,0,0,38,0,0,3,3,9,3,0,0,0,17,17,10,12,17,21,20,5,0,0,110,19,7,19,8,17,18,9,0,0,96,0,0,0,8,8,6,3,0,0,28,0,0,0,0,0,0,0,0,0,4,0,0,0,4,6,3,0,0,0,22,0,0,0,0,0,0,0,0,0,8,0,0,15,4,8,22,0,0,0,49,0,0,0,5,15,8,3,0,0,31,0,0,9,15,24,21,3,0,0,78,0,7,29,46,34,38,4,0,0,158,7,23,40,62,76,116,18,0,0,343,0,0,5,0,4,0,0,0,0,11,4,6,3,4,10,4,4,0,0,37
LGA26700,493,487,1205,1319,1447,1377,565,121,13,7030,7,12,38,34,35,66,74,34,0,301,0,0,0,0,0,4,0,0,0,5,20,14,64,61,83,65,14,0,0,319,0,0,0,0,0,8,0,0,0,8,3,10,31,31,43,33,8,4,0,148,3,8,11,9,29,6,8,0,5,74,157,80,125,122,141,151,37,0,0,810,194,77,92,60,80,54,17,0,0,582,0,0,17,14,34,30,9,0,0,113,3,3,5,5,8,9,0,0,0,36,0,7,23,29,29,23,0,0,0,111,0,8,14,13,19,9,7,0,0,67,7,10,59,70,63,40,9,0,0,259,9,12,30,42,80,55,10,0,0,235,0,10,51,103,117,93,21,0,0,392,20,37,156,222,231,192,36,3,0,890,40,141,434,401,520,516,104,3,0,2161,11,11,12,13,9,5,3,0,0,61,19,22,58,48,44,23,11,0,0,225
LGA26730,630,716,1880,1666,1686,1504,471,70,0,8622,10,18,25,25,13,29,13,3,0,136,0,0,5,5,0,0,0,0,0,8,28,35,122,88,85,57,9,0,0,428,0,5,17,21,19,5,0,0,0,71,0,12,23,32,38,24,11,0,0,139,8,9,20,13,5,27,8,0,0,88,245,154,171,164,203,191,40,0,0,1163,215,109,152,113,88,80,16,0,0,783,3,5,14,18,23,28,4,0,0,95,0,8,10,10,9,12,0,0,0,48,0,8,36,42,29,32,4,0,0,145,0,7,16,29,25,12,10,0,0,91,9,24,79,89,76,51,18,0,0,341,9,24,51,50,48,57,14,0,0,257,8,27,72,94,157,97,15,0,0,472,34,52,227,263,284,213,35,0,0,1120,28,162,576,551,616,589,102,4,0,2632,11,12,32,26,18,14,9,0,0,119,28,43,93,70,59,35,12,5,0,330
LGA26810,592,807,1915,1855,1888,1972,709,144,17,9901,23,52,109,130,141,152,109,34,4,752,0,4,10,13,11,10,3,0,0,46,23,16,36,37,68,48,9,0,0,243,0,8,19,22,17,17,3,0,0,98,5,18,41,58,62,46,16,0,0,246,5,9,9,29,21,19,10,0,0,102,192,118,143,151,233,169,30,4,0,1043,194,85,96,78,91,73,21,0,0,641,4,3,22,28,28,47,9,0,0,138,0,3,9,7,8,6,0,0,0,41,0,10,26,25,29,29,10,0,0,126,3,13,20,27,22,17,6,0,0,110,8,33,90,85,62,58,25,0,0,365,4,14,30,39,52,56,13,6,0,221,16,73,153,152,186,127,31,0,0,735,19,55,249,307,338,256,71,3,0,1293,27,162,488,488,572,597,124,4,0,2470,10,7,27,25,17,18,3,0,0,114,32,31,88,62,59,58,17,8,0,339
LGA26890,43,64,153,156,181,251,134,39,10,1021,8,9,31,27,34,59,39,22,0,239,0,0,0,0,0,0,0,0,0,0,0,0,3,0,7,4,4,0,0,14,0,0,0,0,0,0,0,0,0,0,0,0,0,0,3,0,0,0,0,7,0,0,0,0,6,0,0,0,0,9,5,0,9,10,10,20,5,0,0,63,7,4,5,4,0,6,0,0,0,31,4,0,0,3,4,7,4,0,0,23,0,0,0,0,4,0,0,0,0,7,0,0,0,0,0,0,0,0,0,6,0,0,0,0,0,0,0,0,0,0,0,4,3,9,5,3,0,0,0,31,0,0,4,7,7,6,0,0,0,21,0,0,7,12,15,14,3,0,0,54,0,6,34,23,28,17,3,0,0,117,4,4,28,39,43,59,11,0,0,194,0,0,0,0,0,0,0,0,0,3,0,0,3,0,5,4,0,0,0,8
LGA26980,1808,4464,9398,9549,8962,6215,1872,291,23,42580,5,5,24,13,19,11,7,0,0,81,0,0,6,9,12,4,0,0,0,32,103,95,278,382,394,223,58,3,0,1533,0,17,55,97,73,23,4,0,0,275,7,57,232,272,220,111,21,3,0,918,14,67,200,270,239,137,29,8,0,966,556,920,861,623,671,419,112,13,0,4172,805,618,516,326,304,172,37,7,0,2774,10,47,140,138,147,91,38,0,0,612,22,46,122,204,125,63,12,0,0,596,7,109,582,783,473,181,47,4,0,2187,4,63,198,189,164,86,27,5,0,744,23,323,1084,1232,866,452,131,28,0,4132,18,107,297,266,273,182,55,3,0,1205,11,102,350,481,566,427,92,10,0,2052,162,437,1086,1282,1592,1074,233,28,0,5890,109,824,2111,1876,2141,1603,412,34,0,9114,108,134,101,116,109,47,16,5,0,628,36,132,304,295,340,201,60,13,0,1379
LGA27070,2200,5163,14199,15515,10754,7121,1762,148,10,56880,4,9,72,64,48,30,13,5,6,248,0,0,0,6,12,3,0,0,0,26,116,130,459,649,698,450,76,3,0,2589,4,11,113,134,57,24,4,0,0,344,21,123,395,412,298,158,29,3,0,1438,12,63,196,260,264,158,25,0,0,974,774,1118,1281,1142,1108,714,129,7,0,6285,1024,585,557,413,306,206,28,4,0,3126,12,100,325,398,302,181,26,0,0,1350,21,59,147,160,80,36,7,0,0,505,8,146,581,669,396,200,22,0,0,2022,9,66,185,147,118,72,9,3,0,611,13,199,866,786,435,229,46,6,0,2560,27,181,491,463,393,275,65,0,0,1891,21,181,693,777,625,385,87,9,0,2776,103,419,1652,1775,1315,716,121,10,0,6111,116,1052,3492,3609,2532,1718,380,13,0,12903,75,105,161,156,82,48,18,0,0,646,47,163,471,521,353,191,34,0,0,1788
LGA27170,795,1060,2371,2130,2007,1588,502,70,6,10527,5,3,12,13,20,18,12,8,0,90,0,0,0,0,0,0,0,0,0,4,26,21,100,112,93,76,9,0,0,443,0,5,6,9,4,3,0,0,0,30,9,23,59,87,60,48,15,0,0,298,5,8,19,17,31,26,0,0,0,105,262,178,224,207,225,156,46,0,0,1296,228,106,129,85,86,48,10,0,0,695,0,5,36,35,46,51,18,0,0,200,6,8,13,20,7,7,0,0,0,57,3,16,57,48,43,36,9,0,0,214,4,11,22,22,23,20,6,0,0,108,5,20,76,105,59,62,14,6,0,347,12,18,78,75,76,61,11,0,0,335,48,136,212,218,225,152,25,0,0,1025,24,83,317,371,308,198,41,0,0,1334,68,206,704,620,643,517,96,5,0,2859,16,15,15,18,7,9,0,0,0,85,12,38,109,78,55,43,18,6,0,352
LGA27260,2549,6522,19109,24868,12851,7164,1563,113,7,74732,5,15,115,107,98,56,28,6,0,422,0,3,9,12,12,0,0,0,0,39,94,149,579,755,612,302,34,0,0,2528,3,15,217,301,75,47,3,0,0,657,21,110,506,471,312,181,30,0,0,1630,14,73,310,426,245,169,27,0,0,1272,807,1142,1700,1515,963,635,86,6,0,6855,1127,721,853,668,343,191,41,0,0,3946,36,264,732,863,559,304,34,0,0,2793,15,63,239,348,105,37,9,0,0,802,6,156,1129,1664,527,214,30,0,0,3723,14,108,366,322,160,75,13,0,0,1069,33,253,1529,1811,561,245,50,5,0,4488,22,242,754,730,436,266,38,6,0,2492,10,178,727,1039,767,458,71,6,0,3251,171,419,1737,2269,1438,711,114,6,0,6860,109,908,3748,4155,2551,1340,234,7,0,13061,102,120,227,261,149,76,15,0,0,955,46,149,486,454,318,168,30,0,0,1650
LGA27350,381,2156,11369,6737,4011,2727,937,165,6,28489,0,6,15,13,11,9,0,0,0,52,0,0,7,4,9,0,0,0,0,29,8,66,286,192,120,81,21,6,0,775,0,20,84,73,37,15,0,0,0,231,0,44,228,114,49,52,10,4,0,498,3,29,214,122,67,50,12,4,0,501,158,493,955,400,245,142,44,3,0,2443,237,504,663,201,115,63,16,3,0,1807,6,19,118,80,59,43,6,0,0,326,12,51,390,201,127,42,13,9,0,842,0,75,537,389,251,97,15,5,0,1364,3,39,181,89,52,39,15,3,0,416,15,391,2466,1100,600,285,90,16,0,4964,5,82,346,168,131,74,22,3,0,836,0,91,819,557,393,232,66,3,0,2165,33,194,1193,668,542,505,150,11,0,3295,25,467,2384,1006,680,612,202,21,0,5407,30,103,366,182,103,61,29,6,0,867,15,99,352,208,130,94,26,4,0,928
LGA27450,2246,3497,8125,8613,8853,7260,2320,325,15,41244,26,48,96,137,174,156,78,16,0,736,0,0,0,3,6,9,0,0,0,22,142,120,297,470,554,402,106,18,0,2109,0,18,72,74,58,39,4,0,0,275,28,136,387,373,332,272,45,9,0,1578,17,63,161,218,257,174,47,0,0,937,631,668,655,659,796,695,153,15,0,4274,928,462,297,272,289,195,46,0,0,2494,6,36,98,116,170,136,42,10,0,620,24,28,81,101,90,59,6,0,0,389,0,39,197,220,254,136,29,4,0,886,10,55,149,125,124,82,27,3,0,575,27,155,541,658,581,333,106,11,0,2406,22,75,190,248,279,242,61,0,0,1117,30,103,429,523,475,329,69,9,0,1973,75,287,1198,1413,1347,1018,270,21,4,5638,111,655,1964,1777,2076,1791,429,16,0,8823,73,78,139,149,154,94,32,0,0,719,89,190,446,370,335,226,58,9,0,1718
LGA27630,79,96,225,215,255,378,132,42,6,1423,5,5,15,23,36,53,26,7,0,173,0,0,0,0,0,0,0,0,0,0,0,0,4,7,3,4,0,0,0,25,0,0,0,0,0,0,0,0,0,0,0,0,0,0,6,4,5,0,0,17,0,4,5,7,0,10,0,0,0,24,10,16,13,16,24,23,7,0,0,112,16,5,12,7,13,3,0,0,0,59,0,0,10,7,4,9,0,0,0,23,0,0,0,0,0,0,0,0,0,3,0,0,5,6,7,3,0,0,0,16,0,0,0,0,0,0,0,0,0,3,0,7,9,7,8,6,0,0,0,33,0,0,3,0,10,6,0,0,0,23,0,0,16,14,15,16,5,0,0,60,3,7,41,35,40,41,10,0,0,173,22,15,73,72,85,132,30,0,0,430,0,6,3,3,0,0,0,0,0,13,0,4,3,6,4,6,0,0,0,32
LGA29399,12,50,105,43,31,29,16,6,5,293,0,0,0,0,0,0,8,0,0,10,0,0,0,0,0,0,0,0,0,0,0,0,0,0,0,0,0,0,0,3,0,0,0,0,0,0,0,0,0,0,0,0,0,0,0,0,0,0,0,0,0,0,0,0,0,0,0,0,0,0,0,3,0,0,0,0,0,0,0,4,11,25,39,14,8,4,0,0,0,99,0,10,8,13,3,7,0,0,0,34,0,0,0,0,0,0,0,0,0,0,0,0,0,0,0,0,0,0,0,0,0,0,0,5,0,0,0,0,0,3,0,0,0,3,4,0,0,0,0,12,0,4,10,0,0,0,0,0,0,18,0,0,0,0,0,0,0,0,0,0,0,0,3,0,0,0,0,0,0,12,0,0,0,0,6,3,0,0,0,14,0,0,6,4,0,0,0,0,0,10,0,0,0,0,0,0,0,0,0,0
LGA29499,43,104,316,210,182,131,36,7,0,1022,0,0,11,0,0,0,0,0,0,21,0,0,0,0,0,0,0,0,0,0,0,5,13,5,9,0,0,0,0,32,0,0,0,5,0,0,0,0,0,5,0,0,6,3,0,3,0,0,0,17,4,0,5,4,6,0,0,0,0,12,9,9,20,14,9,10,3,0,0,68,16,32,50,3,7,8,0,0,0,114,0,0,12,3,9,6,0,0,0,29,0,0,5,6,0,0,0,0,0,13,0,0,12,5,0,0,0,0,0,21,0,4,3,0,0,0,0,0,0,10,0,3,13,5,6,12,0,0,0,39,0,0,15,6,4,6,0,0,0,30,4,6,8,9,5,9,0,0,0,46,0,7,18,18,16,8,0,0,0,65,0,18,54,26,23,33,3,0,0,156,3,0,11,8,0,0,0,0,0,25,0,6,4,5,7,0,0,0,0,22
LGA29799,0,0,0,4,0,3,0,0,0,7,0,0,0,0,0,0,0,0,0,0,0,0,0,0,0,0,0,0,0,0,0,0,0,0,0,0,0,0,0,0,0,0,0,0,0,0,0,0,0,0,0,0,0,0,0,0,0,0,0,0,0,0,0,0,0,0,0,0,0,0,0,0,0,0,0,0,0,0,0,0,0,0,0,0,0,0,0,0,0,0,0,0,0,0,0,0,0,0,0,0,0,0,0,0,0,0,0,0,0,0,0,0,0,0,0,0,0,0,0,0,0,0,0,0,0,0,0,0,0,0,0,0,0,0,0,0,0,0,0,0,0,0,0,0,0,0,0,0,0,0,0,0,0,0,0,0,0,0,0,0,0,0,0,0,0,0,0,0,0,0,0,0,0,0,0,0,0,0,0,0,0,0,0,0,0,0,0,0,0,0,0,0,0,0,0,0,0,0,0,0
