LGA_CODE_2021,Philippines_Before_1951,Philippines_1951_1960,Philippines_1961_1970,Philippines_1971_1980,Philippines_1981_1990,Philippines_1991_2000,Philippines_2001_2010,Philippines_2011_2015,Philippines_2016,Philippines_2017,Philippines_2018,Philippines_2019,Philippines_2020,Philippines_2021,Philippines_Yr_arrival_ns,Philippines_Tot,Poland_Before_1951,Poland_1951_1960,Poland_1961_1970,Poland_1971_1980,Poland_1981_1990,Poland_1991_2000,Poland_2001_2010,Poland_2011_2015,Poland_2016,Poland_2017,Poland_2018,Poland_2019,Poland_2020,Poland_2021,Poland_Yr_arrival_NS,Poland_Tot,Singapore_Before_1951,Singapore_1951_1960,Singapore_1961_1970,Singapore_1971_1980,Singapore_1981_1990,Singapore_1991_2000,Singapore_2001_2010,Singapore_2011_2015,Singapore_2016,Singapore_2017,Singapore_2018,Singapore_2019,Singapore_2020,Singapore_2021,Singapore_Yr_arrival_ns,Singapore_Tot,South_Africa_Before_1951,South_Africa_1951_1960,South_Africa_1961_1970,South_Africa_1971_1980,South_Africa_1981_1990,South_Africa_1991_2000,South_Africa_2001_2010,South_Africa_2011_2015,South_Africa_2016,South_Africa_2017,South_Africa_2018,South_Africa_2019,South_Africa_2020,South_Africa_2021,South_Africa_Yr_arrival_ns,South_Africa_Tot,Sri_Lanka_Before_1951,Sri_Lanka_1951_1960,Sri_Lanka_1961_1970,Sri_Lanka_1971_1980,Sri_Lanka_1981_1990,Sri_Lanka_1991_2000,Sri_Lanka_2001_2010,Sri_Lanka_2011_2015,Sri_Lanka_2016,Sri_Lanka_2017,Sri_Lanka_2018,Sri_Lanka_2019,Sri_Lanka_2020,Sri_Lanka_2021,Sri_Lanka_Yr_arrival_ns,Sri_Lanka_Tot,Taiwan_Before_1951,Taiwan_1951_1960,Taiwan_1961_1970,Taiwan_1971_1980,Taiwan_1981_1990,Taiwan_1991_2000,Taiwan_2001_2010,Taiwan_2011_2015,Taiwan_2016,Taiwan_2017,Taiwan_2018,Taiwan_2019,Taiwan_2020,Taiwan_2021,Taiwan_Yr_arrival_ns,Taiwan_Tot,Thailand_Before_1951,Thailand_1951_1960,Thailand_1961_1970,Thailand_1971_1980,Thailand_1981_1990,Thailand_1991_2000,Thailand_2001_2010,Thailand_2011_2015,Thailand_2016,Thailand_2017,Thailand_2018,Thailand_2019,Thailand_2020,Thailand_2021,Thailand_Yr_arrival_ns,Thailand_Tot,United_Kingdom_Before_1951,United_Kingdom_1951_1960,United_Kingdom_1961_1970,United_Kingdom_1971_1980,United_Kingdom_1981_1990,United_Kingdom_1991_2000,United_Kingdom_2001_2010,United_Kingdom_2011_2015,United_Kingdom_2016,United_Kingdom_2017,United_Kingdom_2018,United_Kingdom_2019,United_Kingdom_2020,United_Kingdom_2021,United_Kingdom_Yr_arrival_ns,United_Kingdom_Tot,USA_Before_1951,USA_1951_1960,USA_1961_1970,USA_1971_1980,USA_1981_1990,USA_1991_2000,USA_2001_2010,USA_2011_2015,United_States_America_2016,United_States_America_2017,United_States_America_2018,United_States_America_2019,United_States_America_2020,United_States_America_2021,USA_year_of_arrival_ns,USA_Total,Vietnam_Before_1951,Vietnam_1951_1960,Vietnam_1961_1970,Vietnam_1971_1980,Vietnam_1981_1990,Vietnam_1991_2000,Vietnam_2001_2010,Vietnam_2011_2015,Vietnam_2016,Vietnam_2017,Vietnam_2018,Vietnam_2019,Vietnam_2020,Vietnam_2021,Vietnam_Yr_arrival_NS,Vietnam_Tot,Born_elsewhere_Before_1951,Born_elsewhere_1951_1960,Born_elsewhere_1961_1970,Born_elsewhere_1971_1980,Born_elsewhere_1981_1990,Born_elsewhere_1991_2000,Born_elsewhere_2001_2010,Born_elsewhere_2011_2015,Born_elsewhere_2016,Born_elsewhere_2017,Born_elsewhere_2018,Born_elsewhere_2019,Born_elsewhere_2020,Born_elsewhere_2021,Born_elsewhere_Yr_arrival_ns,Born_elsewhere_Tot,Tot_Before_1951,Tot_1951_1960,Tot_1961_1970,Tot_1971_1980,Tot_1981_1990,Tot_1991_2000,Tot_2001_2010,Tot_2011_2015,Tot_2016,Tot_2017,Tot_2018,Tot_2019,Tot_2020,Tot_2021,Tot_Yr_arrival_NS,Tot_Tot
LGA20110,0,0,0,0,8,3,11,13,11,10,12,5,5,3,0,85,5,0,5,0,0,0,3,0,0,0,0,0,0,0,0,13,0,0,0,0,0,0,0,0,0,0,0,0,0,0,0,4,0,0,0,4,5,9,8,0,0,0,4,6,0,0,0,46,0,0,0,0,0,0,5,0,0,0,0,0,0,0,0,6,0,0,0,0,0,0,0,0,0,0,3,0,0,0,0,10,0,0,0,0,0,0,5,4,0,0,0,0,0,0,0,15,26,73,133,90,57,41,66,21,3,3,6,5,0,0,28,555,0,0,6,8,3,7,8,14,0,0,0,3,0,0,0,53,0,0,0,0,0,0,0,0,0,0,0,0,0,0,0,4,5,37,45,35,30,15,25,15,8,5,8,9,3,0,0,237,75,322,301,211,183,134,225,132,44,42,62,48,11,3,81,1877
LGA20260,0,0,0,0,6,7,19,20,4,4,5,5,8,0,4,84,0,0,0,0,3,0,0,0,0,0,0,0,0,0,3,6,0,0,0,0,0,0,5,0,0,0,0,0,0,0,0,7,0,0,0,0,0,0,11,0,0,0,0,0,0,0,4,14,0,0,0,0,0,0,0,0,0,0,0,0,0,0,6,10,0,0,0,0,0,0,0,3,5,7,11,13,0,0,0,46,0,0,0,0,0,0,4,0,0,0,0,0,0,0,3,10,11,44,90,34,12,15,26,6,0,0,0,6,9,0,27,282,0,0,0,0,6,0,8,7,3,0,4,0,0,0,3,25,0,0,0,0,0,4,6,6,0,0,0,0,0,0,14,31,7,16,8,15,12,13,31,7,0,3,0,12,10,26,55,207,30,101,134,77,86,78,194,122,29,52,55,69,38,38,240,1342
LGA20570,0,0,0,21,49,62,127,177,43,30,43,66,16,0,15,631,8,3,0,10,18,9,3,6,0,0,0,0,0,0,0,56,0,4,0,11,13,4,19,5,3,3,5,8,0,0,3,76,0,3,6,19,23,46,85,29,3,7,7,12,13,8,8,268,0,0,3,6,14,20,75,70,14,21,15,8,8,0,0,249,0,0,0,0,0,10,10,15,0,10,3,0,3,0,0,53,0,0,0,3,4,16,43,33,22,8,4,7,3,0,0,159,101,389,783,438,290,177,320,232,25,35,44,33,30,9,109,3011,4,6,10,43,31,38,90,55,0,4,8,8,4,0,13,314,0,0,0,14,20,8,28,45,7,11,13,6,7,0,9,170,36,116,135,149,145,105,381,189,68,50,66,42,26,13,33,1546,251,1167,1259,1055,993,870,2622,1870,449,437,560,624,286,57,364,12871
LGA20660,0,6,9,41,144,71,130,84,26,33,45,54,33,10,10,696,19,8,22,23,89,56,18,6,0,5,3,0,0,0,8,251,0,0,12,26,38,44,100,41,18,13,5,18,5,0,3,339,0,0,12,55,77,83,159,61,25,18,13,16,3,5,5,537,3,20,28,61,206,155,166,115,28,39,35,50,17,4,6,930,0,0,0,0,26,51,49,40,5,9,4,6,0,0,5,192,0,0,0,17,37,38,105,60,15,9,24,17,6,0,5,316,114,387,857,533,502,383,754,344,45,54,62,42,26,12,80,4196,0,8,32,44,48,69,120,98,12,20,17,29,19,5,20,538,0,0,0,101,181,93,152,118,27,21,15,31,9,0,12,769,102,278,448,477,456,833,828,569,156,122,136,107,35,14,94,4657,497,2312,3365,2399,3454,3674,6369,4046,850,937,957,940,402,124,596,30915
LGA20740,0,0,0,9,25,14,23,33,10,4,13,11,0,0,16,153,0,3,0,7,13,4,3,0,0,0,0,0,0,0,0,40,0,0,0,4,3,0,0,0,0,0,0,0,0,0,0,14,0,0,7,28,22,13,38,12,4,0,0,0,0,0,0,133,0,5,12,22,12,3,9,10,7,7,3,0,0,0,0,82,0,0,0,0,0,0,0,5,0,0,0,0,0,0,0,5,0,0,0,0,0,8,17,27,4,0,12,0,3,4,3,82,100,409,749,435,281,107,177,83,12,14,5,12,8,0,120,2512,0,0,4,25,20,12,24,28,6,0,0,0,0,0,0,126,0,0,0,17,4,0,7,16,4,0,0,0,3,0,0,52,21,95,120,116,82,54,98,44,19,15,15,6,12,9,27,734,183,954,1217,873,728,399,678,466,100,66,92,87,50,12,259,6178
LGA20830,0,0,0,7,36,22,33,49,7,7,12,15,3,0,11,206,3,0,9,7,31,8,3,0,0,0,0,0,0,0,0,60,0,0,0,9,0,10,10,8,0,0,0,0,0,0,0,36,0,0,7,23,27,25,62,23,5,9,6,7,5,0,9,213,0,0,15,6,10,15,43,31,5,9,4,4,0,0,4,155,0,0,0,0,0,5,3,7,3,6,20,40,13,0,0,105,0,0,0,0,3,7,21,30,3,6,6,7,0,0,0,91,86,329,689,374,253,122,293,107,11,9,8,16,10,4,92,2390,3,4,8,29,12,21,28,15,7,15,6,4,0,0,5,137,0,0,0,0,6,8,13,15,0,0,0,23,11,0,6,86,24,84,141,121,146,73,168,75,13,35,13,48,11,8,25,966,202,868,1133,772,802,527,1096,571,117,151,129,236,91,21,225,6945
LGA20910,0,0,3,26,61,28,50,28,13,6,14,11,5,3,6,268,26,54,42,53,201,41,27,14,3,12,6,3,0,0,12,495,6,10,5,32,35,34,84,53,18,14,12,11,21,4,5,333,0,5,17,90,215,216,418,148,68,63,48,55,17,7,17,1379,9,7,44,66,82,54,27,18,3,0,8,4,0,0,4,320,0,0,0,0,15,9,9,11,5,0,4,7,0,0,0,57,0,0,4,8,10,20,61,49,6,5,8,12,8,0,9,197,152,438,891,724,723,685,1667,1066,157,192,157,163,80,26,133,7257,0,7,39,82,65,110,214,124,27,16,42,64,39,20,16,872,0,0,4,54,58,26,41,26,10,8,6,14,17,4,3,276,132,278,348,639,688,928,828,527,126,120,117,191,87,15,95,5125,530,1579,2506,2588,3336,3434,5565,3416,740,818,774,924,512,138,571,27436
LGA21010,0,0,0,0,10,4,11,7,5,3,3,3,3,0,5,50,4,0,0,0,0,0,0,0,0,0,0,0,0,0,0,5,0,0,0,0,0,0,0,0,0,0,0,0,0,0,0,3,0,0,4,5,0,0,11,0,0,0,0,0,0,0,0,21,0,0,3,0,0,4,0,3,0,0,0,0,0,0,0,13,0,0,0,0,0,0,4,0,0,0,0,0,0,0,0,5,0,0,0,0,0,0,0,0,0,0,0,0,0,0,0,10,20,68,153,68,24,14,36,17,0,0,4,5,4,0,18,440,0,0,0,16,0,0,4,3,0,0,0,0,0,0,0,32,0,0,0,0,0,0,0,4,0,0,0,0,0,0,0,6,5,26,33,13,11,4,25,8,0,5,9,17,0,4,3,170,58,213,246,147,100,70,166,96,23,39,59,53,25,7,50,1347
LGA21110,0,0,7,44,120,69,70,105,31,27,20,34,18,8,6,556,46,36,36,36,87,17,21,15,3,3,0,6,0,0,6,319,0,15,27,114,170,151,283,156,33,50,20,34,12,13,18,1108,4,6,31,120,177,159,281,93,31,32,23,30,10,4,4,998,0,13,60,152,325,211,257,143,29,41,58,60,35,7,13,1402,0,0,0,17,229,216,157,92,23,25,32,29,9,3,15,846,0,0,10,10,41,62,132,83,27,24,29,23,10,7,8,454,191,445,921,720,617,567,1049,561,89,75,111,97,60,13,127,5636,0,15,47,107,90,152,264,187,48,66,58,51,32,20,34,1178,0,0,12,505,552,160,183,182,86,56,84,108,56,5,42,2039,191,323,406,538,625,641,892,600,154,188,224,264,101,35,110,5283,775,2491,3737,4207,7211,6638,11018,7499,1915,1976,2138,2469,1174,332,938,54524
LGA21180,0,0,19,351,1270,963,1321,717,181,224,224,279,100,20,83,5759,54,64,95,116,367,112,42,14,3,4,0,0,0,0,24,895,0,0,0,14,45,34,95,23,0,3,9,4,0,0,4,235,0,0,3,17,27,24,64,23,7,6,12,6,6,4,0,213,0,5,36,36,187,208,346,369,42,75,111,127,28,3,28,1624,0,0,0,6,25,13,36,33,9,0,7,11,0,0,9,156,0,0,0,14,98,77,182,105,24,17,17,16,9,0,21,574,48,264,571,306,206,87,214,151,29,24,15,13,5,4,57,1999,0,0,3,10,30,36,77,46,8,9,11,8,0,4,7,243,0,4,29,1439,6863,5187,4592,3304,657,602,532,682,339,95,1070,25391,223,1495,2866,3239,2774,2918,3564,2192,459,448,500,576,144,73,514,22000,681,3752,8329,8520,14491,12392,16594,11863,2768,2818,3324,3889,1274,344,2688,93716
LGA21270,0,0,0,0,0,3,12,11,0,0,0,7,0,0,0,45,0,0,0,0,0,0,0,0,0,0,0,0,0,0,0,3,0,0,0,0,0,0,0,0,0,0,0,0,0,0,0,0,0,0,0,3,0,0,6,0,0,0,0,0,9,0,0,18,0,0,0,0,0,0,0,0,0,0,0,0,0,0,0,7,0,0,0,0,0,0,0,0,0,0,0,3,0,0,0,3,0,0,0,0,0,0,0,0,0,0,0,0,0,0,0,0,3,20,43,9,12,6,0,3,0,0,0,0,0,0,0,110,0,0,0,0,0,0,0,4,0,0,0,0,0,0,0,9,0,0,0,0,0,0,0,0,0,0,0,0,0,0,0,0,0,5,10,0,8,3,6,5,3,0,3,0,0,0,3,46,6,35,67,37,35,25,51,35,10,14,17,37,12,9,15,401
LGA21370,0,0,0,0,28,21,41,88,29,24,24,46,17,4,8,328,0,3,0,0,0,0,0,0,0,0,0,0,0,0,0,8,0,0,0,0,5,0,0,0,0,0,0,0,0,0,0,3,0,0,0,3,0,5,23,0,0,5,3,0,0,0,4,50,0,0,3,0,0,0,19,17,4,3,7,14,3,0,0,66,0,0,0,0,0,0,0,7,4,0,0,6,0,0,0,10,0,0,0,0,0,6,13,15,6,0,0,8,0,0,10,57,45,142,269,102,71,24,48,24,0,4,4,3,4,6,51,788,0,0,0,10,9,8,11,9,0,0,0,0,0,0,0,50,0,0,0,0,5,0,9,7,0,4,0,0,3,0,0,29,10,37,52,21,10,27,28,55,6,5,6,16,11,0,11,306,86,342,446,227,217,206,394,359,87,93,115,150,64,14,146,2937
LGA21450,0,0,0,19,102,75,361,302,53,39,46,81,20,0,20,1125,8,8,10,11,76,17,16,6,4,0,0,0,0,4,0,157,0,6,3,13,16,11,74,21,9,3,0,5,0,5,0,156,0,0,14,42,86,59,218,91,18,12,18,22,3,3,12,601,0,10,22,46,119,172,797,629,106,117,98,101,28,8,20,2279,0,0,0,0,5,16,17,35,5,9,25,29,13,0,5,148,0,0,0,6,22,29,59,50,11,8,7,18,8,0,5,218,113,432,1207,870,690,284,851,370,39,25,33,22,10,5,147,5100,0,3,9,16,32,39,64,47,4,10,7,7,0,0,9,248,0,0,0,5,33,33,30,47,11,0,5,6,5,0,5,188,34,124,346,392,589,513,1464,704,131,91,89,114,36,16,109,4745,269,1243,2130,1899,2503,2074,7815,5046,969,957,845,990,318,122,577,27773
LGA21610,0,3,3,122,829,862,2097,1600,292,274,282,384,127,27,85,6990,13,19,74,105,648,244,125,50,6,4,0,0,0,0,17,1313,0,0,12,25,146,87,327,198,42,28,38,21,18,4,15,965,0,8,30,210,431,269,723,266,50,52,52,38,20,12,16,2199,3,10,172,370,1362,2006,5411,3006,509,524,576,637,247,41,155,15026,0,0,0,6,17,39,83,74,23,20,36,39,9,0,5,356,0,0,0,13,149,139,284,176,43,33,39,38,17,0,22,958,165,914,2486,1898,1491,590,1447,642,103,82,63,43,18,5,254,10201,0,15,11,49,43,99,180,139,32,33,43,19,10,3,18,708,0,0,3,174,477,413,529,289,56,60,44,30,24,20,53,2169,105,411,1599,2571,5000,4983,6719,2699,618,664,544,496,176,87,508,27187,521,2961,6918,7820,15203,17646,47539,28007,5348,5551,5163,5676,2095,817,2524,153792
LGA21670,0,0,0,0,8,0,5,20,14,6,6,17,5,0,0,84,0,0,4,0,4,0,0,0,0,0,0,0,0,0,0,8,0,0,0,0,0,0,6,0,0,0,0,0,0,0,0,9,0,0,0,0,0,0,6,0,0,0,0,0,0,0,0,9,0,0,0,0,0,0,0,4,0,0,0,0,0,0,0,11,0,0,0,0,0,0,0,0,0,0,0,0,0,0,0,0,0,0,0,0,0,0,5,0,0,0,0,0,0,0,0,8,21,103,202,94,49,13,17,8,0,0,0,0,0,5,29,534,0,0,3,4,0,0,7,0,0,0,0,0,0,0,0,17,0,0,0,0,0,0,0,0,0,0,0,0,0,0,0,11,8,16,23,28,16,13,20,6,0,0,0,0,0,0,13,141,35,202,293,193,138,50,96,75,20,17,19,25,15,5,64,1241
LGA21750,0,0,5,0,10,6,21,18,7,7,7,17,0,0,5,102,0,0,0,0,3,0,0,0,0,0,0,0,0,0,0,9,0,0,0,0,0,0,0,0,0,0,0,0,0,0,0,10,0,0,4,0,6,0,8,3,0,0,0,0,0,0,0,18,0,0,3,0,0,0,7,13,0,9,9,0,5,0,0,32,0,0,0,0,0,0,5,14,14,14,35,44,15,0,0,146,0,0,0,0,0,0,3,4,0,0,0,0,0,0,7,24,31,108,172,73,62,30,43,28,9,0,10,3,0,0,16,585,0,0,5,6,4,10,13,9,0,0,3,0,0,0,0,44,0,0,0,3,6,3,5,4,0,0,0,0,0,0,0,17,7,29,35,27,13,27,70,32,9,5,4,20,5,31,10,316,61,247,266,184,194,135,346,253,77,99,160,146,40,27,65,2309
LGA21830,0,0,0,0,4,0,13,20,3,3,11,12,6,6,0,84,0,0,0,0,0,0,0,0,0,0,0,0,0,0,0,3,0,0,0,0,0,0,0,0,0,0,0,0,0,0,0,0,0,0,0,10,0,4,8,0,0,0,0,0,0,0,4,22,0,0,0,0,0,5,0,0,0,0,0,0,0,0,0,11,0,0,0,0,0,0,0,3,0,0,0,0,0,0,0,9,0,0,0,0,0,0,0,3,0,0,0,0,0,4,0,9,13,50,96,50,35,21,29,8,3,0,3,5,0,0,18,333,0,0,0,3,0,5,0,0,0,0,0,0,0,0,3,17,0,0,0,0,0,0,0,0,0,0,0,0,0,0,0,3,0,10,20,9,13,10,29,13,0,6,6,16,4,0,10,143,25,136,144,103,103,115,219,120,38,22,36,50,22,8,56,1191
LGA21890,0,0,0,42,223,105,158,197,55,57,80,112,9,8,26,1075,12,16,17,17,69,18,19,18,4,4,0,3,0,0,6,203,0,0,3,26,34,64,114,39,12,13,12,15,6,5,0,338,0,0,8,28,91,64,120,40,10,21,19,11,3,0,10,426,0,3,28,22,135,131,132,91,41,46,72,74,36,0,16,839,0,0,0,0,15,35,44,41,14,10,5,12,0,0,3,185,0,0,0,4,48,45,111,80,27,36,29,13,7,4,13,419,37,184,467,443,452,432,841,587,102,100,111,85,23,23,77,3981,0,0,19,65,72,121,180,145,44,50,48,32,28,11,16,829,0,0,3,375,720,415,304,298,66,79,64,92,37,4,57,2517,66,245,528,774,754,917,1099,932,267,297,333,384,141,30,171,6943,347,3369,6508,3831,4843,4578,7611,5777,1489,1794,2240,2150,676,172,1295,46684
LGA22110,0,0,3,5,35,35,44,61,18,35,16,27,7,6,18,310,0,0,0,4,9,0,0,3,0,0,0,0,0,0,0,32,0,0,0,6,4,0,5,4,0,0,0,0,0,0,0,24,0,6,7,18,17,26,40,14,3,0,8,4,3,4,0,153,0,6,9,0,3,0,3,14,3,3,0,0,3,0,0,49,0,0,0,0,0,0,3,7,0,5,3,4,0,0,0,17,0,0,0,0,7,7,11,26,10,4,11,9,4,0,0,85,114,360,729,362,213,73,174,62,6,10,3,12,0,0,100,2216,5,3,9,23,10,9,25,11,6,0,4,0,0,0,0,116,0,0,0,6,5,20,25,20,8,0,4,10,0,0,7,101,25,95,118,87,60,36,66,60,15,13,11,39,14,3,24,668,225,889,1131,707,566,353,626,455,114,116,113,147,49,21,261,5784
LGA22170,0,0,0,33,213,195,310,192,67,56,71,99,24,5,24,1298,3,19,26,24,151,75,32,18,3,0,0,4,0,0,6,366,0,0,9,8,31,17,41,18,0,0,0,0,0,5,3,146,0,3,8,77,133,126,339,164,33,22,14,25,8,7,10,969,5,12,63,57,124,108,116,53,10,11,12,14,0,0,4,592,0,0,0,0,5,20,16,24,3,3,0,3,3,0,0,84,0,0,0,12,24,34,106,87,26,21,28,21,7,3,16,389,205,742,2268,1516,1253,515,1261,676,79,75,48,53,29,12,264,8988,3,3,17,34,68,79,119,56,16,20,19,12,5,7,3,457,0,0,0,23,47,46,59,51,8,5,7,8,6,0,8,265,65,201,472,584,679,772,1111,536,118,81,85,87,48,13,102,4951,444,1826,3872,3266,4155,3277,6211,3276,653,534,578,621,247,101,727,29803
LGA22250,0,0,0,0,8,4,15,8,13,0,8,6,4,0,0,71,0,0,0,0,0,0,0,0,0,0,0,0,0,0,0,0,0,0,0,0,0,3,0,0,0,0,0,0,0,0,0,3,0,0,0,4,0,19,4,0,0,0,0,4,0,0,0,39,0,0,0,0,0,0,0,0,0,0,0,0,0,0,0,4,0,0,0,0,0,0,0,0,0,0,0,0,0,0,0,0,0,0,0,0,0,0,3,0,0,0,0,5,0,0,3,13,12,35,77,20,5,3,10,0,0,0,0,4,0,0,7,177,0,0,0,0,0,3,0,0,0,0,0,0,0,0,0,12,0,0,0,0,0,0,0,0,0,0,0,0,0,0,0,0,0,9,7,6,3,3,7,8,0,0,0,0,3,0,0,54,19,87,105,55,43,54,71,46,20,16,11,29,10,0,21,593
LGA22310,0,0,3,27,147,84,145,167,63,62,59,97,37,4,10,899,199,261,149,86,252,64,46,28,3,7,0,9,3,0,42,1151,0,6,10,41,60,76,162,105,26,32,18,12,16,4,3,575,0,14,35,220,771,986,960,215,53,76,72,81,46,16,31,3568,0,18,103,150,193,117,163,99,24,33,48,35,9,11,15,1025,0,0,0,4,26,56,58,75,14,10,21,11,10,8,6,300,0,0,0,4,36,37,115,87,17,27,33,33,11,5,9,422,136,324,685,586,517,435,940,621,104,130,141,119,49,27,97,4914,4,10,40,103,115,139,279,210,58,56,50,58,24,23,37,1203,0,0,0,144,205,96,166,167,39,78,70,79,36,3,8,1097,354,774,693,1526,1754,2621,2100,1274,316,337,393,398,139,104,246,13026,1008,2570,3811,4122,5928,6975,10870,7391,1968,2323,2701,2929,1023,406,1018,55039
LGA22410,0,0,0,6,18,18,22,21,8,11,8,10,5,0,3,126,0,0,0,0,0,0,0,0,0,0,0,0,0,0,0,8,0,0,0,0,0,3,0,0,0,0,0,0,0,0,0,4,0,0,0,3,3,10,19,3,0,0,0,7,0,0,0,51,0,0,0,0,3,0,4,0,0,0,0,0,0,0,0,5,0,0,0,0,0,0,0,4,0,0,0,0,0,0,0,4,0,0,0,0,3,3,7,9,0,6,5,3,3,0,0,42,16,95,194,97,60,26,24,15,0,0,0,4,3,0,30,566,0,0,4,6,3,3,6,4,0,0,0,0,0,0,0,30,0,0,0,0,3,4,3,6,0,0,0,0,0,0,0,21,9,17,37,25,31,21,24,24,3,0,6,9,0,0,9,204,38,214,296,197,223,155,213,143,38,53,52,39,23,8,75,1762
LGA22490,0,0,0,0,10,7,13,0,3,0,0,4,0,0,3,35,0,0,9,0,8,3,0,0,0,0,0,0,0,0,0,19,0,0,0,4,0,0,8,0,6,0,0,0,0,0,0,18,0,0,5,11,0,6,9,13,0,0,0,0,0,0,0,50,0,0,0,0,0,0,0,8,0,0,0,0,0,0,0,12,0,0,0,0,0,0,0,0,0,0,0,0,0,0,0,3,0,0,0,0,0,3,13,5,0,5,0,5,0,0,3,28,24,98,292,162,141,49,140,46,5,0,0,6,0,0,35,995,0,0,4,13,9,3,16,0,0,3,0,0,0,0,0,48,0,0,0,0,4,5,3,3,0,0,0,0,0,0,0,10,3,33,74,54,40,25,35,19,4,9,4,4,0,0,11,320,52,279,466,326,329,183,342,149,24,18,11,28,5,6,97,2308
LGA22620,0,0,3,18,56,58,129,169,40,49,56,64,16,5,15,684,0,4,8,0,8,3,0,7,0,0,0,0,0,0,3,31,0,0,3,5,8,6,7,10,0,0,4,0,0,0,0,51,0,0,0,25,21,46,101,50,5,9,15,5,14,0,8,297,0,3,7,16,17,23,70,63,9,20,15,26,8,5,0,280,0,0,0,0,4,0,11,22,3,3,3,14,3,0,0,65,0,0,0,0,12,7,260,231,74,61,81,38,8,3,5,776,84,339,716,411,244,154,289,109,35,19,20,18,13,4,93,2549,0,0,11,28,21,28,59,32,3,4,8,5,5,0,9,218,0,0,0,7,10,18,25,40,12,11,6,3,0,4,3,140,48,87,102,113,85,80,590,330,112,114,130,82,25,10,52,1953,214,777,1147,942,803,742,2606,1822,534,506,576,483,196,53,331,11737
LGA22670,0,0,3,50,439,318,582,455,106,150,193,241,48,3,60,2662,12,14,64,65,277,83,39,11,0,0,0,0,0,0,17,592,0,0,3,15,56,49,109,51,16,9,5,4,8,0,4,339,3,4,6,86,120,35,86,37,15,6,5,17,4,0,7,427,0,19,126,298,766,813,1511,1043,224,295,428,485,110,23,135,6287,0,0,0,0,29,24,45,42,14,15,22,15,4,0,5,223,0,0,0,13,290,118,342,307,94,53,68,48,8,0,39,1390,44,271,621,365,170,72,156,86,10,16,11,8,5,0,96,1931,4,0,8,12,10,22,46,52,3,13,9,3,8,0,6,193,0,0,8,1043,4412,3044,2465,1623,356,315,292,386,186,56,511,14693,68,259,1080,1827,3748,4515,4424,2733,649,628,729,714,286,88,632,22385,285,1665,4267,5436,12905,12607,19324,14254,3526,3802,4590,4799,1593,490,2463,92008
LGA22750,0,5,7,43,244,207,529,331,106,88,170,199,40,9,51,2017,37,44,59,33,121,48,20,16,6,0,0,6,0,0,18,406,0,0,12,40,42,27,107,30,5,5,7,10,13,0,14,314,0,11,34,97,126,114,280,130,19,21,24,32,17,10,14,936,0,9,21,26,48,32,150,226,33,58,61,84,52,6,17,830,0,0,0,0,6,13,17,34,7,12,7,6,0,0,0,104,0,0,3,14,34,52,268,196,62,45,60,51,16,5,29,825,333,1321,2991,1467,1068,594,1471,786,140,112,105,112,48,20,427,10992,3,8,38,77,86,94,213,140,37,34,12,35,15,10,22,813,0,0,0,58,134,71,105,88,27,39,34,37,23,3,63,690,169,661,999,748,549,675,1323,948,247,233,230,233,90,29,302,7439,1014,4569,6554,3916,3748,3253,8195,6570,1605,1632,1816,2279,888,195,1623,47844
LGA22830,0,0,0,0,64,57,105,181,43,47,54,59,28,16,24,683,4,0,0,3,4,0,5,0,0,0,0,0,0,0,0,17,0,0,0,9,3,0,8,0,4,0,6,0,0,0,0,26,0,0,0,0,6,16,32,16,0,3,4,20,3,8,3,109,0,0,0,0,10,8,40,60,5,15,21,9,4,11,4,191,0,0,0,3,0,13,16,28,4,4,19,46,7,0,4,146,0,0,0,4,4,26,45,20,4,4,13,10,11,0,10,155,44,174,338,114,80,56,120,81,10,11,19,16,4,0,51,1118,0,0,0,10,3,11,19,14,8,0,0,10,5,0,3,82,0,0,0,0,10,3,17,22,0,0,3,6,5,5,11,89,16,54,117,99,89,254,548,300,81,50,125,211,68,16,73,2100,160,840,875,449,471,933,2622,2088,556,582,695,809,296,118,401,11896
LGA22910,0,0,0,0,0,8,9,14,0,4,3,6,0,0,0,40,0,0,0,8,3,3,0,0,0,0,0,0,0,0,0,19,0,3,0,0,0,4,4,0,0,0,0,0,0,0,0,16,0,0,0,15,10,3,18,6,0,0,0,0,0,0,0,54,0,0,3,0,0,0,6,3,4,3,0,3,0,0,6,24,0,0,0,0,0,0,0,0,0,0,0,3,0,0,0,3,0,0,0,0,0,3,7,4,0,0,0,0,0,0,0,20,28,101,241,146,105,56,99,32,8,7,8,0,0,0,37,868,0,0,0,11,12,15,17,15,0,3,5,6,0,0,5,88,0,0,0,0,4,4,0,0,0,0,6,0,0,0,0,7,11,36,63,47,56,34,28,16,3,8,5,6,3,0,19,343,66,271,415,341,315,214,275,160,37,36,38,40,14,6,96,2331
LGA22980,0,0,0,0,5,7,14,10,0,9,0,6,0,0,4,49,0,0,0,0,0,0,0,0,0,0,0,0,0,0,0,0,0,0,0,0,0,0,0,0,0,0,0,0,0,0,0,0,0,0,0,0,0,4,7,0,0,0,0,0,0,0,0,17,0,0,0,0,0,0,0,0,0,0,4,0,0,0,0,3,0,0,0,0,0,0,0,0,0,0,0,0,0,0,0,0,0,0,0,0,0,0,43,16,0,12,0,3,0,0,0,80,9,22,41,20,8,0,8,5,0,0,0,0,0,0,3,127,0,0,0,0,0,6,4,0,0,0,0,0,0,0,0,13,0,0,0,0,3,3,6,0,0,0,0,0,0,0,0,9,0,7,3,6,0,5,77,22,5,8,6,11,0,0,12,156,9,45,62,46,33,18,179,91,20,34,13,27,3,0,27,597
LGA23110,0,0,6,44,302,147,159,162,41,46,68,89,19,13,24,1123,18,21,30,22,98,37,30,19,5,7,3,5,0,0,8,298,0,0,7,11,27,35,52,26,6,3,5,10,6,0,5,200,0,0,17,33,48,45,121,70,8,14,20,24,5,5,3,415,0,0,6,19,45,33,45,20,0,9,14,12,4,0,8,218,0,0,0,0,5,8,12,13,0,3,5,5,0,0,0,53,0,0,0,5,25,27,82,108,41,33,9,36,16,7,3,395,62,348,771,387,398,311,746,462,98,68,66,66,15,10,70,3879,0,5,6,29,31,45,122,79,14,26,12,17,14,9,3,411,0,0,4,212,605,249,129,123,19,26,30,29,13,0,44,1487,98,586,906,606,684,536,750,616,154,190,133,176,57,19,125,5624,325,1916,3663,2470,3376,2650,4844,3577,829,867,913,1066,286,105,647,27530
LGA23190,0,0,0,0,11,6,39,23,18,8,19,9,3,0,3,144,0,0,0,0,5,0,5,0,0,0,0,0,0,0,0,10,0,0,0,0,0,0,4,0,0,0,0,0,0,0,0,11,0,0,0,4,0,3,13,0,0,12,4,0,0,0,3,44,0,0,0,0,0,0,3,0,0,0,0,6,0,0,0,14,0,0,0,0,0,0,3,0,0,0,0,0,0,0,0,5,0,0,0,0,0,7,25,19,0,4,4,0,4,0,0,59,13,38,82,34,21,10,27,22,3,0,8,3,0,0,15,286,0,0,0,4,0,4,0,9,0,0,0,3,0,0,0,33,0,0,0,0,0,0,0,3,0,0,0,0,0,0,0,15,8,11,15,18,21,7,73,36,8,5,17,14,5,0,6,248,44,122,137,96,91,74,321,228,47,58,91,67,38,3,40,1457
LGA23270,0,0,15,100,600,505,954,595,124,134,140,163,52,6,37,3424,18,13,27,21,148,49,27,17,0,0,0,0,0,0,5,327,0,0,7,13,40,38,201,79,20,6,17,12,8,0,4,456,0,5,8,36,38,51,115,56,3,19,15,13,5,0,9,386,0,4,49,112,286,663,1277,723,154,134,169,183,45,13,55,3867,0,0,0,3,5,11,27,33,0,3,9,3,0,0,0,109,0,0,0,4,54,77,168,101,45,28,33,20,12,0,25,582,50,387,1058,527,443,184,450,289,34,28,27,31,16,3,110,3639,0,4,7,20,37,35,96,93,17,16,13,16,16,0,8,379,0,0,8,120,508,272,250,170,37,21,29,36,7,0,86,1538,97,581,1933,2974,3053,3107,3599,2711,1776,1029,792,665,153,72,652,23189,377,2571,6309,6113,7901,10508,24040,16413,5565,4601,3918,4874,1516,369,2151,97221
LGA23350,0,0,0,0,6,4,6,11,0,3,0,0,0,0,0,40,0,0,0,0,0,0,0,0,0,0,0,0,0,0,0,3,0,0,0,4,0,0,0,0,0,0,0,0,0,0,0,8,0,0,0,7,8,0,6,0,0,0,0,0,0,0,0,25,0,0,0,0,0,0,0,0,0,0,0,0,0,0,0,4,0,0,0,0,0,0,0,0,0,0,0,0,0,0,0,0,0,0,0,0,0,0,7,12,4,0,0,0,0,0,3,20,22,77,153,127,76,36,61,30,7,4,8,0,0,0,22,624,0,0,3,3,3,8,12,9,0,0,0,0,7,0,0,46,0,0,0,6,0,0,0,0,0,0,0,0,0,0,6,12,13,19,34,23,22,12,31,6,0,5,3,4,0,0,12,183,54,198,251,232,169,115,185,106,14,22,16,21,5,4,85,1489
LGA23430,0,0,0,87,394,205,238,169,58,62,83,106,31,6,23,1456,11,20,45,62,286,81,67,36,7,7,0,9,4,0,12,638,0,5,6,22,43,40,108,43,9,14,19,8,3,0,5,342,0,5,22,143,194,178,405,217,68,85,43,56,30,11,11,1469,3,17,126,254,421,196,252,99,40,22,43,52,20,6,37,1576,0,0,0,0,9,24,36,43,6,15,20,10,0,0,10,179,0,0,3,19,69,72,141,89,41,15,20,19,5,7,7,511,149,538,1288,903,818,544,1602,1015,156,128,130,105,27,20,184,7612,0,4,17,51,62,81,177,111,34,38,28,40,4,0,6,656,0,0,5,343,556,215,188,136,27,37,43,22,13,3,39,1640,79,277,773,1476,1742,1761,1790,1019,292,226,224,198,63,24,196,10142,430,2191,5225,5150,6897,5775,10358,6391,1475,1476,1650,1683,536,155,1113,50498
LGA23670,0,0,10,90,327,177,353,230,77,63,73,80,34,7,18,1534,12,14,42,48,222,85,42,11,4,0,6,0,0,0,10,494,6,4,9,57,152,98,455,163,43,29,19,15,8,0,6,1061,3,7,29,126,273,145,287,94,14,13,19,24,4,5,7,1058,3,5,138,184,562,620,1327,488,64,91,89,127,36,12,40,3788,0,0,0,3,54,103,92,58,11,10,8,0,3,0,4,340,0,0,0,16,60,43,129,82,26,17,19,28,9,4,10,439,138,611,1828,1006,919,340,649,223,37,34,26,39,10,5,162,6029,0,3,16,39,39,81,109,55,14,20,23,7,14,0,4,423,0,0,3,281,462,193,191,83,21,24,21,29,12,3,31,1357,153,336,610,943,1145,799,903,460,95,82,111,118,53,15,146,5964,512,2343,4338,4197,7414,6167,13875,6997,1304,1292,1179,1457,475,145,897,52582
LGA23810,0,0,0,9,122,74,111,106,27,30,33,75,15,7,26,627,12,5,7,4,41,8,4,0,0,0,0,0,0,0,0,87,0,0,0,6,4,4,12,3,0,0,0,0,0,0,0,25,0,0,0,14,22,23,62,20,9,4,0,0,0,4,3,167,0,5,10,5,9,13,39,39,13,6,13,7,3,0,3,158,0,0,0,4,0,0,4,3,0,0,12,0,0,0,0,24,0,0,0,0,10,7,39,49,5,3,13,9,3,0,3,142,186,622,750,369,280,61,156,74,8,7,13,11,0,9,129,2676,0,0,10,20,9,17,48,19,3,4,7,9,4,4,0,151,0,0,0,9,8,17,22,17,8,7,0,5,3,3,10,102,56,252,260,196,139,100,277,165,26,14,23,30,27,20,56,1639,424,1747,1540,963,987,560,1335,848,183,165,223,303,125,61,411,9880
LGA23940,0,0,0,0,4,0,28,36,6,7,6,10,0,5,0,107,0,0,0,0,0,0,0,0,0,0,0,0,0,0,0,6,0,0,0,0,0,0,0,0,0,0,0,0,0,0,0,3,0,0,0,0,0,5,4,0,0,0,0,0,0,0,0,17,0,0,0,0,0,0,0,0,0,0,0,0,0,0,0,3,0,0,0,0,0,0,0,0,0,0,0,0,0,0,0,0,0,0,0,0,0,0,5,4,0,0,0,0,0,0,0,11,6,43,77,39,15,9,12,0,0,0,5,0,0,0,7,215,0,0,0,0,3,3,0,3,0,0,0,0,0,0,0,15,0,0,0,0,0,0,0,0,0,0,0,0,0,0,0,0,3,16,14,13,11,4,8,4,0,0,0,0,0,0,3,72,19,99,128,85,59,27,83,73,12,11,15,18,3,17,26,666
LGA24130,0,0,0,10,11,6,16,38,10,6,6,9,0,0,3,124,0,3,0,6,26,0,8,0,0,0,0,0,0,0,0,52,0,0,0,3,11,0,19,10,3,0,0,0,3,0,0,49,0,3,4,9,19,41,58,13,5,0,3,7,0,0,3,172,0,6,8,6,14,5,3,9,0,0,0,0,0,0,0,61,0,0,0,0,0,0,11,13,4,5,13,23,3,0,4,80,0,0,0,0,4,9,12,12,6,3,0,3,4,0,8,55,51,244,592,409,287,226,471,189,25,28,12,15,10,4,99,2652,0,0,8,39,27,25,50,25,6,6,7,10,6,0,13,223,0,0,0,0,9,7,6,5,0,0,0,4,3,0,0,41,28,112,158,170,114,76,128,66,20,3,3,14,14,10,44,950,150,678,1047,926,776,647,1209,546,110,103,91,123,47,24,245,6727
LGA24210,0,0,11,55,126,58,99,94,27,21,25,38,13,5,19,582,20,24,27,24,71,19,7,4,4,0,5,0,0,0,3,211,0,3,26,61,133,144,330,91,25,30,31,17,19,6,8,933,0,3,12,55,165,193,356,115,35,25,34,32,28,9,12,1074,0,12,48,53,215,149,170,84,30,29,25,37,10,0,12,879,0,0,0,9,175,238,193,98,24,10,23,19,7,3,10,819,0,0,3,13,26,33,71,50,3,5,12,15,9,0,8,252,124,317,620,337,328,237,449,181,26,32,32,43,15,8,71,2816,0,6,16,35,36,51,98,83,16,8,28,29,7,6,20,447,0,0,5,432,369,116,88,59,11,23,12,31,9,8,32,1191,153,446,476,607,580,572,576,448,136,163,135,146,65,20,100,4616,698,3691,4527,3635,7009,6680,11387,7519,1646,1717,1721,1849,868,303,1010,54258
LGA24250,0,0,0,0,6,0,0,6,0,3,0,0,0,0,0,18,0,0,4,0,0,0,0,0,0,0,0,0,0,0,0,9,0,0,0,4,0,0,0,6,0,0,0,0,0,0,0,12,0,0,0,0,3,0,15,0,0,0,0,0,0,0,0,23,0,0,0,0,0,0,0,0,0,0,0,0,0,0,0,4,0,0,0,0,0,0,0,0,0,0,5,5,0,0,0,14,0,0,0,0,0,0,5,6,0,0,0,0,0,0,0,15,16,55,128,52,59,21,51,10,0,0,0,0,0,5,21,411,0,0,4,3,0,4,3,3,0,0,0,0,0,0,0,31,0,0,0,0,0,0,0,0,0,0,0,7,0,0,0,6,8,17,23,23,21,7,19,22,3,0,3,3,0,0,9,157,43,137,217,126,150,70,140,94,23,14,25,36,25,5,52,1156
LGA24330,0,0,6,63,283,182,230,174,61,56,70,101,22,4,16,1269,19,12,12,32,83,23,13,22,14,5,0,0,0,0,7,240,0,0,8,14,35,41,99,46,5,17,9,9,0,0,4,284,0,0,3,18,31,27,77,36,9,3,7,8,8,4,4,235,0,4,17,13,29,27,56,59,10,14,29,16,13,0,11,297,0,0,0,0,16,14,23,39,11,12,9,18,4,3,4,157,0,0,0,5,43,41,91,52,18,15,18,18,9,0,5,323,17,72,283,232,254,225,524,387,51,71,53,49,18,4,41,2275,0,0,4,20,36,55,70,72,23,15,20,27,18,0,14,373,0,0,9,862,2822,1330,877,708,179,167,166,192,75,21,240,7669,26,101,338,557,652,841,1144,735,228,280,303,387,113,28,105,5832,127,691,1894,2533,5313,4033,5944,4498,1182,1340,1668,1811,504,139,719,32400
LGA24410,0,6,5,29,112,87,166,122,31,27,27,24,14,5,20,671,10,6,21,30,98,24,15,3,0,0,4,0,0,0,4,213,0,3,11,21,31,43,140,50,3,12,14,6,6,0,6,348,0,3,22,75,141,146,233,77,8,15,27,19,6,10,8,797,0,12,50,67,81,87,224,91,22,49,28,44,16,8,7,775,0,0,0,0,29,39,74,49,3,11,9,10,0,0,0,222,0,0,0,5,24,51,114,98,30,12,20,23,0,0,16,403,181,548,1430,825,624,322,604,233,24,27,26,26,13,5,136,5025,4,4,24,40,51,67,92,55,11,8,13,23,9,4,5,399,0,0,0,100,135,81,69,63,7,17,15,21,9,0,10,521,70,211,250,359,478,359,1077,1004,213,138,334,226,45,11,86,4851,426,1592,2544,2198,2956,2597,7150,4645,969,957,1097,1006,325,97,543,29091
LGA24600,0,0,7,32,179,174,367,314,122,143,237,487,168,47,35,2315,18,19,21,12,60,21,21,28,10,15,26,15,7,5,3,268,0,0,11,25,65,126,437,284,119,80,82,101,62,14,19,1426,0,4,16,46,56,87,179,89,20,26,33,59,22,8,3,637,0,5,14,33,89,72,161,128,81,78,80,120,70,16,4,949,0,0,0,4,53,101,206,324,111,135,206,141,65,10,22,1371,0,0,0,9,49,100,380,352,234,229,251,396,133,18,33,2181,45,175,404,323,353,396,864,519,127,207,191,277,137,66,66,4158,3,4,21,52,74,132,286,254,56,93,108,119,112,45,19,1380,0,0,4,258,384,241,351,455,204,266,234,262,127,16,82,2892,53,123,245,343,583,1108,1808,1673,777,1074,1411,2350,993,119,180,12818,216,734,1290,1769,3556,5330,13448,14297,5923,7451,8836,11583,4997,1259,1242,81927
LGA24650,0,0,10,163,778,733,1946,1246,253,190,132,222,77,26,70,5829,6,3,8,34,200,82,39,9,0,0,0,0,0,0,16,403,0,0,3,12,22,31,133,66,13,15,19,4,0,0,3,333,0,3,5,19,37,75,199,78,11,11,8,3,4,4,3,453,0,3,7,27,128,300,722,368,57,61,27,55,27,7,17,1809,0,0,0,0,7,21,18,18,9,0,4,0,0,0,10,91,0,0,0,13,36,34,161,104,26,15,26,36,6,0,11,475,52,304,892,533,401,151,413,223,31,33,19,23,8,8,82,3187,0,0,4,16,15,28,89,76,16,27,23,12,8,0,13,328,0,0,0,183,678,563,665,435,74,54,57,90,37,4,191,3017,76,583,1250,1561,1843,2330,3850,1870,405,363,337,330,105,54,541,15496,278,1537,3701,3836,5713,7034,18824,11090,2588,2141,1970,2356,773,289,1720,63852
LGA24780,0,0,0,0,28,28,49,78,27,27,18,49,26,3,17,361,0,0,0,0,3,0,0,0,0,0,0,0,0,0,3,8,0,0,0,0,0,0,9,0,0,4,0,0,0,0,0,18,0,0,0,4,8,8,45,22,12,11,5,15,7,0,3,134,0,0,9,0,0,6,11,28,4,3,4,6,0,0,0,81,0,0,0,0,0,0,13,36,11,9,13,27,10,0,6,121,0,0,0,0,10,11,34,67,17,9,12,22,5,0,15,207,41,107,236,138,64,49,93,53,16,11,6,6,3,0,44,868,0,0,0,10,10,5,13,8,0,0,0,6,0,0,0,57,0,0,0,5,44,46,66,47,14,17,41,12,16,6,28,341,22,54,99,135,133,191,196,129,33,24,78,155,33,51,57,1384,153,537,653,430,462,533,1123,1116,420,458,542,687,236,83,335,7772
LGA24850,0,0,0,12,31,24,59,88,21,3,9,28,3,5,10,282,9,4,5,4,17,0,0,5,0,0,0,0,0,0,0,40,0,0,3,5,6,6,34,5,0,6,0,0,0,0,0,62,0,0,0,12,11,26,58,41,7,3,5,0,0,0,0,173,0,0,7,5,9,17,74,33,12,0,6,0,0,0,0,174,0,0,0,0,0,0,3,5,5,0,6,0,0,0,0,18,0,0,0,0,5,23,29,22,10,0,5,3,4,0,6,107,33,179,385,226,125,85,200,124,12,11,20,9,16,0,42,1465,0,0,0,10,9,7,23,9,0,3,0,0,6,4,0,75,0,0,0,3,0,5,11,8,7,0,4,3,0,0,4,60,22,94,121,128,108,113,252,135,44,26,30,19,4,13,34,1155,118,508,833,582,586,581,1756,1022,248,179,216,290,88,55,198,7246
LGA24900,0,0,0,0,17,16,37,41,12,19,17,30,4,3,9,198,0,3,6,0,0,0,0,0,0,0,0,0,0,0,0,11,0,0,0,0,0,0,0,4,0,0,0,0,0,0,0,3,0,0,6,0,0,9,15,0,3,0,4,0,0,0,0,50,0,0,0,0,0,0,6,4,0,4,5,0,0,0,0,23,0,0,0,0,0,0,0,3,5,4,17,26,7,0,0,51,0,0,0,0,3,9,27,20,10,4,3,3,0,0,4,71,36,115,293,127,52,34,39,16,4,0,0,9,4,3,44,798,4,0,4,3,9,0,3,8,5,0,0,0,4,0,0,45,0,0,0,0,0,0,6,5,0,0,0,7,0,0,0,19,7,42,40,30,19,16,32,23,0,0,3,11,4,0,8,246,97,390,482,273,169,176,440,283,125,107,132,149,48,17,137,3018
LGA24970,0,0,3,78,248,182,272,232,98,59,157,184,65,25,25,1638,29,31,51,77,277,85,43,21,4,7,0,3,0,0,11,635,0,3,11,78,195,167,519,302,61,81,103,63,47,17,21,1675,0,8,21,88,151,160,317,90,27,31,27,33,17,9,11,979,8,30,154,280,982,977,1995,1014,328,342,487,545,253,43,93,7515,0,0,0,7,106,192,230,139,35,46,46,49,15,7,10,871,0,0,11,29,78,90,160,105,25,23,34,44,25,0,26,657,133,426,851,523,456,294,570,318,63,53,36,46,38,9,112,3917,0,0,14,48,54,65,146,117,37,38,22,47,22,11,6,635,0,0,16,636,1001,412,323,276,101,98,111,100,87,10,71,3248,103,424,720,1171,1290,1264,1443,818,291,279,288,410,170,38,178,8879,515,3007,6329,5447,10395,10600,21735,13625,3882,4302,5180,6099,2529,610,1786,96041
LGA25060,0,0,4,71,175,87,130,123,50,30,60,76,11,9,6,846,25,21,49,27,97,22,22,19,3,0,5,8,0,0,7,308,0,0,0,26,30,29,74,46,12,10,15,17,10,8,0,269,0,4,7,18,34,38,73,36,10,13,18,13,5,4,3,283,0,8,39,57,97,105,138,56,14,28,32,37,12,0,12,638,0,0,0,7,16,14,39,27,8,0,9,4,0,0,5,113,0,0,0,10,21,38,88,63,27,21,27,20,4,0,12,335,78,256,505,320,301,229,452,314,47,50,49,44,36,6,53,2728,0,9,9,36,49,42,100,73,23,19,37,22,24,0,21,475,0,0,0,390,957,398,247,205,50,37,50,78,25,19,66,2522,116,481,695,794,716,869,1142,758,255,280,282,301,105,19,140,6948,484,3369,4726,3031,3907,3327,5221,3783,1053,1068,1300,1313,427,139,730,33873
LGA25150,0,0,0,3,25,12,35,44,6,5,10,9,0,0,4,150,0,0,6,0,14,0,9,4,0,0,0,0,0,0,0,41,0,0,0,4,0,5,12,6,4,0,0,0,0,0,4,41,0,8,0,8,19,8,36,19,0,0,0,0,0,0,0,101,0,4,5,3,6,3,3,30,3,4,7,0,0,0,0,74,0,0,0,0,0,0,0,0,0,0,0,0,0,0,0,3,0,0,0,5,6,0,17,3,5,0,0,0,0,0,0,28,36,160,471,269,151,71,217,81,6,7,10,3,0,0,46,1534,0,0,4,11,6,10,23,26,5,3,5,3,0,0,4,104,0,0,0,10,6,3,13,10,0,5,0,5,0,0,7,60,16,100,174,142,115,70,128,111,24,11,5,8,10,3,22,944,101,465,862,628,543,361,1003,686,149,100,114,141,46,16,142,5365
LGA25250,0,0,5,48,237,167,250,228,60,74,97,132,30,7,31,1377,29,23,39,26,123,45,37,22,3,3,4,3,6,0,14,383,0,0,3,16,50,69,117,66,12,22,16,21,11,6,10,414,0,3,10,26,62,68,138,61,12,26,14,12,12,5,5,451,0,5,26,45,117,176,249,140,50,42,44,47,32,8,11,996,0,0,0,0,24,23,54,46,8,14,17,9,3,0,0,205,0,0,0,7,32,50,115,103,26,25,23,27,5,0,9,434,54,217,460,360,484,490,993,674,145,165,128,125,53,21,99,4468,0,0,22,54,108,133,234,224,47,73,43,79,41,12,17,1069,0,5,5,164,359,205,185,124,41,30,35,52,15,10,34,1252,132,500,849,1229,1174,1114,1438,1243,456,483,440,495,129,37,181,9897,509,4100,6536,4314,4998,5169,9678,7682,2141,2703,2925,3118,1018,275,1260,56428
LGA25340,0,3,6,15,74,53,101,92,39,37,36,48,21,3,22,551,15,29,23,25,89,28,13,9,4,0,0,0,0,0,4,246,0,9,13,27,17,14,16,12,4,3,0,0,0,0,5,117,4,15,37,129,114,122,213,70,13,28,22,17,8,8,11,819,0,28,53,44,43,18,13,13,0,5,0,5,0,0,12,246,0,0,0,0,0,6,4,9,0,0,0,0,0,0,0,25,0,0,0,3,7,24,78,84,15,12,17,15,11,6,12,287,384,1321,3190,2091,1586,963,2454,1053,115,117,78,84,47,19,435,13924,11,12,43,72,87,89,144,76,16,22,19,27,21,8,19,658,0,0,0,23,23,14,15,6,3,5,5,3,8,0,11,125,132,343,526,555,441,284,409,229,64,49,55,62,16,16,89,3269,851,3404,5592,4140,3626,2356,4679,2380,400,383,365,378,194,72,1027,29838
LGA25430,0,0,0,0,3,5,8,4,0,0,0,0,0,0,0,32,0,0,0,0,9,0,0,0,0,0,0,0,0,0,0,12,0,0,0,3,0,0,0,0,0,0,0,0,0,0,0,4,0,0,3,4,14,16,15,0,0,3,0,0,0,0,0,59,0,4,7,0,4,0,0,0,0,0,0,0,0,0,3,23,0,0,0,0,0,0,0,3,0,0,0,0,0,0,0,5,0,0,0,3,3,0,0,4,0,0,0,0,0,0,4,19,20,124,230,162,126,70,96,42,3,9,10,7,0,6,64,962,0,0,16,29,11,9,20,5,0,0,0,0,0,0,5,93,0,0,0,0,0,0,3,0,0,0,0,0,0,0,52,59,12,28,54,45,44,25,57,19,0,5,9,6,0,0,61,361,65,253,415,340,320,231,321,154,20,21,27,28,16,3,312,2521
LGA25490,0,0,0,0,3,4,11,41,9,7,21,8,3,3,0,107,0,0,0,0,0,0,0,0,0,0,0,0,0,0,0,3,0,0,0,0,0,0,0,0,0,0,0,0,0,0,0,7,0,0,0,3,3,7,14,7,0,0,0,5,0,0,0,43,0,0,0,0,0,0,3,3,0,0,0,0,0,0,0,8,0,0,0,0,0,0,6,0,0,0,0,0,0,0,0,6,0,0,0,0,0,0,7,0,0,0,0,3,0,0,0,13,13,56,103,45,39,30,60,32,0,0,0,3,3,0,27,421,0,0,0,8,0,0,8,0,0,0,4,0,0,0,0,35,0,0,0,0,0,0,0,0,0,0,0,0,3,0,0,8,0,5,12,14,0,10,11,5,4,10,0,3,0,0,10,97,22,116,160,120,107,119,263,169,16,24,33,35,24,11,59,1287
LGA25620,0,0,0,0,3,0,5,8,0,0,0,7,0,0,5,38,0,0,0,0,6,3,0,0,0,0,0,0,0,0,0,7,0,0,0,6,0,0,0,0,0,0,0,0,0,0,0,8,0,0,3,9,10,5,16,7,3,3,0,0,0,0,5,58,0,0,3,0,0,4,3,0,0,0,0,3,0,0,0,20,0,0,0,0,0,0,0,0,0,0,0,0,0,0,0,0,0,0,0,0,0,6,0,4,0,0,3,0,0,0,0,16,23,99,214,93,55,31,44,22,4,3,0,0,5,0,52,649,0,0,8,9,0,9,12,4,3,0,0,0,0,0,0,43,0,0,0,7,0,4,3,0,0,0,0,0,3,0,0,11,10,27,34,27,33,25,12,15,6,0,5,6,0,0,14,210,72,229,359,240,177,145,173,105,22,22,21,31,14,0,105,1712
LGA25710,0,0,6,7,37,8,30,23,6,6,3,6,0,0,0,140,3,6,6,3,31,14,9,8,0,0,0,0,0,0,0,82,0,0,4,8,23,15,32,15,3,6,5,0,0,0,0,122,0,0,11,25,28,49,144,45,10,19,11,7,0,0,0,349,0,7,15,16,38,23,57,23,0,0,0,3,0,4,0,190,0,0,0,0,3,7,10,3,0,0,0,3,0,0,0,27,0,0,0,0,9,7,19,19,8,0,4,3,6,0,0,81,45,233,572,388,358,275,745,279,36,23,29,14,13,6,63,3069,0,5,11,43,38,37,69,53,3,3,5,11,8,0,4,290,0,0,0,15,17,8,17,4,4,0,4,0,0,0,4,77,34,120,213,181,190,170,263,133,34,28,17,23,6,0,24,1442,185,860,1468,1129,1296,1048,2320,1092,174,176,135,134,46,9,219,10300
LGA25810,0,0,0,0,4,5,38,21,16,12,14,18,0,0,0,134,0,0,0,0,0,0,0,0,0,0,0,0,0,0,3,9,0,0,0,0,0,4,0,0,0,0,0,0,0,0,0,5,0,0,0,0,0,3,13,5,0,0,0,0,0,0,0,25,0,0,0,0,0,0,0,9,0,5,0,7,0,0,0,16,0,0,0,0,0,0,3,10,11,10,18,26,7,0,0,78,0,0,0,0,0,0,0,9,0,0,0,0,0,0,0,11,11,38,95,34,18,17,15,3,0,6,3,0,0,9,13,261,0,0,0,6,0,0,5,5,0,0,0,0,0,3,0,20,0,0,0,0,0,0,0,3,0,0,0,0,0,0,0,6,6,12,10,10,12,21,22,33,3,4,3,5,3,12,4,151,24,95,139,76,82,76,162,139,42,50,66,78,14,23,40,1098
LGA25900,0,0,3,28,94,81,107,93,39,47,50,64,26,7,9,643,22,52,35,39,174,50,40,28,20,16,13,5,0,0,17,514,0,8,8,18,49,55,113,41,11,7,14,7,12,10,6,362,0,7,21,69,146,143,190,93,24,35,30,36,4,7,7,821,0,4,15,30,39,42,48,38,18,11,5,10,0,0,4,275,0,0,0,0,26,37,24,48,13,4,11,9,0,0,0,179,0,0,5,6,21,39,87,81,20,17,22,33,6,3,4,341,59,238,579,543,505,514,1232,962,251,275,288,368,133,40,88,6075,6,6,35,94,87,139,245,211,48,75,86,100,39,20,22,1207,0,0,0,58,99,56,66,82,16,10,17,18,25,0,7,461,104,200,314,583,645,1023,1224,1210,429,489,547,663,270,49,157,7910,275,1062,2232,2256,3036,3504,6272,5459,1572,1781,2013,2510,887,263,620,33737
LGA25990,0,0,0,0,6,4,6,6,6,0,4,0,0,0,3,33,0,0,0,4,0,0,0,0,0,0,0,0,0,0,0,4,0,0,0,0,0,0,0,0,0,0,0,0,0,0,0,3,0,0,3,0,8,4,3,0,0,0,0,0,0,0,6,17,0,0,0,0,0,0,0,0,0,0,0,0,0,0,0,0,0,0,0,0,0,0,0,0,0,0,0,0,0,0,0,0,0,0,0,0,0,0,0,0,0,0,0,0,0,0,0,5,8,45,111,67,33,7,23,0,0,0,0,0,0,0,20,313,0,0,5,0,0,3,0,3,0,0,0,4,0,0,0,18,0,0,0,0,0,0,0,0,0,0,0,0,0,0,0,3,5,11,15,13,11,3,10,5,0,0,0,0,0,0,22,100,16,89,167,122,95,44,71,16,7,0,8,8,0,0,66,733
LGA26080,0,0,0,0,0,0,0,0,0,0,0,0,0,0,0,0,0,0,0,0,0,0,0,0,0,0,0,0,0,0,0,0,0,3,0,0,0,0,0,0,0,0,0,4,0,0,0,12,0,0,0,0,0,0,0,0,0,0,0,0,0,0,0,3,0,0,5,0,0,0,0,0,0,0,0,0,0,0,0,5,0,0,0,0,0,0,0,0,0,0,0,0,0,0,0,0,0,0,0,0,0,0,0,0,0,0,0,0,0,0,0,0,13,35,42,21,23,4,4,0,0,5,0,0,0,0,6,141,0,0,0,6,3,0,0,0,0,5,0,5,0,0,0,12,0,0,0,0,0,0,0,0,0,0,0,0,0,0,0,0,0,7,0,3,0,0,7,6,0,0,0,0,0,0,3,32,23,72,63,48,47,15,27,14,0,5,3,4,0,0,18,352
LGA26170,0,0,0,3,25,11,20,12,5,0,0,7,15,10,5,124,0,3,4,4,7,3,0,0,0,0,0,0,0,0,0,25,0,0,0,0,0,0,0,0,0,0,0,0,0,0,0,10,0,3,3,12,5,16,13,3,0,4,0,0,4,0,0,71,0,0,7,6,0,0,7,5,0,0,0,5,0,0,0,31,0,0,0,0,0,0,0,0,0,0,0,0,0,0,0,7,0,0,0,0,6,0,3,5,0,3,0,0,0,0,0,27,59,183,431,228,172,53,115,24,4,10,6,0,0,0,62,1347,0,0,7,10,16,7,18,7,9,3,0,0,5,0,0,80,0,0,0,0,0,5,12,5,0,0,0,3,0,0,0,25,9,43,71,37,46,38,46,24,5,12,4,11,0,3,15,367,115,538,720,457,485,240,411,192,45,51,28,41,25,17,148,3524
LGA26260,0,0,0,3,4,0,4,5,7,6,3,6,0,0,0,48,0,0,0,0,0,0,3,0,0,0,0,0,0,0,0,9,0,0,0,0,0,0,0,0,0,0,0,0,0,0,0,7,0,0,0,0,4,3,23,9,0,3,0,5,0,0,6,54,0,0,0,0,0,0,6,4,0,0,0,0,0,0,0,12,0,0,0,0,0,0,0,0,0,0,0,0,0,0,0,7,0,0,0,0,0,0,6,8,0,0,4,0,0,0,3,24,18,60,115,66,32,20,36,22,3,7,7,3,0,0,23,402,0,0,8,10,0,3,7,8,0,8,0,0,0,0,0,32,0,0,0,0,0,0,3,0,0,0,0,0,0,0,0,8,0,9,5,14,10,13,31,15,6,5,9,4,3,0,4,134,26,129,168,131,90,99,244,147,23,37,50,38,12,8,67,1276
LGA26350,0,0,6,26,82,64,114,113,38,40,55,80,19,6,11,651,80,54,42,23,91,37,23,11,3,7,4,3,0,0,11,399,8,0,22,30,71,70,160,89,22,29,22,20,12,6,4,564,4,10,23,91,225,155,190,72,20,20,22,27,21,6,9,914,4,12,38,81,104,84,108,80,28,24,20,32,11,0,8,636,0,0,0,6,36,32,47,52,19,19,14,15,3,4,3,255,0,0,7,6,36,40,106,72,30,38,14,25,10,0,4,395,108,274,521,460,376,401,753,607,155,195,220,264,93,45,79,4539,12,10,33,80,78,116,185,180,34,48,61,71,58,20,19,1004,0,0,5,137,165,64,88,75,19,20,27,32,13,0,16,657,158,278,296,457,525,814,801,740,266,293,308,432,159,47,96,5673,565,1435,2492,2306,3288,3606,5461,4777,1398,1705,1842,2324,924,307,553,32970
LGA26430,0,0,0,0,7,9,13,12,0,3,0,3,0,0,6,64,0,0,4,0,0,0,3,0,0,0,0,0,0,0,0,8,0,0,0,3,0,0,0,0,0,0,0,0,0,0,0,0,0,0,0,0,3,0,0,3,0,0,0,0,0,0,0,10,0,0,0,0,0,0,0,7,0,0,0,0,0,0,0,12,0,0,0,0,0,0,0,0,0,0,0,0,0,0,0,4,0,0,0,0,0,0,11,0,0,0,0,3,0,0,3,25,16,60,132,53,34,15,18,13,7,9,4,9,0,0,21,389,0,0,3,3,6,4,8,0,0,0,3,0,0,0,0,23,0,0,0,0,0,5,5,4,0,0,0,0,0,0,0,12,4,21,26,22,20,6,18,8,5,0,9,3,0,0,3,145,32,145,215,123,110,71,126,106,33,20,34,32,11,0,54,1126
LGA26490,0,0,0,5,4,9,18,12,0,0,3,3,4,0,0,62,3,3,3,5,11,0,0,0,0,4,0,0,0,0,0,34,0,5,4,4,4,3,4,0,0,0,0,0,0,5,0,18,0,0,0,15,28,29,76,29,5,3,6,4,4,0,0,207,0,0,3,3,3,0,0,0,0,0,0,3,0,0,0,23,0,0,0,0,0,0,0,0,0,0,0,0,0,0,0,5,0,0,0,0,4,4,9,5,3,0,3,3,0,0,0,35,49,146,306,192,162,98,323,191,29,11,18,21,9,4,46,1596,0,0,4,25,17,18,39,42,0,9,6,8,3,5,3,187,0,0,0,0,6,0,0,4,0,0,0,0,0,0,0,15,28,60,65,52,56,52,97,106,14,23,14,39,10,5,17,631,131,436,546,449,441,374,862,608,100,85,93,132,59,22,110,4439
LGA26610,0,0,0,0,14,13,30,41,11,11,19,20,5,0,8,185,0,0,0,0,0,0,0,0,0,0,0,0,0,0,0,0,0,0,0,0,0,0,0,0,0,0,0,0,0,0,0,7,0,0,0,0,0,10,13,13,0,0,0,19,8,0,3,76,0,0,0,0,0,0,11,10,0,3,0,4,0,0,0,35,0,0,0,0,0,0,7,8,8,3,5,8,5,0,5,50,0,0,0,0,0,10,46,40,9,8,4,3,0,0,9,128,4,26,57,21,17,11,22,11,0,0,9,6,0,0,7,211,0,0,0,3,0,0,8,3,0,0,0,0,0,0,0,23,0,0,0,4,40,45,57,35,9,59,48,22,10,0,23,352,0,3,18,25,48,59,78,44,15,10,19,97,23,40,77,559,32,167,175,83,170,205,526,539,198,298,357,419,110,61,231,3567
LGA26670,0,0,0,0,0,6,0,7,0,7,3,5,0,6,0,33,0,0,0,0,3,0,0,0,0,0,0,0,0,0,0,3,0,0,0,0,0,0,0,0,0,0,0,0,0,0,0,0,0,0,0,5,0,0,0,5,0,0,0,0,0,0,0,13,0,0,0,0,0,0,0,0,0,3,0,0,0,0,0,7,0,0,0,0,0,0,0,0,0,0,0,0,0,0,0,0,0,0,0,0,0,0,0,0,0,0,0,0,0,0,0,0,12,25,39,29,19,4,18,13,0,5,0,0,0,0,8,168,0,0,0,7,0,0,5,5,0,0,0,0,0,0,0,18,0,0,0,0,0,0,0,0,0,0,0,0,0,0,0,0,8,13,13,7,9,5,5,6,0,0,4,6,4,11,3,79,32,80,71,77,61,31,51,47,4,19,11,10,11,12,17,527
LGA26700,0,0,0,4,27,13,10,28,19,7,10,30,17,3,9,175,0,0,0,0,0,0,0,0,0,0,0,0,0,0,0,8,0,0,0,3,0,0,0,7,0,0,0,0,3,0,0,13,0,0,0,7,7,9,24,6,3,6,0,0,0,0,0,68,0,0,6,3,4,0,17,5,10,10,3,0,3,0,0,50,0,0,0,0,0,4,0,9,3,0,0,0,0,0,0,11,0,0,0,0,0,4,12,20,3,4,6,3,3,0,5,61,24,104,207,93,71,44,59,33,5,3,0,0,11,0,32,696,0,0,0,8,5,7,14,9,0,0,0,4,0,0,3,60,0,0,0,0,0,0,4,5,5,0,4,0,0,0,6,25,19,22,53,36,40,19,39,33,4,5,9,12,4,0,9,319,94,409,411,257,208,163,350,264,97,76,92,109,56,16,105,2700
LGA26730,0,0,0,4,20,17,35,38,16,16,22,30,7,0,3,221,3,0,0,0,4,0,3,0,0,0,0,0,0,0,0,11,0,0,0,0,0,0,5,0,0,0,0,4,0,0,0,12,0,0,0,3,7,14,34,19,9,5,3,23,0,10,0,121,0,4,0,0,6,3,23,40,11,4,4,14,4,0,0,115,0,0,0,0,0,0,6,18,0,12,9,4,0,0,0,57,0,0,0,0,0,3,24,18,13,8,12,5,0,0,0,82,22,105,237,88,75,45,86,58,4,6,5,13,0,0,24,772,0,0,6,11,10,6,9,14,5,0,0,3,0,3,0,70,0,0,0,0,3,0,5,9,5,16,16,60,6,0,5,113,8,5,28,26,30,36,82,56,8,15,28,62,29,4,9,415,44,216,337,215,255,264,611,441,121,148,214,317,80,27,93,3401
LGA26810,0,0,0,6,28,23,23,78,28,14,23,25,20,8,8,290,10,0,0,3,5,4,0,0,0,0,0,0,0,0,3,36,0,0,0,8,4,0,8,9,0,0,0,0,0,0,0,24,0,5,7,10,11,4,46,4,7,0,15,0,12,0,5,135,0,5,8,0,3,6,18,24,5,0,0,6,0,0,3,77,0,0,0,0,0,0,4,13,0,0,3,3,0,0,7,33,0,0,0,0,4,0,17,18,7,7,3,9,0,0,3,73,59,237,510,231,139,80,145,63,10,15,17,5,9,0,80,1596,0,0,11,18,11,16,22,17,0,4,7,7,0,0,3,108,0,0,0,4,19,6,16,13,4,4,0,3,4,0,69,152,23,44,81,77,68,54,69,43,6,9,15,18,12,3,66,584,164,608,799,552,441,351,668,479,95,97,139,141,84,19,412,5044
LGA26890,0,0,0,0,0,0,0,4,0,0,3,4,6,0,0,23,0,0,0,0,0,0,0,0,0,0,0,0,0,0,0,0,0,0,0,0,0,0,0,0,0,0,0,0,0,0,0,0,0,0,0,0,0,0,9,0,0,0,0,3,0,0,0,8,0,0,0,0,0,0,0,0,0,0,0,0,0,0,0,0,0,0,0,0,0,0,0,0,0,0,0,0,0,0,0,0,0,0,0,0,0,0,0,0,0,0,0,0,0,0,0,0,3,11,40,11,7,3,4,0,0,0,0,3,0,0,7,95,0,0,0,7,0,0,0,0,0,0,0,0,0,0,0,9,0,0,0,0,0,0,0,0,0,0,0,0,0,0,0,0,0,3,0,3,0,0,0,4,0,0,0,0,0,0,0,26,14,26,47,34,31,21,29,13,6,9,12,16,3,3,11,269
LGA26980,0,0,7,46,254,117,268,225,62,101,88,139,64,14,24,1396,16,31,39,40,141,38,22,11,0,7,0,0,3,0,7,354,0,9,22,84,152,118,391,174,37,43,40,49,10,17,12,1162,0,7,21,97,147,98,273,68,15,19,19,28,7,0,3,806,7,19,88,113,355,274,482,338,127,156,205,243,97,14,41,2553,0,0,0,15,131,236,242,210,46,53,51,36,12,0,24,1063,0,0,6,26,64,80,171,90,24,28,25,29,7,6,17,572,163,545,926,639,525,383,658,283,37,46,43,51,16,8,115,4423,0,10,18,47,59,93,150,104,22,18,18,35,17,7,14,613,0,0,5,712,807,242,264,216,59,89,85,90,37,0,52,2653,117,356,478,758,771,637,908,581,173,160,184,225,102,23,113,5577,553,2453,3698,4091,7524,7318,16362,11085,2873,3541,3571,4023,1472,322,1412,70292
LGA27070,0,0,8,86,548,313,832,674,131,125,145,144,59,15,52,3126,5,7,37,27,84,42,21,26,0,0,4,0,0,0,4,259,0,0,0,20,37,44,200,96,19,23,31,29,10,3,0,517,0,0,0,24,40,74,248,121,16,10,28,21,12,0,9,608,0,9,14,72,332,591,1294,705,130,153,148,143,71,14,44,3717,0,0,0,0,13,34,51,43,9,0,6,9,8,6,0,173,0,0,0,9,62,48,162,121,30,21,29,19,6,0,18,540,41,252,742,454,376,207,584,372,43,58,51,32,4,8,73,3292,0,4,14,19,31,43,110,75,24,20,11,14,6,0,10,387,0,0,6,274,1084,687,674,442,96,66,78,86,37,15,134,3681,60,497,1095,1454,1553,1869,2722,1780,435,515,424,378,133,31,254,13204,342,3507,8658,6032,7624,8585,21104,14206,2959,3122,3435,3610,1089,284,1760,86334
LGA27170,0,0,0,7,34,22,55,90,29,4,14,15,8,8,7,288,7,3,3,0,6,4,0,0,0,0,0,0,0,0,0,27,0,0,0,7,3,0,4,0,0,0,0,0,0,0,0,19,0,0,0,10,5,6,55,10,0,0,11,0,0,0,0,96,0,0,5,0,0,0,21,17,7,0,0,0,0,8,0,62,0,0,0,0,0,0,0,9,0,0,7,0,0,0,0,18,0,0,0,0,0,10,13,11,3,0,5,0,0,0,3,45,38,112,276,121,117,54,132,50,9,6,12,13,12,10,35,1000,0,0,10,8,8,3,14,25,3,0,3,4,0,0,0,76,0,0,0,3,0,0,7,11,0,33,54,63,3,0,4,187,34,90,102,80,51,41,182,144,56,55,122,86,23,4,23,1102,144,470,598,374,395,289,858,662,169,186,277,237,80,42,122,4910
LGA27260,0,0,10,125,889,828,2613,1525,359,323,309,400,154,25,90,7645,8,13,25,44,244,87,51,25,3,3,0,3,4,3,9,533,0,4,3,30,48,89,586,299,61,86,43,81,40,3,12,1371,0,7,16,42,64,111,524,311,76,128,77,134,39,11,21,1564,0,6,12,34,138,324,1129,671,113,127,135,172,56,19,27,2960,0,0,0,4,19,44,80,102,11,18,10,23,0,0,3,322,0,0,0,15,59,106,817,472,164,124,132,122,36,3,30,2094,76,448,1353,715,611,315,1188,789,108,92,77,122,43,24,121,6082,0,7,15,33,39,55,203,168,27,35,43,53,15,9,13,724,0,0,0,178,501,419,537,387,80,88,56,80,49,18,89,2483,58,403,904,1120,1766,2785,6982,3989,970,836,858,959,313,118,506,22560,356,1808,3846,3635,6706,10092,45263,30470,7201,7267,7946,8997,2998,993,2529,140117
LGA27350,0,0,0,12,85,70,87,57,28,30,46,40,7,11,12,487,8,8,8,12,47,14,15,19,5,3,0,3,0,0,3,149,0,0,16,15,33,52,79,57,14,12,5,19,3,11,0,304,0,4,17,31,68,96,127,53,24,11,9,12,10,0,4,466,0,3,4,22,56,44,56,32,12,10,20,10,7,0,6,273,0,0,0,3,20,26,39,29,15,6,8,14,9,0,0,165,0,0,6,10,16,44,81,52,14,23,7,17,3,3,5,283,58,163,420,328,424,476,728,629,179,241,264,296,111,49,67,4450,0,0,20,54,83,140,185,190,60,66,93,104,64,29,27,1117,0,0,4,312,702,565,345,177,44,38,42,51,27,19,69,2398,36,121,242,324,471,658,1025,755,249,232,298,317,130,36,92,4983,187,941,1803,1712,2994,3495,4630,3614,1051,1134,1358,1495,617,275,515,25823
LGA27450,0,0,3,15,100,99,133,92,30,31,30,19,6,8,15,578,6,20,31,26,103,29,39,21,0,0,0,0,0,0,4,276,0,8,4,18,19,19,50,24,8,10,0,5,3,0,7,174,0,5,17,123,141,163,263,72,26,7,12,22,5,0,12,863,0,10,51,47,50,39,101,55,22,3,16,19,5,0,4,419,0,0,0,6,10,18,9,10,0,0,8,5,0,0,0,58,0,0,3,3,21,30,130,62,24,16,14,13,5,0,12,336,201,893,2645,1533,1107,586,1125,419,61,22,25,48,17,14,210,8897,5,9,29,63,46,72,154,83,14,13,14,16,7,8,13,548,0,0,0,21,20,11,38,20,8,6,10,16,0,3,7,167,85,265,370,363,401,365,902,745,104,96,159,129,30,9,59,4080,544,2728,4311,3092,3120,2324,4855,2736,511,373,461,459,163,71,532,26283
LGA27630,0,0,0,0,6,0,0,16,0,0,3,0,0,0,0,30,0,0,0,0,0,3,0,0,0,0,0,0,0,0,0,6,0,0,0,0,0,0,0,0,0,0,0,0,0,0,0,0,0,0,0,5,0,0,0,0,0,0,0,0,0,0,0,5,0,0,0,0,0,0,0,0,3,0,0,0,0,0,0,3,0,0,0,0,0,0,0,0,0,0,0,0,0,0,0,0,0,0,0,0,0,0,3,0,0,0,0,0,4,0,0,13,6,22,51,16,11,9,4,0,0,0,0,0,0,0,7,117,0,0,0,0,0,0,6,0,0,0,0,0,0,0,0,12,0,0,0,0,0,0,0,0,0,0,0,0,0,0,0,0,5,5,8,8,3,6,14,8,5,0,0,4,0,0,0,65,16,51,74,52,46,28,61,36,9,10,10,10,3,0,24,438
LGA29399,0,0,0,0,0,0,0,0,0,0,0,6,0,0,0,4,0,0,0,0,0,0,0,0,0,0,0,0,0,0,0,0,0,0,0,0,0,0,0,0,0,0,0,0,0,0,0,0,0,0,0,0,0,0,0,0,0,0,0,0,0,0,0,6,0,0,0,0,0,0,0,0,0,0,0,0,0,0,0,0,0,0,0,0,0,0,4,0,0,0,0,15,4,0,0,18,0,0,0,0,0,0,0,0,0,0,0,0,0,0,0,0,0,0,3,6,0,0,4,0,0,0,0,3,3,0,0,22,0,0,0,0,0,0,5,0,0,0,0,0,0,0,0,7,0,0,0,0,0,0,0,0,0,0,0,0,0,0,0,0,0,0,5,0,0,4,4,7,0,0,0,14,8,0,0,35,0,0,11,14,7,9,17,12,0,0,3,51,8,0,5,144
LGA29499,0,0,0,0,4,4,5,8,5,4,4,0,0,3,0,46,0,0,0,4,0,0,0,0,0,0,0,0,0,0,0,10,0,0,0,0,0,0,4,0,0,0,0,0,0,3,0,12,0,0,0,0,0,9,6,8,4,0,0,0,0,5,0,28,0,0,0,0,3,4,5,3,0,3,0,0,0,3,0,33,0,0,0,0,0,0,0,0,0,0,0,4,3,0,3,15,0,0,0,0,5,0,6,0,0,0,0,0,0,0,0,13,3,11,40,24,23,21,25,10,0,8,7,15,6,17,3,206,0,0,0,0,0,0,12,3,0,0,0,0,0,11,0,36,0,0,0,0,0,5,3,4,0,5,3,0,0,0,5,38,0,8,14,24,25,20,65,43,0,6,20,30,17,30,16,322,6,34,98,79,101,125,230,164,31,55,80,106,62,133,74,1390
LGA29799,0,0,0,0,0,0,0,0,0,0,0,0,0,0,0,5,0,0,0,0,0,0,0,0,0,0,0,0,0,0,0,0,0,0,0,0,0,0,0,0,0,0,0,0,0,0,0,0,0,0,0,0,0,0,0,0,0,0,0,0,0,0,0,0,0,0,0,0,0,0,0,0,0,0,0,0,0,0,0,0,0,0,0,0,0,0,0,0,0,0,0,0,0,0,0,0,0,0,0,0,0,0,0,0,0,0,0,0,0,0,0,0,0,0,0,0,0,0,0,0,0,0,0,0,0,0,0,0,0,0,0,0,0,0,0,0,0,0,0,0,0,0,0,0,0,0,0,0,0,0,0,0,0,0,0,0,0,0,0,0,0,0,0,0,0,0,0,0,0,0,0,0,0,0,0,0,0,0,0,0,0,0,0,0,0,0,0,0,0,0,0,3
