,lga_name,cost,beds,baths,parkings,nearest_station,nearest_park,nearest_shop,nearest_hospital,nearest_school,nearest_supermarket,distance_to_cbd,year,offence_count,population,weekly_income
0,alpine,270,2.0,1.0,2.0,46.42833333333333,5.346666666666667,38.88,29.88833333333333,2.5266666666666664,2.4466666666666668,999.0,2017,396,13113.0,592.3420006421975
1,ararat,260,3.0,1.0,1.0,2.428333333333333,28.92833333333333,2.536666666666666,999.0,1.4333333333333331,3.033333333333333,999.0,2017,1249,11613.0,579.6928550718094
2,ballarat,280,3.0,2.0,2.0,7.341666666666667,9.785,6.483333333333333,24.81,2.235,4.776666666666667,999.0,2017,11885,152520.0,617.844766161167
3,banyule,395,3.0,1.0,1.0,2.8766666666666665,11.215,9.528333333333334,5.3533333333333335,1.76,2.6300000000000003,23.14,2017,9703,129192.0,762.0602734791266
4,bass coast,285,3.0,2.0,2.0,86.75,32.095,22.93,39.63,3.885,7.376666666666667,116.675,2017,2613,34166.0,528.836270872012
5,baw baw,320,3.0,1.0,2.0,3.841666666666667,59.77333333333333,10.885,16.663333333333334,2.1366666666666663,4.1866666666666665,84.09833333333333,2017,4019,50790.0,610.8182677167333
6,bayside (vic.),550,3.0,2.0,2.0,3.425,10.456666666666669,10.056666666666668,11.656666666666666,1.9883333333333333,3.0966666666666667,31.186666666666667,2017,5315,104274.0,934.0162291681688
7,benalla,250,3.0,1.0,2.0,5.575,64.175,33.553333333333335,53.156666666666666,1.8766666666666665,4.84,999.0,2017,1354,14050.0,558.5923429801122
8,boroondara,430,3.0,2.0,2.0,2.958333333333333,7.47,5.25,8.808333333333334,1.4533333333333334,2.0983333333333336,17.675,2017,8428,231424.0,906.094961258824
9,brimbank,350,3.0,1.0,1.0,4.4,16.438333333333333,5.04,10.2,2.125,3.28,30.26833333333333,2017,18514,235164.0,509.60233705258497
10,buloke,180,2.0,1.0,1.0,62.25333333333333,56.165,67.075,71.84166666666667,0.9433333333333334,1.4116666666666666,999.0,2017,185,6208.0,498.9839856172292
11,campaspe,260,2.0,1.0,1.0,2.123333333333333,85.25333333333333,2.8583333333333334,31.51333333333333,1.7233333333333334,23.956666666666667,999.0,2017,3665,37805.0,580.9323768566135
12,cardinia,350,4.0,2.0,2.0,5.383333333333334,22.023333333333333,9.581666666666669,28.65833333333333,3.0933333333333333,5.213333333333334,51.87,2017,6844,234159.0,707.8273425560541
13,casey,380,4.0,2.0,2.0,8.606666666666666,11.041666666666666,7.9766666666666675,24.808333333333334,2.756666666666667,4.031666666666667,47.2,2017,24490,506624.0,666.3406859949795
14,central goldfields,230,3.0,1.0,1.0,3.418333333333333,23.87,3.0,47.086666666666666,2.4233333333333333,2.42,999.0,2017,1374,13355.0,461.7685437011915
15,colac otway,280,3.0,1.0,1.0,64.52333333333334,46.11,64.445,45.306666666666665,2.533333333333333,3.625,999.0,2017,2179,21434.0,597.9213289086254
16,corangamite,235,2.0,1.0,1.0,1.28,86.32833333333333,33.95666666666667,18.27833333333333,1.8033333333333328,1.39,999.0,2017,1053,16170.0,568.6476825990219
17,darebin,385,2.0,1.0,1.0,3.2583333333333333,10.29,6.891666666666667,8.883333333333333,1.975,2.3366666666666664,17.515,2017,16746,240366.0,690.4440006489982
18,east gippsland,280,3.0,1.0,2.0,20.41166666666667,64.45166666666667,19.496666666666663,87.96499999999999,3.3016666666666667,9.421666666666663,999.0,2017,3926,46274.0,524.0634552399229
19,frankston,350,3.0,2.0,2.0,6.343333333333334,19.916666666666668,6.726666666666668,22.41166666666667,2.8583333333333334,3.745,47.66833333333333,2017,16647,140739.0,686.7431315211896
20,gannawarra,208,2.0,1.0,1.0,40.975,102.725,49.443333333333335,999.0,1.5733333333333337,1.9383333333333328,999.0,2017,655,10565.0,515.1739285564393
21,glen eira,420,2.0,1.0,1.0,2.455,10.978333333333332,7.61,5.993333333333334,1.4333333333333331,1.856666666666667,24.44,2017,7627,151439.0,823.153502745969
22,glenelg,230,3.0,1.0,2.0,80.72833333333332,68.40166666666667,5.883333333333334,22.098333333333336,2.745,4.760000000000001,999.0,2017,1698,19666.0,555.3513431235162
23,golden plains,350,4.0,2.0,2.0,31.741666666666667,58.59333333333333,29.55333333333333,63.49333333333333,4.71,17.07,88.5,2017,818,22574.0,656.3266928499112
24,greater bendigo,290,3.0,1.0,1.0,5.628333333333333,40.623333333333335,6.739999999999999,6.788333333333333,2.4633333333333334,4.75,999.0,2017,10669,114078.0,628.8664685673143
25,greater dandenong,350,3.0,1.0,1.0,4.246666666666667,7.838333333333334,5.078333333333333,5.051666666666667,1.721666666666667,2.521666666666667,34.72,2017,20312,225660.0,500.671168212586
26,greater geelong,330,3.0,2.0,2.0,7.213333333333334,54.435,8.07,51.888333333333335,2.5050000000000003,3.868333333333333,70.96499999999999,2017,22492,327258.0,630.5307456124626
27,greater shepparton,270,3.0,1.0,1.0,6.151666666666667,31.096666666666668,8.055,7.955,2.165,7.818333333333333,999.0,2017,8425,89353.0,610.9390138973711
28,hepburn,340,3.0,1.0,1.0,27.435,30.91,39.37166666666667,28.40333333333333,2.5933333333333333,3.691666666666667,87.72666666666667,2017,891,17093.0,556.4474437646937
29,hindmarsh,190,3.0,1.0,2.0,2.746666666666667,49.973333333333336,54.10333333333333,26.211666666666662,1.4316666666666669,26.841666666666665,999.0,2017,412,6882.0,523.4344282917792
30,hobsons bay,400,3.0,1.0,2.0,3.0683333333333334,4.95,7.458333333333333,8.75,1.6333333333333333,2.998333333333333,23.15,2017,6418,89723.0,741.5702229800943
31,horsham,245,3.0,1.0,1.0,3.455,59.575,4.13,28.85333333333333,2.9916666666666667,25.506666666666668,999.0,2017,2606,19940.0,645.2850319157744
32,hume,360,3.0,2.0,2.0,7.739999999999999,28.2,7.305000000000001,21.541666666666668,2.618333333333333,5.13,42.02666666666666,2017,22304,303670.0,553.7692886990576
33,indigo,280,3.0,1.0,1.0,22.205,47.263333333333335,32.87,60.71666666666667,1.63,2.53,999.0,2017,441,16381.0,666.1478451440264
34,kingston (vic.),420,3.0,1.0,1.0,2.8116666666666665,14.413333333333332,8.561666666666667,17.63,2.015,3.3316666666666666,43.998333333333335,2017,11667,161056.0,735.7953357659153
35,knox,400,3.0,2.0,2.0,7.406666666666666,10.496666666666666,6.748333333333333,7.823333333333333,2.3,3.4650000000000003,36.0,2017,12285,161813.0,688.6937278920266
36,latrobe (vic.),240,3.0,1.0,1.0,4.489999999999999,16.255,5.305000000000001,45.10333333333333,2.265,3.843333333333333,999.0,2017,14399,102408.0,564.4099605048189
37,loddon,190,3.0,1.0,2.0,22.596666666666668,65.99333333333333,38.91666666666666,34.580000000000005,8.81,25.956666666666667,999.0,2017,487,7052.0,483.23174576745726
38,macedon ranges,380,4.0,2.0,2.0,9.605,38.78833333333333,19.285,33.038333333333334,2.0266666666666664,2.931666666666666,65.45833333333333,2017,2309,48419.0,731.9356678197603
39,manningham,450,3.0,2.0,2.0,9.175,6.0633333333333335,5.326666666666667,5.363333333333333,2.17,2.425,22.861666666666668,2017,5227,124323.0,652.5666506669537
40,mansfield,290,3.0,1.0,2.0,61.94166666666667,94.58333333333331,6.508333333333334,137.57666666666668,2.803333333333333,6.571666666666667,999.0,2017,610,9074.0,604.9576866869161
41,maribyrnong,380,2.0,1.0,1.0,3.228333333333333,7.721666666666667,3.355,13.851666666666668,1.7383333333333333,2.2783333333333333,16.848333333333333,2017,9186,89361.0,748.979140789597
42,maroondah,380,3.0,2.0,2.0,3.99,9.695,5.401666666666667,10.828333333333337,2.975,2.5733333333333333,34.85166666666667,2017,9333,115961.0,724.5582465057092
43,melbourne,470,2.0,1.0,0.0,2.2666666666666666,6.266666666666667,2.1733333333333333,5.17,1.53,0.9233333333333332,4.556666666666667,2017,37318,352499.0,695.6515287904821
44,melton,350,4.0,2.0,2.0,8.056666666666667,18.72833333333333,8.04,29.69333333333333,3.26,5.385000000000001,41.255,2017,11626,296755.0,681.8129160340143
45,mildura,280,3.0,1.0,2.0,999.0,999.0,6.183333333333334,999.0,2.2883333333333336,3.606666666666667,999.0,2017,6736,55151.0,580.3717712426508
46,mitchell,330,4.0,2.0,2.0,8.263333333333334,23.97,24.558333333333334,35.75333333333333,3.66,7.193333333333333,55.961666666666666,2017,4617,42911.0,674.0240691980325
47,moira,240,3.0,1.0,2.0,47.19666666666667,47.67166666666667,14.746666666666666,59.89,2.066666666666667,33.04666666666667,999.0,2017,1986,29655.0,543.4945064578437
48,monash,430,3.0,2.0,1.0,3.733333333333333,15.915,5.29,5.816666666666666,2.253333333333333,2.8266666666666667,28.148333333333333,2017,11518,222303.0,601.9550777836564
49,moonee valley,395,2.0,1.0,1.0,3.6666666666666665,7.223333333333333,5.371666666666667,10.991666666666667,1.8766666666666665,2.845,17.91,2017,9772,182878.0,781.9302656091076
50,moorabool,335,3.0,2.0,2.0,5.985,30.9,16.125,22.62833333333333,4.135,5.416666666666667,52.013333333333335,2017,2484,33528.0,665.355657293969
51,moreland,400,2.0,1.0,1.0,2.953333333333333,4.3566666666666665,4.343333333333334,4.366666666666666,1.7633333333333332,1.6983333333333337,15.785,2017,14384,282176.0,722.5352775021497
52,mornington peninsula,380,3.0,2.0,2.0,25.385,19.096666666666668,11.188333333333333,22.075,3.591666666666667,4.375,69.45333333333333,2017,11745,189344.0,654.2584959301164
53,mount alexander,320,3.0,1.0,2.0,6.141666666666667,8.216666666666667,26.641666666666666,8.09,1.9766666666666663,20.2,999.0,2017,1169,19590.0,572.8252204335671
54,moyne,280,3.0,1.0,1.0,29.15666666666667,75.18166666666666,36.32666666666667,21.45,1.585,10.601666666666668,999.0,2017,620,16349.0,646.9525431284424
55,murrindindi,280,3.0,1.0,1.0,47.72833333333333,46.70166666666667,41.59666666666667,47.43333333333333,3.915,21.633333333333333,101.69833333333332,2017,688,14232.0,575.1526404074382
56,nillumbik,390,3.0,1.0,2.0,6.236666666666666,15.733333333333333,13.101666666666668,20.46833333333333,2.2383333333333337,3.3833333333333333,39.29,2017,2883,64559.0,816.7475954362358
57,northern grampians,210,1.0,1.0,1.0,2.455,4.05,29.265,79.69833333333332,1.01,2.8366666666666664,999.0,2017,1303,11499.0,538.3646410204259
58,port phillip,430,2.0,1.0,1.0,4.2,10.71,7.611666666666666,9.503333333333334,1.7816666666666667,1.9883333333333333,13.625,2017,13424,139494.0,1124.6935868381047
59,pyrenees,190,3.0,1.0,2.0,26.756666666666668,2.881666666666667,26.063333333333333,54.88166666666667,2.393333333333333,1.595,999.0,2017,554,7816.0,491.6876631879527
61,south gippsland,260,3.0,1.0,1.0,51.62833333333333,45.66666666666666,21.336666666666662,72.44166666666666,2.6866666666666665,3.695,999.0,2017,1530,29559.0,558.7630619432283
62,southern grampians,210,2.0,1.0,1.0,78.26333333333334,21.466666666666665,2.43,46.22666666666667,1.6366666666666667,2.53,999.0,2017,1379,16201.0,598.7333120392243
63,stonnington,450,2.0,1.0,1.0,2.118333333333333,6.081666666666666,3.755,7.196666666666667,1.93,1.87,14.388333333333332,2017,11484,137379.0,1088.130617286109
64,strathbogie,265,1.0,1.0,1.0,1.9183333333333328,62.44833333333334,38.01166666666666,44.806666666666665,0.5266666666666667,2.4883333333333337,999.0,2017,669,10486.0,565.8961645141139
65,surf coast,440,3.0,2.0,2.0,16.1,55.13166666666667,18.351666666666667,54.0,2.9016666666666664,4.433333333333334,83.01666666666667,2017,1286,31060.0,761.2857186934581
66,swan hill,240,3.0,2.0,2.0,4.766666666666667,999.0,3.585,61.54666666666667,2.216666666666667,3.943333333333333,999.0,2017,2245,20853.0,604.788609609999
67,towong,250,2.0,1.0,1.0,52.48,128.80666666666667,49.495,2.5166666666666666,1.305,2.0216666666666665,999.0,2017,216,6013.0,562.7647284478595
68,wangaratta,268,3.0,1.0,2.0,6.3566666666666665,45.52666666666666,4.5616666666666665,70.16666666666667,2.425,4.628333333333333,999.0,2017,2554,28857.0,619.3276288273839
69,warrnambool,290,2.0,1.0,1.0,5.256666666666666,80.49833333333332,3.7233333333333336,36.318333333333335,2.055,3.558333333333333,999.0,2017,3331,34898.0,643.9307063277836
70,wellington,260,3.0,1.0,1.0,11.693333333333332,57.00833333333333,15.216666666666669,32.41,2.246666666666667,2.296666666666667,999.0,2017,4597,43709.0,580.0083303907628
71,west wimmera,200,1.0,1.0,0.0,78.16166666666666,999.0,76.20666666666666,98.705,1.4766666666666666,0.1966666666666666,999.0,2017,208,2751.0,581.7036768707706
72,whitehorse,430,2.0,2.0,1.0,4.331666666666666,9.073333333333332,7.393333333333333,6.623333333333333,2.2983333333333333,2.731666666666667,26.305,2017,8308,173958.0,647.9603608693822
73,whittlesea,360,3.0,2.0,2.0,6.001666666666667,18.76833333333333,7.521666666666666,22.57,2.6766666666666667,3.71,35.598333333333336,2017,16421,283160.0,617.6799186899601
74,wodonga,295,3.0,2.0,2.0,10.213333333333331,999.0,5.975,81.82166666666667,2.803333333333333,3.89,999.0,2017,3297,66402.0,698.3724414619528
75,wyndham,365,4.0,2.0,2.0,6.44,12.295,7.668333333333334,13.736666666666668,2.543333333333333,3.648333333333333,34.695,2017,14827,496993.0,713.353586977068
76,yarra,500,2.0,1.0,1.0,3.283333333333333,6.468333333333334,4.3100000000000005,4.795,1.6033333333333333,1.3716666666666666,9.305,2017,13759,130350.0,1090.6114052128723
77,yarra ranges,380,3.0,2.0,2.0,4.1883333333333335,15.453333333333337,6.746666666666667,9.856666666666666,2.313333333333333,3.796666666666667,44.11833333333333,2017,8860,156251.0,693.0793178668911
78,yarriambiack,175,3.0,1.0,1.0,30.72833333333333,60.41666666666666,42.66666666666666,31.62833333333333,1.5799999999999998,3.083333333333333,999.0,2017,429,6632.0,515.27752148044
79,alpine,288,2.0,1.0,2.0,46.42833333333333,5.346666666666667,38.88,29.88833333333333,2.5266666666666664,2.4466666666666668,999.0,2018,483,13183.0,624.3221454177956
80,ararat,275,3.0,1.0,1.0,2.428333333333333,28.92833333333333,2.536666666666666,999.0,1.4333333333333331,3.033333333333333,999.0,2018,1238,11653.0,604.3953349304062
81,ballarat,300,3.0,2.0,2.0,7.341666666666667,9.785,6.483333333333333,24.81,2.235,4.776666666666667,999.0,2018,11446,154941.0,647.0036526656729
82,banyule,400,3.0,1.0,1.0,2.8766666666666665,11.215,9.528333333333334,5.3533333333333335,1.76,2.6300000000000003,23.14,2018,9558,130537.0,797.71409397676
83,bass coast,310,3.0,2.0,2.0,86.75,32.095,22.93,39.63,3.885,7.376666666666667,116.675,2018,2412,34983.0,551.6130204927339
84,baw baw,330,3.0,1.0,2.0,3.841666666666667,59.77333333333333,10.885,16.663333333333334,2.1366666666666663,4.1866666666666665,84.09833333333333,2018,3977,52086.0,637.7759934640528
85,bayside (vic.),570,3.0,2.0,2.0,3.425,10.456666666666669,10.056666666666668,11.656666666666666,1.9883333333333333,3.0966666666666667,31.186666666666667,2018,4796,105671.0,972.5599959303512
86,benalla,260,3.0,1.0,2.0,5.575,64.175,33.553333333333335,53.156666666666666,1.8766666666666665,4.84,999.0,2018,1333,14057.0,581.0528969013246
87,boroondara,450,3.0,2.0,2.0,2.958333333333333,7.47,5.25,8.808333333333334,1.4533333333333334,2.0983333333333336,17.675,2018,7080,234511.0,944.7733933471
88,brimbank,360,3.0,1.0,1.0,4.4,16.438333333333333,5.04,10.2,2.125,3.28,30.26833333333333,2018,17625,239363.0,533.2536795266046
89,buloke,195,2.0,1.0,1.0,62.25333333333333,56.165,67.075,71.84166666666667,0.9433333333333334,1.4116666666666666,999.0,2018,227,6162.0,526.3953866859518
90,campaspe,280,2.0,1.0,1.0,2.123333333333333,85.25333333333333,2.8583333333333334,31.51333333333333,1.7233333333333334,23.956666666666667,999.0,2018,3472,37892.0,601.5729527277618
91,cardinia,360,4.0,2.0,2.0,5.383333333333334,22.023333333333333,9.581666666666669,28.65833333333333,3.0933333333333333,5.213333333333334,51.87,2018,5761,246740.0,736.7934512793611
92,casey,380,4.0,2.0,2.0,8.606666666666666,11.041666666666666,7.9766666666666675,24.808333333333334,2.756666666666667,4.031666666666667,47.2,2018,19956,533320.0,693.765484081656
93,central goldfields,250,3.0,1.0,1.0,3.418333333333333,23.87,3.0,47.086666666666666,2.4233333333333333,2.42,999.0,2018,1516,13447.0,471.7482034334496
94,colac otway,300,3.0,1.0,1.0,64.52333333333334,46.11,64.445,45.306666666666665,2.533333333333333,3.625,999.0,2018,1533,21481.0,622.8395741530601
95,corangamite,240,2.0,1.0,1.0,1.28,86.32833333333333,33.95666666666667,18.27833333333333,1.8033333333333328,1.39,999.0,2018,883,16170.0,596.6055109321734
96,darebin,400,2.0,1.0,1.0,3.2583333333333333,10.29,6.891666666666667,8.883333333333333,1.975,2.3366666666666664,17.515,2018,14760,244761.0,733.4044892802982
97,east gippsland,290,3.0,1.0,2.0,20.41166666666667,64.45166666666667,19.496666666666663,87.96499999999999,3.3016666666666667,9.421666666666663,999.0,2018,4130,46783.0,542.7717492450724
98,frankston,360,3.0,2.0,2.0,6.343333333333334,19.916666666666668,6.726666666666668,22.41166666666667,2.8583333333333334,3.745,47.66833333333333,2018,14308,142535.0,714.5698919568637
99,gannawarra,207,2.0,1.0,1.0,40.975,102.725,49.443333333333335,999.0,1.5733333333333337,1.9383333333333328,999.0,2018,568,10544.0,532.9401137836851
100,glen eira,450,2.0,1.0,1.0,2.455,10.978333333333332,7.61,5.993333333333334,1.4333333333333331,1.856666666666667,24.44,2018,6775,154275.0,868.6944731832796
101,glenelg,250,3.0,1.0,2.0,80.72833333333332,68.40166666666667,5.883333333333334,22.098333333333336,2.745,4.760000000000001,999.0,2018,1598,19667.0,575.4013326662192
102,golden plains,380,4.0,2.0,2.0,31.741666666666667,58.59333333333333,29.55333333333333,63.49333333333333,4.71,17.07,88.5,2018,647,23201.0,685.9310951390153
103,greater bendigo,300,3.0,1.0,1.0,5.628333333333333,40.623333333333335,6.739999999999999,6.788333333333333,2.4633333333333334,4.75,999.0,2018,9645,115869.0,654.7566809409353
104,greater dandenong,360,3.0,1.0,1.0,4.246666666666667,7.838333333333334,5.078333333333333,5.051666666666667,1.721666666666667,2.521666666666667,34.72,2018,18326,231294.0,527.7297235354855
105,greater geelong,350,3.0,2.0,2.0,7.213333333333334,54.435,8.07,51.888333333333335,2.5050000000000003,3.868333333333333,70.96499999999999,2018,22773,334340.0,662.6150352710134
106,greater shepparton,280,3.0,1.0,1.0,6.151666666666667,31.096666666666668,8.055,7.955,2.165,7.818333333333333,999.0,2018,8126,90303.0,634.7729229624016
107,hepburn,350,3.0,1.0,1.0,27.435,30.91,39.37166666666667,28.40333333333333,2.5933333333333333,3.691666666666667,87.72666666666667,2018,869,17227.0,582.0183414892142
108,hindmarsh,195,3.0,1.0,2.0,2.746666666666667,49.973333333333336,54.10333333333333,26.211666666666662,1.4316666666666669,26.841666666666665,999.0,2018,346,6854.0,551.2748505455569
109,hobsons bay,410,3.0,1.0,2.0,3.0683333333333334,4.95,7.458333333333333,8.75,1.6333333333333333,2.998333333333333,23.15,2018,6012,90844.0,781.1454483107199
110,horsham,260,3.0,1.0,1.0,3.455,59.575,4.13,28.85333333333333,2.9916666666666667,25.506666666666668,999.0,2018,2464,20022.0,674.8667300073614
111,hume,380,3.0,2.0,2.0,7.739999999999999,28.2,7.305000000000001,21.541666666666668,2.618333333333333,5.13,42.02666666666666,2018,20499,318081.0,579.6983461365977
112,indigo,285,3.0,1.0,1.0,22.205,47.263333333333335,32.87,60.71666666666667,1.63,2.53,999.0,2018,448,16517.0,692.2822957722773
113,kingston (vic.),420,3.0,1.0,1.0,2.8116666666666665,14.413333333333332,8.561666666666667,17.63,2.015,3.3316666666666666,43.998333333333335,2018,10364,163708.0,769.0266706461308
114,knox,410,3.0,2.0,2.0,7.406666666666666,10.496666666666666,6.748333333333333,7.823333333333333,2.3,3.4650000000000003,36.0,2018,11414,163313.0,714.3057994545433
115,latrobe (vic.),240,3.0,1.0,1.0,4.489999999999999,16.255,5.305000000000001,45.10333333333333,2.265,3.843333333333333,999.0,2018,13378,102958.0,585.5856682298735
116,loddon,235,3.0,1.0,2.0,22.596666666666668,65.99333333333333,38.91666666666666,34.580000000000005,8.81,25.956666666666667,999.0,2018,371,7041.0,500.0276662044207
117,macedon ranges,400,4.0,2.0,2.0,9.605,38.78833333333333,19.285,33.038333333333334,2.0266666666666664,2.931666666666666,65.45833333333333,2018,2094,49279.0,763.1478943401117
118,manningham,460,3.0,2.0,2.0,9.175,6.0633333333333335,5.326666666666667,5.363333333333333,2.17,2.425,22.861666666666668,2018,4730,125735.0,677.0162695750174
119,mansfield,343,3.0,1.0,2.0,61.94166666666667,94.58333333333331,6.508333333333334,137.57666666666668,2.803333333333333,6.571666666666667,999.0,2018,645,9243.0,630.9893149682499
120,maribyrnong,400,2.0,1.0,1.0,3.228333333333333,7.721666666666667,3.355,13.851666666666668,1.7383333333333333,2.2783333333333333,16.848333333333333,2018,8093,91792.0,797.965509726775
121,maroondah,400,3.0,2.0,2.0,3.99,9.695,5.401666666666667,10.828333333333337,2.975,2.5733333333333333,34.85166666666667,2018,7870,117645.0,754.2882939359599
122,melbourne,485,2.0,1.0,0.0,2.2666666666666666,6.266666666666667,2.1733333333333333,5.17,1.53,0.9233333333333332,4.556666666666667,2018,36659,376265.0,753.7866814774687
123,melton,370,4.0,2.0,2.0,8.056666666666667,18.72833333333333,8.04,29.69333333333333,3.26,5.385000000000001,41.255,2018,10442,311803.0,706.4876177367869
124,mildura,283,3.0,1.0,2.0,999.0,999.0,6.183333333333334,999.0,2.2883333333333336,3.606666666666667,999.0,2018,6401,55591.0,606.9034105501473
125,mitchell,350,4.0,2.0,2.0,8.263333333333334,23.97,24.558333333333334,35.75333333333333,3.66,7.193333333333333,55.961666666666666,2018,4408,44208.0,701.0932806454847
126,moira,260,3.0,1.0,2.0,47.19666666666667,47.67166666666667,14.746666666666666,59.89,2.066666666666667,33.04666666666667,999.0,2018,2019,29852.0,563.7142720417082
127,monash,450,3.0,2.0,1.0,3.733333333333333,15.915,5.29,5.816666666666666,2.253333333333333,2.8266666666666667,28.148333333333333,2018,11029,228346.0,636.8188324596271
128,moonee valley,410,2.0,1.0,1.0,3.6666666666666665,7.223333333333333,5.371666666666667,10.991666666666667,1.8766666666666665,2.845,17.91,2018,8759,186161.0,821.7942745638837
129,moorabool,350,3.0,2.0,2.0,5.985,30.9,16.125,22.62833333333333,4.135,5.416666666666667,52.013333333333335,2018,2254,34194.0,697.1624420363614
130,moreland,410,2.0,1.0,1.0,2.953333333333333,4.3566666666666665,4.343333333333334,4.366666666666666,1.7633333333333332,1.6983333333333337,15.785,2018,13351,289053.0,767.7312165222183
131,mornington peninsula,385,3.0,2.0,2.0,25.385,19.096666666666668,11.188333333333333,22.075,3.591666666666667,4.375,69.45333333333333,2018,11023,192405.0,679.451078566251
132,mount alexander,330,3.0,1.0,2.0,6.141666666666667,8.216666666666667,26.641666666666666,8.09,1.9766666666666663,20.2,999.0,2018,950,19765.0,596.5976966632086
133,moyne,275,3.0,1.0,1.0,29.15666666666667,75.18166666666666,36.32666666666667,21.45,1.585,10.601666666666668,999.0,2018,611,16481.0,675.0767630005791
134,murrindindi,280,3.0,1.0,1.0,47.72833333333333,46.70166666666667,41.59666666666667,47.43333333333333,3.915,21.633333333333333,101.69833333333332,2018,692,14392.0,598.1926939740467
135,nillumbik,400,3.0,1.0,2.0,6.236666666666666,15.733333333333333,13.101666666666668,20.46833333333333,2.2383333333333337,3.3833333333333333,39.29,2018,2268,65003.0,850.8630544016238
136,northern grampians,230,1.0,1.0,1.0,2.455,4.05,29.265,79.69833333333332,1.01,2.8366666666666664,999.0,2018,1043,11465.0,564.9834048753452
137,port phillip,460,2.0,1.0,1.0,4.2,10.71,7.611666666666666,9.503333333333334,1.7816666666666667,1.9883333333333333,13.625,2018,12549,142713.0,1163.694263362246
138,pyrenees,255,3.0,1.0,2.0,26.756666666666668,2.881666666666667,26.063333333333333,54.88166666666667,2.393333333333333,1.595,999.0,2018,418,7868.0,512.1965214644695
140,south gippsland,270,3.0,1.0,1.0,51.62833333333333,45.66666666666666,21.336666666666662,72.44166666666666,2.6866666666666665,3.695,999.0,2018,1426,29794.0,581.4081180487375
141,southern grampians,230,2.0,1.0,1.0,78.26333333333334,21.466666666666665,2.43,46.22666666666667,1.6366666666666667,2.53,999.0,2018,1336,16189.0,622.3638523358666
142,stonnington,455,2.0,1.0,1.0,2.118333333333333,6.081666666666666,3.755,7.196666666666667,1.93,1.87,14.388333333333332,2018,10190,141526.0,1136.3034935464966
143,strathbogie,300,1.0,1.0,1.0,1.9183333333333328,62.44833333333334,38.01166666666666,44.806666666666665,0.5266666666666667,2.4883333333333337,999.0,2018,558,10600.0,586.5173425124269
144,surf coast,450,3.0,2.0,2.0,16.1,55.13166666666667,18.351666666666667,54.0,2.9016666666666664,4.433333333333334,83.01666666666667,2018,1142,31916.0,802.7090657709349
145,swan hill,250,3.0,2.0,2.0,4.766666666666667,999.0,3.585,61.54666666666667,2.216666666666667,3.943333333333333,999.0,2018,2466,20871.0,630.6366591620616
146,towong,263,2.0,1.0,1.0,52.48,128.80666666666667,49.495,2.5166666666666666,1.305,2.0216666666666665,999.0,2018,214,6037.0,591.970354364473
147,wangaratta,290,3.0,1.0,2.0,6.3566666666666665,45.52666666666666,4.5616666666666665,70.16666666666667,2.425,4.628333333333333,999.0,2018,2369,29044.0,644.6499358469745
148,warrnambool,300,2.0,1.0,1.0,5.256666666666666,80.49833333333332,3.7233333333333336,36.318333333333335,2.055,3.558333333333333,999.0,2018,3555,35277.0,670.9494410223273
149,wellington,260,3.0,1.0,1.0,11.693333333333332,57.00833333333333,15.216666666666669,32.41,2.246666666666667,2.296666666666667,999.0,2018,3543,43931.0,598.5937069798581
150,west wimmera,200,1.0,1.0,0.0,78.16166666666666,999.0,76.20666666666666,98.705,1.4766666666666666,0.1966666666666666,999.0,2018,161,2724.0,609.6921940269799
151,whitehorse,430,2.0,2.0,1.0,4.331666666666666,9.073333333333332,7.393333333333333,6.623333333333333,2.2983333333333333,2.731666666666667,26.305,2018,8162,177286.0,678.2756530823585
152,whittlesea,375,3.0,2.0,2.0,6.001666666666667,18.76833333333333,7.521666666666666,22.57,2.6766666666666667,3.71,35.598333333333336,2018,15359,298781.0,645.5642672636815
153,wodonga,310,3.0,2.0,2.0,10.213333333333331,999.0,5.975,81.82166666666667,2.803333333333333,3.89,999.0,2018,3320,67723.0,723.6262121565708
154,wyndham,380,4.0,2.0,2.0,6.44,12.295,7.668333333333334,13.736666666666668,2.543333333333333,3.648333333333333,34.695,2018,14187,527666.0,742.880788398612
155,yarra,500,2.0,1.0,1.0,3.283333333333333,6.468333333333334,4.3100000000000005,4.795,1.6033333333333333,1.3716666666666666,9.305,2018,13418,134175.0,1144.786561290083
156,yarra ranges,390,3.0,2.0,2.0,4.1883333333333335,15.453333333333337,6.746666666666667,9.856666666666666,2.313333333333333,3.796666666666667,44.11833333333333,2018,7934,157926.0,720.178322121192
157,yarriambiack,180,3.0,1.0,1.0,30.72833333333333,60.41666666666666,42.66666666666666,31.62833333333333,1.5799999999999998,3.083333333333333,999.0,2018,538,6581.0,540.7554463198071
158,alpine,310,2.0,1.0,2.0,46.42833333333333,5.346666666666667,38.88,29.88833333333333,2.5266666666666664,2.4466666666666668,999.0,2019,573,13255.0,658.0288766227865
159,ararat,270,3.0,1.0,1.0,2.428333333333333,28.92833333333333,2.536666666666666,999.0,1.4333333333333331,3.033333333333333,999.0,2019,1391,11699.0,630.1504627659886
160,ballarat,320,3.0,2.0,2.0,7.341666666666667,9.785,6.483333333333333,24.81,2.235,4.776666666666667,999.0,2019,10867,157410.0,677.5386787909213
161,banyule,405,3.0,1.0,1.0,2.8766666666666665,11.215,9.528333333333334,5.3533333333333335,1.76,2.6300000000000003,23.14,2019,9208,131972.0,835.0360173270376
162,bass coast,325,3.0,2.0,2.0,86.75,32.095,22.93,39.63,3.885,7.376666666666667,116.675,2019,2385,35798.0,575.3707548753928
163,baw baw,340,3.0,1.0,2.0,3.841666666666667,59.77333333333333,10.885,16.663333333333334,2.1366666666666663,4.1866666666666665,84.09833333333333,2019,4498,53385.0,665.9234658444981
164,bayside (vic.),550,3.0,2.0,2.0,3.425,10.456666666666669,10.056666666666668,11.656666666666666,1.9883333333333333,3.0966666666666667,31.186666666666667,2019,4593,107137.0,1012.6943367209324
165,benalla,305,3.0,1.0,2.0,5.575,64.175,33.553333333333335,53.156666666666666,1.8766666666666665,4.84,999.0,2019,1201,14065.0,604.4165718351816
166,boroondara,470,3.0,2.0,2.0,2.958333333333333,7.47,5.25,8.808333333333334,1.4533333333333334,2.0983333333333336,17.675,2019,7233,237739.0,985.1028898080648
167,brimbank,360,3.0,1.0,1.0,4.4,16.438333333333333,5.04,10.2,2.125,3.28,30.26833333333333,2019,19194,243825.0,558.0027132005091
168,buloke,195,2.0,1.0,1.0,62.25333333333333,56.165,67.075,71.84166666666667,0.9433333333333334,1.4116666666666666,999.0,2019,265,6119.0,555.3126174610545
169,campaspe,290,2.0,1.0,1.0,2.123333333333333,85.25333333333333,2.8583333333333334,31.51333333333333,1.7233333333333334,23.956666666666667,999.0,2019,4021,37975.0,622.9468899835827
170,cardinia,365,4.0,2.0,2.0,5.383333333333334,22.023333333333333,9.581666666666669,28.65833333333333,3.0933333333333333,5.213333333333334,51.87,2019,6277,259465.0,766.9449273996672
171,casey,380,4.0,2.0,2.0,8.606666666666666,11.041666666666666,7.9766666666666675,24.808333333333334,2.756666666666667,4.031666666666667,47.2,2019,21473,560587.0,722.3190134103277
172,central goldfields,255,3.0,1.0,1.0,3.418333333333333,23.87,3.0,47.086666666666666,2.4233333333333333,2.42,999.0,2019,1260,13533.0,481.9435417989324
173,colac otway,310,3.0,1.0,1.0,64.52333333333334,46.11,64.445,45.306666666666665,2.533333333333333,3.625,999.0,2019,1647,21532.0,648.7962820112891
174,corangamite,260,2.0,1.0,1.0,1.28,86.32833333333333,33.95666666666667,18.27833333333333,1.8033333333333328,1.39,999.0,2019,672,16162.0,625.9378989250661
175,darebin,400,2.0,1.0,1.0,3.2583333333333333,10.29,6.891666666666667,8.883333333333333,1.975,2.3366666666666664,17.515,2019,14848,249478.0,779.0380456501914
176,east gippsland,300,3.0,1.0,2.0,20.41166666666667,64.45166666666667,19.496666666666663,87.96499999999999,3.3016666666666667,9.421666666666663,999.0,2019,4563,47295.0,562.1479018102563
177,frankston,360,3.0,2.0,2.0,6.343333333333334,19.916666666666668,6.726666666666668,22.41166666666667,2.8583333333333334,3.745,47.66833333333333,2019,14787,144414.0,743.5241898382042
178,gannawarra,220,2.0,1.0,1.0,40.975,102.725,49.443333333333335,999.0,1.5733333333333337,1.9383333333333328,999.0,2019,786,10519.0,551.3189801270216
179,glen eira,450,2.0,1.0,1.0,2.455,10.978333333333332,7.61,5.993333333333334,1.4333333333333331,1.856666666666667,24.44,2019,6336,157290.0,916.75499797036
180,glenelg,270,3.0,1.0,2.0,80.72833333333332,68.40166666666667,5.883333333333334,22.098333333333336,2.745,4.760000000000001,999.0,2019,1243,19662.0,596.1751920359068
181,golden plains,400,4.0,2.0,2.0,31.741666666666667,58.59333333333333,29.55333333333333,63.49333333333333,4.71,17.07,88.5,2019,667,23829.0,716.8708394832925
182,greater bendigo,320,3.0,1.0,1.0,5.628333333333333,40.623333333333335,6.739999999999999,6.788333333333333,2.4633333333333334,4.75,999.0,2019,11018,117693.0,681.712784295003
183,greater dandenong,360,3.0,1.0,1.0,4.246666666666667,7.838333333333334,5.078333333333333,5.051666666666667,1.721666666666667,2.521666666666667,34.72,2019,17978,237297.0,556.2506467010876
184,greater geelong,370,3.0,2.0,2.0,7.213333333333334,54.435,8.07,51.888333333333335,2.5050000000000003,3.868333333333333,70.96499999999999,2019,20630,341519.0,696.3319204057672
185,greater shepparton,285,3.0,1.0,1.0,6.151666666666667,31.096666666666668,8.055,7.955,2.165,7.818333333333333,999.0,2019,8937,91294.0,659.5366387812951
186,hepburn,340,3.0,1.0,1.0,27.435,30.91,39.37166666666667,28.40333333333333,2.5933333333333333,3.691666666666667,87.72666666666667,2019,754,17359.0,608.7643201989471
187,hindmarsh,205,3.0,1.0,2.0,2.746666666666667,49.973333333333336,54.10333333333333,26.211666666666662,1.4316666666666669,26.841666666666665,999.0,2019,344,6826.0,580.5960487463775
188,hobsons bay,420,3.0,1.0,2.0,3.0683333333333334,4.95,7.458333333333333,8.75,1.6333333333333333,2.998333333333333,23.15,2019,6315,92035.0,822.8326765392986
189,horsham,275,3.0,1.0,1.0,3.455,59.575,4.13,28.85333333333333,2.9916666666666667,25.506666666666668,999.0,2019,2854,20104.0,705.8045371340268
190,hume,385,3.0,2.0,2.0,7.739999999999999,28.2,7.305000000000001,21.541666666666668,2.618333333333333,5.13,42.02666666666666,2019,21173,332825.0,606.8414759925969
191,indigo,320,3.0,1.0,1.0,22.205,47.263333333333335,32.87,60.71666666666667,1.63,2.53,999.0,2019,506,16655.0,719.4420585960406
192,kingston (vic.),425,3.0,1.0,1.0,2.8116666666666665,14.413333333333332,8.561666666666667,17.63,2.015,3.3316666666666666,43.998333333333335,2019,11292,166495.0,803.7588598593946
193,knox,410,3.0,2.0,2.0,7.406666666666666,10.496666666666666,6.748333333333333,7.823333333333333,2.3,3.4650000000000003,36.0,2019,11035,164918.0,740.8703672910297
194,latrobe (vic.),260,3.0,1.0,1.0,4.489999999999999,16.255,5.305000000000001,45.10333333333333,2.265,3.843333333333333,999.0,2019,14614,103552.0,607.5558527165641
195,loddon,230,3.0,1.0,2.0,22.596666666666668,65.99333333333333,38.91666666666666,34.580000000000005,8.81,25.956666666666667,999.0,2019,492,7030.0,517.4073706038321
196,macedon ranges,430,4.0,2.0,2.0,9.605,38.78833333333333,19.285,33.038333333333334,2.0266666666666664,2.931666666666666,65.45833333333333,2019,2470,50151.0,795.6911163662016
197,manningham,470,3.0,2.0,2.0,9.175,6.0633333333333335,5.326666666666667,5.363333333333333,2.17,2.425,22.861666666666668,2019,4547,127251.0,702.381938765667
198,mansfield,350,3.0,1.0,2.0,61.94166666666667,94.58333333333331,6.508333333333334,137.57666666666668,2.803333333333333,6.571666666666667,999.0,2019,441,9413.0,658.1410970816454
199,maribyrnong,420,2.0,1.0,1.0,3.228333333333333,7.721666666666667,3.355,13.851666666666668,1.7383333333333333,2.2783333333333333,16.848333333333333,2019,8188,94374.0,850.1557921122229
200,maroondah,400,3.0,2.0,2.0,3.99,9.695,5.401666666666667,10.828333333333337,2.975,2.5733333333333333,34.85166666666667,2019,8315,119427.0,785.2382235833651
201,melbourne,490,2.0,1.0,0.0,2.2666666666666666,6.266666666666667,2.1733333333333333,5.17,1.53,0.9233333333333332,4.556666666666667,2019,35626,398554.0,816.7801516381702
202,melton,370,4.0,2.0,2.0,8.056666666666667,18.72833333333333,8.04,29.69333333333333,3.26,5.385000000000001,41.255,2019,11061,327114.0,732.0552929955055
203,mildura,295,3.0,1.0,2.0,999.0,999.0,6.183333333333334,999.0,2.2883333333333336,3.606666666666667,999.0,2019,7363,56053.0,634.6479411787292
204,mitchell,350,4.0,2.0,2.0,8.263333333333334,23.97,24.558333333333334,35.75333333333333,3.66,7.193333333333333,55.961666666666666,2019,4447,45517.0,729.2496078828207
205,moira,270,3.0,1.0,2.0,47.19666666666667,47.67166666666667,14.746666666666666,59.89,2.066666666666667,33.04666666666667,999.0,2019,2188,30054.0,584.6862787529597
206,monash,450,3.0,2.0,1.0,3.733333333333333,15.915,5.29,5.816666666666666,2.253333333333333,2.8266666666666667,28.148333333333333,2019,10366,234435.0,673.7018098898631
207,moonee valley,400,2.0,1.0,1.0,3.6666666666666665,7.223333333333333,5.371666666666667,10.991666666666667,1.8766666666666665,2.845,17.91,2019,8090,189627.0,863.6906120776632
208,moorabool,360,3.0,2.0,2.0,5.985,30.9,16.125,22.62833333333333,4.135,5.416666666666667,52.013333333333335,2019,2289,34860.0,730.4897241917666
209,moreland,420,2.0,1.0,1.0,2.953333333333333,4.3566666666666665,4.343333333333334,4.366666666666666,1.7633333333333332,1.6983333333333337,15.785,2019,14597,296364.0,815.7542464366824
210,mornington peninsula,400,3.0,2.0,2.0,25.385,19.096666666666668,11.188333333333333,22.075,3.591666666666667,4.375,69.45333333333333,2019,10875,195491.0,705.6137154299219
211,mount alexander,340,3.0,1.0,2.0,6.141666666666667,8.216666666666667,26.641666666666666,8.09,1.9766666666666663,20.2,999.0,2019,959,19938.0,621.3567401841105
212,moyne,315,3.0,1.0,1.0,29.15666666666667,75.18166666666666,36.32666666666667,21.45,1.585,10.601666666666668,999.0,2019,586,16613.0,704.4235945647442
213,murrindindi,300,3.0,1.0,1.0,47.72833333333333,46.70166666666667,41.59666666666667,47.43333333333333,3.915,21.633333333333333,101.69833333333332,2019,759,14551.0,622.1557096050842
214,nillumbik,410,3.0,1.0,2.0,6.236666666666666,15.733333333333333,13.101666666666668,20.46833333333333,2.2383333333333337,3.3833333333333333,39.29,2019,2088,65464.0,886.4035124082363
215,northern grampians,265,1.0,1.0,1.0,2.455,4.05,29.265,79.69833333333332,1.01,2.8366666666666664,999.0,2019,983,11432.0,592.9183000939828
216,port phillip,460,2.0,1.0,1.0,4.2,10.71,7.611666666666666,9.503333333333334,1.7816666666666667,1.9883333333333333,13.625,2019,12776,146113.0,1204.0473551460996
217,pyrenees,265,3.0,1.0,2.0,26.756666666666668,2.881666666666667,26.063333333333333,54.88166666666667,2.393333333333333,1.595,999.0,2019,632,7914.0,533.5608278217437
219,south gippsland,280,3.0,1.0,1.0,51.62833333333333,45.66666666666666,21.336666666666662,72.44166666666666,2.6866666666666665,3.695,999.0,2019,1442,30035.0,604.9709129973231
220,southern grampians,255,2.0,1.0,1.0,78.26333333333334,21.466666666666665,2.43,46.22666666666667,1.6366666666666667,2.53,999.0,2019,1568,16179.0,646.9270322960834
221,stonnington,475,2.0,1.0,1.0,2.118333333333333,6.081666666666666,3.755,7.196666666666667,1.93,1.87,14.388333333333332,2019,10501,145699.0,1186.609042089359
222,strathbogie,290,1.0,1.0,1.0,1.9183333333333328,62.44833333333334,38.01166666666666,44.806666666666665,0.5266666666666667,2.4883333333333337,999.0,2019,603,10718.0,607.8899533860683
223,surf coast,460,3.0,2.0,2.0,16.1,55.13166666666667,18.351666666666667,54.0,2.9016666666666664,4.433333333333334,83.01666666666667,2019,1200,32771.0,846.3863546221337
224,swan hill,260,3.0,2.0,2.0,4.766666666666667,999.0,3.585,61.54666666666667,2.216666666666667,3.943333333333333,999.0,2019,2628,20892.0,657.5894280408933
225,towong,240,2.0,1.0,1.0,52.48,128.80666666666667,49.495,2.5166666666666666,1.305,2.0216666666666665,999.0,2019,206,6060.0,622.6916555572071
226,wangaratta,280,3.0,1.0,2.0,6.3566666666666665,45.52666666666666,4.5616666666666665,70.16666666666667,2.425,4.628333333333333,999.0,2019,2277,29235.0,671.0075902383729
227,warrnambool,328,2.0,1.0,1.0,5.256666666666666,80.49833333333332,3.7233333333333336,36.318333333333335,2.055,3.558333333333333,999.0,2019,4038,35660.0,699.1018567439138
228,wellington,280,3.0,1.0,1.0,11.693333333333332,57.00833333333333,15.216666666666669,32.41,2.246666666666667,2.296666666666667,999.0,2019,4139,44158.0,617.774620227411
229,west wimmera,205.0,1.0,1.0,0.0,78.16166666666666,999.0,76.20666666666666,98.705,1.4766666666666666,0.1966666666666666,999.0,2019,160,2702.0,639.0273712160387
230,whitehorse,440,2.0,2.0,1.0,4.331666666666666,9.073333333333332,7.393333333333333,6.623333333333333,2.2983333333333333,2.731666666666667,26.305,2019,8458,180789.0,710.0092680778043
231,whittlesea,380,3.0,2.0,2.0,6.001666666666667,18.76833333333333,7.521666666666666,22.57,2.6766666666666667,3.71,35.598333333333336,2019,16048,314687.0,674.7074181261835
232,wodonga,320,3.0,2.0,2.0,10.213333333333331,999.0,5.975,81.82166666666667,2.803333333333333,3.89,999.0,2019,3171,69057.0,749.7931817353849
233,wyndham,380,4.0,2.0,2.0,6.44,12.295,7.668333333333334,13.736666666666668,2.543333333333333,3.648333333333333,34.695,2019,14958,559164.0,773.6301826284702
234,yarra,495,2.0,1.0,1.0,3.283333333333333,6.468333333333334,4.3100000000000005,4.795,1.6033333333333333,1.3716666666666666,9.305,2019,13451,138160.0,1201.6528202862266
235,yarra ranges,400,3.0,2.0,2.0,4.1883333333333335,15.453333333333337,6.746666666666667,9.856666666666666,2.313333333333333,3.796666666666667,44.11833333333333,2019,8258,159666.0,748.3368819164587
236,yarriambiack,190,3.0,1.0,1.0,30.72833333333333,60.41666666666666,42.66666666666666,31.62833333333333,1.5799999999999998,3.083333333333333,999.0,2019,422,6535.0,567.4931285269232
237,alpine,320,2.0,1.0,2.0,46.42833333333333,5.346666666666667,38.88,29.88833333333333,2.5266666666666664,2.4466666666666668,999.0,2020,597,13322.0,693.5554114930233
238,ararat,290,3.0,1.0,1.0,2.428333333333333,28.92833333333333,2.536666666666666,999.0,1.4333333333333331,3.033333333333333,999.0,2020,1250,11744.0,657.0030951180537
239,ballarat,330,3.0,2.0,2.0,7.341666666666667,9.785,6.483333333333333,24.81,2.235,4.776666666666667,999.0,2020,11564,159874.0,709.5147907842758
240,banyule,410,3.0,1.0,1.0,2.8766666666666665,11.215,9.528333333333334,5.3533333333333335,1.76,2.6300000000000003,23.14,2020,9963,133407.0,874.104087540059
241,bass coast,340,3.0,2.0,2.0,86.75,32.095,22.93,39.63,3.885,7.376666666666667,116.675,2020,2467,36592.0,600.1517246096987
242,baw baw,350,3.0,1.0,2.0,3.841666666666667,59.77333333333333,10.885,16.663333333333334,2.1366666666666663,4.1866666666666665,84.09833333333333,2020,4833,54674.0,695.3131928872813
243,bayside (vic.),595,3.0,2.0,2.0,3.425,10.456666666666669,10.056666666666668,11.656666666666666,1.9883333333333333,3.0966666666666667,31.186666666666667,2020,5303,108612.0,1054.4848892798716
244,benalla,305,3.0,1.0,2.0,5.575,64.175,33.553333333333335,53.156666666666666,1.8766666666666665,4.84,999.0,2020,1249,14073.0,628.7196815594439
245,boroondara,450,3.0,2.0,2.0,2.958333333333333,7.47,5.25,8.808333333333334,1.4533333333333334,2.0983333333333336,17.675,2020,8322,240923.0,1027.1539295472892
246,brimbank,365,3.0,1.0,1.0,4.4,16.438333333333333,5.04,10.2,2.125,3.28,30.26833333333333,2020,20137,248304.0,583.9003834264122
247,buloke,220,2.0,1.0,1.0,62.25333333333333,56.165,67.075,71.84166666666667,0.9433333333333334,1.4116666666666666,999.0,2020,329,6079.0,585.8183998398578
248,campaspe,300,2.0,1.0,1.0,2.123333333333333,85.25333333333333,2.8583333333333334,31.51333333333333,1.7233333333333334,23.956666666666667,999.0,2020,4054,38039.0,645.0802450153261
249,cardinia,370,4.0,2.0,2.0,5.383333333333334,22.023333333333333,9.581666666666669,28.65833333333333,3.0933333333333333,5.213333333333334,51.87,2020,7159,272205.0,798.3302791884593
250,casey,390,4.0,2.0,2.0,8.606666666666666,11.041666666666666,7.9766666666666675,24.808333333333334,2.756666666666667,4.031666666666667,47.2,2020,22912,587963.0,752.0477295360228
251,central goldfields,283,3.0,1.0,1.0,3.418333333333333,23.87,3.0,47.086666666666666,2.4233333333333333,2.42,999.0,2020,1357,13614.0,492.3592200059454
252,colac otway,340,3.0,1.0,1.0,64.52333333333334,46.11,64.445,45.306666666666665,2.533333333333333,3.625,999.0,2020,1659,21582.0,675.8347301936676
253,corangamite,280,2.0,1.0,1.0,1.28,86.32833333333333,33.95666666666667,18.27833333333333,1.8033333333333328,1.39,999.0,2020,693,16147.0,656.7124274439846
254,darebin,400,2.0,1.0,1.0,3.2583333333333333,10.29,6.891666666666667,8.883333333333333,1.975,2.3366666666666664,17.515,2020,15120,254247.0,827.5109921484539
255,east gippsland,310,3.0,1.0,2.0,20.41166666666667,64.45166666666667,19.496666666666663,87.96499999999999,3.3016666666666667,9.421666666666663,999.0,2020,4864,47790.0,582.2157545030747
256,frankston,375,3.0,2.0,2.0,6.343333333333334,19.916666666666668,6.726666666666668,22.41166666666667,2.8583333333333334,3.745,47.66833333333333,2020,14941,146305.0,773.651712865521
257,gannawarra,228,2.0,1.0,1.0,40.975,102.725,49.443333333333335,999.0,1.5733333333333337,1.9383333333333328,999.0,2020,822,10492.0,570.3316563850747
258,glen eira,430,2.0,1.0,1.0,2.455,10.978333333333332,7.61,5.993333333333334,1.4333333333333331,1.856666666666667,24.44,2020,7754,160300.0,967.4744714604816
259,glenelg,300,3.0,1.0,2.0,80.72833333333332,68.40166666666667,5.883333333333334,22.098333333333336,2.745,4.760000000000001,999.0,2020,1806,19646.0,617.6990552874273
260,golden plains,395,4.0,2.0,2.0,31.741666666666667,58.59333333333333,29.55333333333333,63.49333333333333,4.71,17.07,88.5,2020,640,24453.0,749.2061580869567
261,greater bendigo,330,3.0,1.0,1.0,5.628333333333333,40.623333333333335,6.739999999999999,6.788333333333333,2.4633333333333334,4.75,999.0,2020,11166,119500.0,709.7786609880626
262,greater dandenong,360,3.0,1.0,1.0,4.246666666666667,7.838333333333334,5.078333333333333,5.051666666666667,1.721666666666667,2.521666666666667,34.72,2020,19061,243346.0,586.312970742821
263,greater geelong,375,3.0,2.0,2.0,7.213333333333334,54.435,8.07,51.888333333333335,2.5050000000000003,3.868333333333333,70.96499999999999,2020,22319,348618.0,731.7644749453439
264,greater shepparton,300,3.0,1.0,1.0,6.151666666666667,31.096666666666668,8.055,7.955,2.165,7.818333333333333,999.0,2020,8715,92263.0,685.2664349085561
265,hepburn,350,3.0,1.0,1.0,27.435,30.91,39.37166666666667,28.40333333333333,2.5933333333333333,3.691666666666667,87.72666666666667,2020,885,17486.0,636.7393793794279
266,hindmarsh,210,3.0,1.0,2.0,2.746666666666667,49.973333333333336,54.10333333333333,26.211666666666662,1.4316666666666669,26.841666666666665,999.0,2020,349,6795.0,611.4767823823463
267,hobsons bay,410,3.0,1.0,2.0,3.0683333333333334,4.95,7.458333333333333,8.75,1.6333333333333333,2.998333333333333,23.15,2020,6053,93253.0,866.7446184894254
268,horsham,280,3.0,1.0,1.0,3.455,59.575,4.13,28.85333333333333,2.9916666666666667,25.506666666666668,999.0,2020,2036,20177.0,738.1606211844876
269,hume,385,3.0,2.0,2.0,7.739999999999999,28.2,7.305000000000001,21.541666666666668,2.618333333333333,5.13,42.02666666666666,2020,21590,347563.0,635.2555246002015
270,indigo,330,3.0,1.0,1.0,22.205,47.263333333333335,32.87,60.71666666666667,1.63,2.53,999.0,2020,563,16776.0,747.6673588763414
271,kingston (vic.),430,3.0,1.0,1.0,2.8116666666666665,14.413333333333332,8.561666666666667,17.63,2.015,3.3316666666666666,43.998333333333335,2020,12101,169278.0,840.0596877344781
272,knox,420,3.0,2.0,2.0,7.406666666666666,10.496666666666666,6.748333333333333,7.823333333333333,2.3,3.4650000000000003,36.0,2020,11902,166509.0,768.4228541180635
273,latrobe (vic.),270,3.0,1.0,1.0,4.489999999999999,16.255,5.305000000000001,45.10333333333333,2.265,3.843333333333333,999.0,2020,13886,104135.0,630.3503213901241
274,loddon,260,3.0,1.0,2.0,22.596666666666668,65.99333333333333,38.91666666666666,34.580000000000005,8.81,25.956666666666667,999.0,2020,485,7013.0,535.3911498283502
275,macedon ranges,420,4.0,2.0,2.0,9.605,38.78833333333333,19.285,33.038333333333334,2.0266666666666664,2.931666666666666,65.45833333333333,2020,2393,51012.0,829.6220920737128
276,manningham,450,3.0,2.0,2.0,9.175,6.0633333333333335,5.326666666666667,5.363333333333333,2.17,2.425,22.861666666666668,2020,4968,128763.0,728.6979797603699
277,mansfield,380,3.0,1.0,2.0,61.94166666666667,94.58333333333331,6.508333333333334,137.57666666666668,2.803333333333333,6.571666666666667,999.0,2020,486,9579.0,686.4612338001746
278,maribyrnong,390,2.0,1.0,1.0,3.228333333333333,7.721666666666667,3.355,13.851666666666668,1.7383333333333333,2.2783333333333333,16.848333333333333,2020,9380,96995.0,905.759537288068
279,maroondah,415,3.0,2.0,2.0,3.99,9.695,5.401666666666667,10.828333333333337,2.975,2.5733333333333333,34.85166666666667,2020,7990,121232.0,817.458089610375
280,melbourne,400,2.0,1.0,0.0,2.2666666666666666,6.266666666666667,2.1733333333333333,5.17,1.53,0.9233333333333332,4.556666666666667,2020,36363,418326.0,885.037945752048
281,melton,375,4.0,2.0,2.0,8.056666666666667,18.72833333333333,8.04,29.69333333333333,3.26,5.385000000000001,41.255,2020,13054,342454.0,758.5482583820674
282,mildura,310,3.0,1.0,2.0,999.0,999.0,6.183333333333334,999.0,2.2883333333333336,3.606666666666667,999.0,2020,7453,56507.0,663.660810337659
283,mitchell,360,4.0,2.0,2.0,8.263333333333334,23.97,24.558333333333334,35.75333333333333,3.66,7.193333333333333,55.961666666666666,2020,4652,46832.0,758.5367101330993
284,moira,290,3.0,1.0,2.0,47.19666666666667,47.67166666666667,14.746666666666666,59.89,2.066666666666667,33.04666666666667,999.0,2020,2479,30248.0,606.4385124112845
285,monash,430,3.0,2.0,1.0,3.733333333333333,15.915,5.29,5.816666666666666,2.253333333333333,2.8266666666666667,28.148333333333333,2020,11995,240064.0,712.7209584802155
286,moonee valley,400,2.0,1.0,1.0,3.6666666666666665,7.223333333333333,5.371666666666667,10.991666666666667,1.8766666666666665,2.845,17.91,2020,8699,193121.0,907.722889389758
287,moorabool,365,3.0,2.0,2.0,5.985,30.9,16.125,22.62833333333333,4.135,5.416666666666667,52.013333333333335,2020,2210,35525.0,765.4101898993748
288,moreland,400,2.0,1.0,1.0,2.953333333333333,4.3566666666666665,4.343333333333334,4.366666666666666,1.7633333333333332,1.6983333333333337,15.785,2020,14439,303765.0,866.7812070921843
289,mornington peninsula,430,3.0,2.0,2.0,25.385,19.096666666666668,11.188333333333333,22.075,3.591666666666667,4.375,69.45333333333333,2020,11317,198524.0,732.7837589918125
290,mount alexander,368,3.0,1.0,2.0,6.141666666666667,8.216666666666667,26.641666666666666,8.09,1.9766666666666663,20.2,999.0,2020,1209,20103.0,647.1432939342651
291,moyne,320,3.0,1.0,1.0,29.15666666666667,75.18166666666666,36.32666666666667,21.45,1.585,10.601666666666668,999.0,2020,671,16745.0,735.0461870053872
292,murrindindi,315,3.0,1.0,1.0,47.72833333333333,46.70166666666667,41.59666666666667,47.43333333333333,3.915,21.633333333333333,101.69833333333332,2020,779,14704.0,647.0786602602667
293,nillumbik,430,3.0,1.0,2.0,6.236666666666666,15.733333333333333,13.101666666666668,20.46833333333333,2.2383333333333337,3.3833333333333333,39.29,2020,2291,65915.0,923.4284915123222
294,northern grampians,250,1.0,1.0,1.0,2.455,4.05,29.265,79.69833333333332,1.01,2.8366666666666664,999.0,2020,1052,11398.0,622.2344011394507
295,port phillip,435,2.0,1.0,1.0,4.2,10.71,7.611666666666666,9.503333333333334,1.7816666666666667,1.9883333333333333,13.625,2020,12965,149517.0,1245.7997595052436
296,pyrenees,300,3.0,1.0,2.0,26.756666666666668,2.881666666666667,26.063333333333333,54.88166666666667,2.393333333333333,1.595,999.0,2020,564,7959.0,555.8162639836922
298,south gippsland,300,3.0,1.0,1.0,51.62833333333333,45.66666666666666,21.336666666666662,72.44166666666666,2.6866666666666665,3.695,999.0,2020,1758,30265.0,629.4886400986493
299,southern grampians,270,2.0,1.0,1.0,78.26333333333334,21.466666666666665,2.43,46.22666666666667,1.6366666666666667,2.53,999.0,2020,1114,16169.0,672.459660927674
300,stonnington,440,2.0,1.0,1.0,2.118333333333333,6.081666666666666,3.755,7.196666666666667,1.93,1.87,14.388333333333332,2020,12087,149728.0,1239.1416789308764
301,strathbogie,320,1.0,1.0,1.0,1.9183333333333328,62.44833333333334,38.01166666666666,44.806666666666665,0.5266666666666667,2.4883333333333337,999.0,2020,643,10833.0,630.0413792451275
302,surf coast,450,3.0,2.0,2.0,16.1,55.13166666666667,18.351666666666667,54.0,2.9016666666666664,4.433333333333334,83.01666666666667,2020,1303,33611.0,892.4402275219489
303,swan hill,280,3.0,2.0,2.0,4.766666666666667,999.0,3.585,61.54666666666667,2.216666666666667,3.943333333333333,999.0,2020,2423,20904.0,685.6941308260109
304,towong,300,2.0,1.0,1.0,52.48,128.80666666666667,49.495,2.5166666666666666,1.305,2.0216666666666665,999.0,2020,230,6081.0,655.0072905540181
305,wangaratta,303,3.0,1.0,2.0,6.3566666666666665,45.52666666666666,4.5616666666666665,70.16666666666667,2.425,4.628333333333333,999.0,2020,2459,29418.0,698.4429240126191
306,warrnambool,340,2.0,1.0,1.0,5.256666666666666,80.49833333333332,3.7233333333333336,36.318333333333335,2.055,3.558333333333333,999.0,2020,3293,36034.0,728.4355216960735
307,wellington,300,3.0,1.0,1.0,11.693333333333332,57.00833333333333,15.216666666666669,32.41,2.246666666666667,2.296666666666667,999.0,2020,4671,44386.0,637.5701530887691
308,west wimmera,210,1.0,1.0,0.0,78.16166666666666,999.0,76.20666666666666,98.705,1.4766666666666666,0.1966666666666666,999.0,2020,182,2679.0,669.7740026260044
309,whitehorse,420,2.0,2.0,1.0,4.331666666666666,9.073333333333332,7.393333333333333,6.623333333333333,2.2983333333333333,2.731666666666667,26.305,2020,9331,184233.0,743.2275631087238
310,whittlesea,380,3.0,2.0,2.0,6.001666666666667,18.76833333333333,7.521666666666666,22.57,2.6766666666666667,3.71,35.598333333333336,2020,16672,330618.0,705.1661982532893
311,wodonga,325,3.0,2.0,2.0,10.213333333333331,999.0,5.975,81.82166666666667,2.803333333333333,3.89,999.0,2020,3837,70394.0,776.9063722849651
312,wyndham,370,4.0,2.0,2.0,6.44,12.295,7.668333333333334,13.736666666666668,2.543333333333333,3.648333333333333,34.695,2020,17266,590853.0,805.6523587908662
313,yarra,470,2.0,1.0,1.0,3.283333333333333,6.468333333333334,4.3100000000000005,4.795,1.6033333333333333,1.3716666666666666,9.305,2020,14028,142152.0,1261.3438603564705
314,yarra ranges,400,3.0,2.0,2.0,4.1883333333333335,15.453333333333337,6.746666666666667,9.856666666666666,2.313333333333333,3.796666666666667,44.11833333333333,2020,8915,161410.0,777.5964252673094
315,yarriambiack,200,3.0,1.0,1.0,30.72833333333333,60.41666666666666,42.66666666666666,31.62833333333333,1.5799999999999998,3.083333333333333,999.0,2020,513,6487.0,595.5528568727775
316,alpine,383,2.0,1.0,2.0,46.42833333333333,5.346666666666667,38.88,29.88833333333333,2.5266666666666664,2.4466666666666668,999.0,2021,548,13385.0,731.0
317,ararat,300,3.0,1.0,1.0,2.428333333333333,28.92833333333333,2.536666666666666,999.0,1.4333333333333331,3.033333333333333,999.0,2021,1602,11784.0,685.0
318,ballarat,350,3.0,2.0,2.0,7.341666666666667,9.785,6.483333333333333,24.81,2.235,4.776666666666667,999.0,2021,9642,162260.0,743.0
319,banyule,410,3.0,1.0,1.0,2.8766666666666665,11.215,9.528333333333334,5.3533333333333335,1.76,2.6300000000000003,23.14,2021,8763,134841.0,915.0
320,bass coast,400,3.0,2.0,2.0,86.75,32.095,22.93,39.63,3.885,7.376666666666667,116.675,2021,3065,37338.0,626.0
321,baw baw,395,3.0,1.0,2.0,3.841666666666667,59.77333333333333,10.885,16.663333333333334,2.1366666666666663,4.1866666666666665,84.09833333333333,2021,4992,55903.0,726.0
322,bayside (vic.),570,3.0,2.0,2.0,3.425,10.456666666666669,10.056666666666668,11.656666666666666,1.9883333333333333,3.0966666666666667,31.186666666666667,2021,5210,110082.0,1098.0
323,benalla,350,3.0,1.0,2.0,5.575,64.175,33.553333333333335,53.156666666666666,1.8766666666666665,4.84,999.0,2021,1423,14071.0,654.0
324,boroondara,410,3.0,2.0,2.0,2.958333333333333,7.47,5.25,8.808333333333334,1.4533333333333334,2.0983333333333336,17.675,2021,7772,244027.0,1071.0
325,brimbank,360,3.0,1.0,1.0,4.4,16.438333333333333,5.04,10.2,2.125,3.28,30.26833333333333,2021,19079,252751.0,611.0
326,buloke,230,2.0,1.0,1.0,62.25333333333333,56.165,67.075,71.84166666666667,0.9433333333333334,1.4116666666666666,999.0,2021,446,6035.0,618.0
327,campaspe,330,2.0,1.0,1.0,2.123333333333333,85.25333333333333,2.8583333333333334,31.51333333333333,1.7233333333333334,23.956666666666667,999.0,2021,3312,38091.0,668.0
328,cardinia,390,4.0,2.0,2.0,5.383333333333334,22.023333333333333,9.581666666666669,28.65833333333333,3.0933333333333333,5.213333333333334,51.87,2021,7343,284976.0,831.0
329,casey,410,4.0,2.0,2.0,8.606666666666666,11.041666666666666,7.9766666666666675,24.808333333333334,2.756666666666667,4.031666666666667,47.2,2021,21896,615352.0,783.0
330,central goldfields,300,3.0,1.0,1.0,3.418333333333333,23.87,3.0,47.086666666666666,2.4233333333333333,2.42,999.0,2021,1170,13684.0,503.0
331,colac otway,350,3.0,1.0,1.0,64.52333333333334,46.11,64.445,45.306666666666665,2.533333333333333,3.625,999.0,2021,1653,21622.0,704.0
332,corangamite,315,2.0,1.0,1.0,1.28,86.32833333333333,33.95666666666667,18.27833333333333,1.8033333333333328,1.39,999.0,2021,915,16130.0,689.0
333,darebin,390,2.0,1.0,1.0,3.2583333333333333,10.29,6.891666666666667,8.883333333333333,1.975,2.3366666666666664,17.515,2021,15004,259013.0,879.0
334,east gippsland,340,3.0,1.0,2.0,20.41166666666667,64.45166666666667,19.496666666666663,87.96499999999999,3.3016666666666667,9.421666666666663,999.0,2021,5093,48247.0,603.0
335,frankston,400,3.0,2.0,2.0,6.343333333333334,19.916666666666668,6.726666666666668,22.41166666666667,2.8583333333333334,3.745,47.66833333333333,2021,14153,148191.0,805.0
336,gannawarra,255,2.0,1.0,1.0,40.975,102.725,49.443333333333335,999.0,1.5733333333333337,1.9383333333333328,999.0,2021,925,10457.0,590.0
337,glen eira,395,2.0,1.0,1.0,2.455,10.978333333333332,7.61,5.993333333333334,1.4333333333333331,1.856666666666667,24.44,2021,7733,163279.0,1021.0
338,glenelg,330,3.0,1.0,2.0,80.72833333333332,68.40166666666667,5.883333333333334,22.098333333333336,2.745,4.760000000000001,999.0,2021,1688,19622.0,640.0
339,golden plains,405,4.0,2.0,2.0,31.741666666666667,58.59333333333333,29.55333333333333,63.49333333333333,4.71,17.07,88.5,2021,580,25059.0,783.0
340,greater bendigo,375,3.0,1.0,1.0,5.628333333333333,40.623333333333335,6.739999999999999,6.788333333333333,2.4633333333333334,4.75,999.0,2021,10980,121246.0,739.0
341,greater dandenong,360,3.0,1.0,1.0,4.246666666666667,7.838333333333334,5.078333333333333,5.051666666666667,1.721666666666667,2.521666666666667,34.72,2021,19081,249348.0,618.0
342,greater geelong,410,3.0,2.0,2.0,7.213333333333334,54.435,8.07,51.888333333333335,2.5050000000000003,3.868333333333333,70.96499999999999,2021,21840,355409.0,769.0
343,greater shepparton,330,3.0,1.0,1.0,6.151666666666667,31.096666666666668,8.055,7.955,2.165,7.818333333333333,999.0,2021,9366,93190.0,712.0
344,hepburn,380,3.0,1.0,1.0,27.435,30.91,39.37166666666667,28.40333333333333,2.5933333333333333,3.691666666666667,87.72666666666667,2021,659,17600.0,666.0
345,hindmarsh,220,3.0,1.0,2.0,2.746666666666667,49.973333333333336,54.10333333333333,26.211666666666662,1.4316666666666669,26.841666666666665,999.0,2021,560,6764.0,644.0
346,hobsons bay,400,3.0,1.0,2.0,3.0683333333333334,4.95,7.458333333333333,8.75,1.6333333333333333,2.998333333333333,23.15,2021,5845,94465.0,913.0
347,horsham,330,3.0,1.0,1.0,3.455,59.575,4.13,28.85333333333333,2.9916666666666667,25.506666666666668,999.0,2021,2590,20245.0,772.0
348,hume,390,3.0,2.0,2.0,7.739999999999999,28.2,7.305000000000001,21.541666666666668,2.618333333333333,5.13,42.02666666666666,2021,21030,362248.0,665.0
349,indigo,360,3.0,1.0,1.0,22.205,47.263333333333335,32.87,60.71666666666667,1.63,2.53,999.0,2021,571,16891.0,777.0
350,kingston (vic.),430,3.0,1.0,1.0,2.8116666666666665,14.413333333333332,8.561666666666667,17.63,2.015,3.3316666666666666,43.998333333333335,2021,11256,172033.0,878.0
351,knox,437,3.0,2.0,2.0,7.406666666666666,10.496666666666666,6.748333333333333,7.823333333333333,2.3,3.4650000000000003,36.0,2021,11399,168090.0,797.0
352,latrobe (vic.),315,3.0,1.0,1.0,4.489999999999999,16.255,5.305000000000001,45.10333333333333,2.265,3.843333333333333,999.0,2021,13062,104702.0,654.0
353,loddon,235,3.0,1.0,2.0,22.596666666666668,65.99333333333333,38.91666666666666,34.580000000000005,8.81,25.956666666666667,999.0,2021,549,6996.0,554.0
354,macedon ranges,460,4.0,2.0,2.0,9.605,38.78833333333333,19.285,33.038333333333334,2.0266666666666664,2.931666666666666,65.45833333333333,2021,2668,51849.0,865.0
355,manningham,460,3.0,2.0,2.0,9.175,6.0633333333333335,5.326666666666667,5.363333333333333,2.17,2.425,22.861666666666668,2021,4744,130242.0,756.0
356,mansfield,400,3.0,1.0,2.0,61.94166666666667,94.58333333333331,6.508333333333334,137.57666666666668,2.803333333333333,6.571666666666667,999.0,2021,544,9735.0,716.0
357,maribyrnong,380,2.0,1.0,1.0,3.228333333333333,7.721666666666667,3.355,13.851666666666668,1.7383333333333333,2.2783333333333333,16.848333333333333,2021,8854,99608.0,965.0
358,maroondah,420,3.0,2.0,2.0,3.99,9.695,5.401666666666667,10.828333333333337,2.975,2.5733333333333333,34.85166666666667,2021,8011,123042.0,851.0
359,melbourne,360,2.0,1.0,0.0,2.2666666666666666,6.266666666666667,2.1733333333333333,5.17,1.53,0.9233333333333332,4.556666666666667,2021,35707,435805.0,959.0
360,melton,380,4.0,2.0,2.0,8.056666666666667,18.72833333333333,8.04,29.69333333333333,3.26,5.385000000000001,41.255,2021,13981,357802.0,786.0
361,mildura,340,3.0,1.0,2.0,999.0,999.0,6.183333333333334,999.0,2.2883333333333336,3.606666666666667,999.0,2021,6207,56944.0,694.0
362,mitchell,380,4.0,2.0,2.0,8.263333333333334,23.97,24.558333333333334,35.75333333333333,3.66,7.193333333333333,55.961666666666666,2021,5373,48117.0,789.0
363,moira,320,3.0,1.0,2.0,47.19666666666667,47.67166666666667,14.746666666666666,59.89,2.066666666666667,33.04666666666667,999.0,2021,2325,30414.0,629.0
364,monash,420,3.0,2.0,1.0,3.733333333333333,15.915,5.29,5.816666666666666,2.253333333333333,2.8266666666666667,28.148333333333333,2021,12752,245176.0,754.0
365,moonee valley,380,2.0,1.0,1.0,3.6666666666666665,7.223333333333333,5.371666666666667,10.991666666666667,1.8766666666666665,2.845,17.91,2021,7874,196615.0,954.0
366,moorabool,390,3.0,2.0,2.0,5.985,30.9,16.125,22.62833333333333,4.135,5.416666666666667,52.013333333333335,2021,2634,36185.0,802.0
367,moreland,390,2.0,1.0,1.0,2.953333333333333,4.3566666666666665,4.343333333333334,4.366666666666666,1.7633333333333332,1.6983333333333337,15.785,2021,12934,311153.0,921.0
368,mornington peninsula,496,3.0,2.0,2.0,25.385,19.096666666666668,11.188333333333333,22.075,3.591666666666667,4.375,69.45333333333333,2021,10769,201511.0,761.0
369,mount alexander,393,3.0,1.0,2.0,6.141666666666667,8.216666666666667,26.641666666666666,8.09,1.9766666666666663,20.2,999.0,2021,895,20257.0,674.0
370,moyne,345,3.0,1.0,1.0,29.15666666666667,75.18166666666666,36.32666666666667,21.45,1.585,10.601666666666668,999.0,2021,644,16868.0,767.0
371,murrindindi,358,3.0,1.0,1.0,47.72833333333333,46.70166666666667,41.59666666666667,47.43333333333333,3.915,21.633333333333333,101.69833333333332,2021,925,14844.0,673.0
372,nillumbik,430,3.0,1.0,2.0,6.236666666666666,15.733333333333333,13.101666666666668,20.46833333333333,2.2383333333333337,3.3833333333333333,39.29,2021,2146,66352.0,962.0
373,northern grampians,275,1.0,1.0,1.0,2.455,4.05,29.265,79.69833333333332,1.01,2.8366666666666664,999.0,2021,1270,11358.0,653.0
374,port phillip,400,2.0,1.0,1.0,4.2,10.71,7.611666666666666,9.503333333333334,1.7816666666666667,1.9883333333333333,13.625,2021,13408,152868.0,1289.0
375,pyrenees,265,3.0,1.0,2.0,26.756666666666668,2.881666666666667,26.063333333333333,54.88166666666667,2.393333333333333,1.595,999.0,2021,453,8000.0,579.0
377,south gippsland,350,3.0,1.0,1.0,51.62833333333333,45.66666666666666,21.336666666666662,72.44166666666666,2.6866666666666665,3.695,999.0,2021,1879,30488.0,655.0
378,southern grampians,285,2.0,1.0,1.0,78.26333333333334,21.466666666666665,2.43,46.22666666666667,1.6366666666666667,2.53,999.0,2021,1125,16155.0,699.0
379,stonnington,400,2.0,1.0,1.0,2.118333333333333,6.081666666666666,3.755,7.196666666666667,1.93,1.87,14.388333333333332,2021,11637,153589.0,1294.0
380,strathbogie,335,1.0,1.0,1.0,1.9183333333333328,62.44833333333334,38.01166666666666,44.806666666666665,0.5266666666666667,2.4883333333333337,999.0,2021,585,10941.0,653.0
381,surf coast,520,3.0,2.0,2.0,16.1,55.13166666666667,18.351666666666667,54.0,2.9016666666666664,4.433333333333334,83.01666666666667,2021,1452,34424.0,941.0
382,swan hill,280,3.0,2.0,2.0,4.766666666666667,999.0,3.585,61.54666666666667,2.216666666666667,3.943333333333333,999.0,2021,2633,20904.0,715.0
383,towong,280,2.0,1.0,1.0,52.48,128.80666666666667,49.495,2.5166666666666666,1.305,2.0216666666666665,999.0,2021,207,6099.0,689.0
384,wangaratta,360,3.0,1.0,2.0,6.3566666666666665,45.52666666666666,4.5616666666666665,70.16666666666667,2.425,4.628333333333333,999.0,2021,3134,29588.0,727.0
385,warrnambool,380,2.0,1.0,1.0,5.256666666666666,80.49833333333332,3.7233333333333336,36.318333333333335,2.055,3.558333333333333,999.0,2021,3234,36388.0,759.0
386,wellington,340,3.0,1.0,1.0,11.693333333333332,57.00833333333333,15.216666666666669,32.41,2.246666666666667,2.296666666666667,999.0,2021,4922,44605.0,658.0
387,west wimmera,220,1.0,1.0,0.0,78.16166666666666,999.0,76.20666666666666,98.705,1.4766666666666666,0.1966666666666666,999.0,2021,167,2655.0,702.0
388,whitehorse,410,2.0,2.0,1.0,4.331666666666666,9.073333333333332,7.393333333333333,6.623333333333333,2.2983333333333333,2.731666666666667,26.305,2021,9099,187580.0,778.0
389,whittlesea,380,3.0,2.0,2.0,6.001666666666667,18.76833333333333,7.521666666666666,22.57,2.6766666666666667,3.71,35.598333333333336,2021,16017,346500.0,737.0
390,wodonga,380,3.0,2.0,2.0,10.213333333333331,999.0,5.975,81.82166666666667,2.803333333333333,3.89,999.0,2021,3356,71691.0,805.0
391,wyndham,370,4.0,2.0,2.0,6.44,12.295,7.668333333333334,13.736666666666668,2.543333333333333,3.648333333333333,34.695,2021,17824,622559.0,839.0
392,yarra,450,2.0,1.0,1.0,3.283333333333333,6.468333333333334,4.3100000000000005,4.795,1.6033333333333333,1.3716666666666666,9.305,2021,13730,146105.0,1324.0
393,yarra ranges,425,3.0,2.0,2.0,4.1883333333333335,15.453333333333337,6.746666666666667,9.856666666666666,2.313333333333333,3.796666666666667,44.11833333333333,2021,8782,163147.0,808.0
394,yarriambiack,210,3.0,1.0,1.0,30.72833333333333,60.41666666666666,42.66666666666666,31.62833333333333,1.5799999999999998,3.083333333333333,999.0,2021,457,6439.0,625.0
395,alpine,450,2.0,1.0,2.0,46.42833333333333,5.346666666666667,38.88,29.88833333333333,2.5266666666666664,2.4466666666666668,999.0,2022,548,13443.0,770.4661965648512
396,ararat,335,3.0,1.0,1.0,2.428333333333333,28.92833333333333,2.536666666666666,999.0,1.4333333333333331,3.033333333333333,999.0,2022,1496,11818.0,714.1899383528587
397,ballarat,380,3.0,2.0,2.0,7.341666666666667,9.785,6.483333333333333,24.81,2.235,4.776666666666667,999.0,2022,10291,164620.0,778.0655275555034
398,banyule,430,3.0,1.0,1.0,2.8766666666666665,11.215,9.528333333333334,5.3533333333333335,1.76,2.6300000000000003,23.14,2022,7214,136251.0,957.8092722986275
399,bass coast,410,3.0,2.0,2.0,86.75,32.095,22.93,39.63,3.885,7.376666666666667,116.675,2022,3014,38059.0,652.9615494396046
400,baw baw,425,3.0,1.0,2.0,3.841666666666667,59.77333333333333,10.885,16.663333333333334,2.1366666666666663,4.1866666666666665,84.09833333333333,2022,4272,57114.0,758.0411322433306
401,bayside (vic.),595,3.0,2.0,2.0,3.425,10.456666666666669,10.056666666666668,11.656666666666666,1.9883333333333333,3.0966666666666667,31.186666666666667,2022,4398,111536.0,1143.31083570418
402,benalla,370,3.0,1.0,2.0,5.575,64.175,33.553333333333335,53.156666666666666,1.8766666666666665,4.84,999.0,2022,1390,14069.0,680.2968199422596
403,boroondara,450,3.0,2.0,2.0,2.958333333333333,7.47,5.25,8.808333333333334,1.4533333333333334,2.0983333333333336,17.675,2022,7202,247051.0,1116.717725556042
404,brimbank,375,3.0,1.0,1.0,4.4,16.438333333333333,5.04,10.2,2.125,3.28,30.26833333333333,2022,16818,257168.0,639.3573468975964
405,buloke,270,2.0,1.0,1.0,62.25333333333333,56.165,67.075,71.84166666666667,0.9433333333333334,1.4116666666666666,999.0,2022,310,5993.0,651.9494780368872
406,campaspe,365,2.0,1.0,1.0,2.123333333333333,85.25333333333333,2.8583333333333334,31.51333333333333,1.7233333333333334,23.956666666666667,999.0,2022,3230,38125.0,691.7340957936146
407,cardinia,440,4.0,2.0,2.0,5.383333333333334,22.023333333333333,9.581666666666669,28.65833333333333,3.0933333333333333,5.213333333333334,51.87,2022,6295,297735.0,865.0066495060014
408,casey,450,4.0,2.0,2.0,8.606666666666666,11.041666666666666,7.9766666666666675,24.808333333333334,2.756666666666667,4.031666666666667,47.2,2022,19617,642740.0,815.2261830219827
409,central goldfields,315,3.0,1.0,1.0,3.418333333333333,23.87,3.0,47.086666666666666,2.4233333333333333,2.42,999.0,2022,1126,13752.0,513.8707466409277
410,colac otway,395,3.0,1.0,1.0,64.52333333333334,46.11,64.445,45.306666666666665,2.533333333333333,3.625,999.0,2022,1615,21660.0,733.3390514837495
411,corangamite,340,2.0,1.0,1.0,1.28,86.32833333333333,33.95666666666667,18.27833333333333,1.8033333333333328,1.39,999.0,2022,840,16105.0,722.8750061083507
412,darebin,415,2.0,1.0,1.0,3.2583333333333333,10.29,6.891666666666667,8.883333333333333,1.975,2.3366666666666664,17.515,2022,12391,263735.0,933.6927331853376
413,east gippsland,390,3.0,1.0,2.0,20.41166666666667,64.45166666666667,19.496666666666663,87.96499999999999,3.3016666666666667,9.421666666666663,999.0,2022,4953,48687.0,624.5262124697105
414,frankston,440,3.0,2.0,2.0,6.343333333333334,19.916666666666668,6.726666666666668,22.41166666666667,2.8583333333333334,3.745,47.66833333333333,2022,11714,150070.0,837.6185164766026
415,gannawarra,260,2.0,1.0,1.0,40.975,102.725,49.443333333333335,999.0,1.5733333333333337,1.9383333333333328,999.0,2022,796,10425.0,610.3466221853397
416,glen eira,450,2.0,1.0,1.0,2.455,10.978333333333332,7.61,5.993333333333334,1.4333333333333331,1.856666666666667,24.44,2022,6545,166230.0,1077.486828594403
417,glenelg,350,3.0,1.0,2.0,80.72833333333332,68.40166666666667,5.883333333333334,22.098333333333336,2.745,4.760000000000001,999.0,2022,1717,19591.0,663.106081341512
418,golden plains,480,4.0,2.0,2.0,31.741666666666667,58.59333333333333,29.55333333333333,63.49333333333333,4.71,17.07,88.5,2022,593,25653.0,818.3181536647777
419,greater bendigo,400,3.0,1.0,1.0,5.628333333333333,40.623333333333335,6.739999999999999,6.788333333333333,2.4633333333333334,4.75,999.0,2022,10218,122965.0,769.4243713100087
420,greater dandenong,380,3.0,1.0,1.0,4.246666666666667,7.838333333333334,5.078333333333333,5.051666666666667,1.721666666666667,2.521666666666667,34.72,2022,15514,255277.0,651.3995409586909
421,greater geelong,440,3.0,2.0,2.0,7.213333333333334,54.435,8.07,51.888333333333335,2.5050000000000003,3.868333333333333,70.96499999999999,2022,19940,362076.0,808.1302389599729
422,greater shepparton,380,3.0,1.0,1.0,6.151666666666667,31.096666666666668,8.055,7.955,2.165,7.818333333333333,999.0,2022,8742,94088.0,739.7764930185854
423,hepburn,390,3.0,1.0,1.0,27.435,30.91,39.37166666666667,28.40333333333333,2.5933333333333333,3.691666666666667,87.72666666666667,2022,545,17706.0,696.6052585475301
424,hindmarsh,250,3.0,1.0,2.0,2.746666666666667,49.973333333333336,54.10333333333333,26.211666666666662,1.4316666666666669,26.841666666666665,999.0,2022,442,6731.0,678.2530620118829
425,hobsons bay,438,3.0,1.0,2.0,3.0683333333333334,4.95,7.458333333333333,8.75,1.6333333333333333,2.998333333333333,23.15,2022,5883,95670.0,961.7238829273098
426,horsham,340,3.0,1.0,1.0,3.455,59.575,4.13,28.85333333333333,2.9916666666666667,25.506666666666668,999.0,2022,2339,20307.0,807.3906720242753
427,hume,419,3.0,2.0,2.0,7.739999999999999,28.2,7.305000000000001,21.541666666666668,2.618333333333333,5.13,42.02666666666666,2022,17873,376865.0,696.1371965687586
428,indigo,400,3.0,1.0,1.0,22.205,47.263333333333335,32.87,60.71666666666667,1.63,2.53,999.0,2022,674,16999.0,807.4834253929929
429,kingston (vic.),455,3.0,1.0,1.0,2.8116666666666665,14.413333333333332,8.561666666666667,17.63,2.015,3.3316666666666666,43.998333333333335,2022,9454,174776.0,917.6538420489684
430,knox,450,3.0,2.0,2.0,7.406666666666666,10.496666666666666,6.748333333333333,7.823333333333333,2.3,3.4650000000000003,36.0,2022,9520,169652.0,826.6399113402789
431,latrobe (vic.),350,3.0,1.0,1.0,4.489999999999999,16.255,5.305000000000001,45.10333333333333,2.265,3.843333333333333,999.0,2022,10995,105254.0,678.5369745774844
432,loddon,310,3.0,1.0,2.0,22.596666666666668,65.99333333333333,38.91666666666666,34.580000000000005,8.81,25.956666666666667,999.0,2022,510,6978.0,573.2556470132148
433,macedon ranges,480,4.0,2.0,2.0,9.605,38.78833333333333,19.285,33.038333333333334,2.0266666666666664,2.931666666666666,65.45833333333333,2022,1894,52673.0,901.8865422565424
434,manningham,495,3.0,2.0,2.0,9.175,6.0633333333333335,5.326666666666667,5.363333333333333,2.17,2.425,22.861666666666668,2022,3826,131676.0,784.3249410241923
435,mansfield,475,3.0,1.0,2.0,61.94166666666667,94.58333333333331,6.508333333333334,137.57666666666668,2.803333333333333,6.571666666666667,999.0,2022,447,9882.0,746.8098339100551
436,maribyrnong,400,2.0,1.0,1.0,3.228333333333333,7.721666666666667,3.355,13.851666666666668,1.7383333333333333,2.2783333333333333,16.848333333333333,2022,8701,102216.0,1028.1150367879957
437,maroondah,440,3.0,2.0,2.0,3.99,9.695,5.401666666666667,10.828333333333337,2.975,2.5733333333333333,34.85166666666667,2022,7302,124834.0,885.9182008281014
438,melbourne,460,2.0,1.0,0.0,2.2666666666666666,6.266666666666667,2.1733333333333333,5.17,1.53,0.9233333333333332,4.556666666666667,2022,34461,451383.0,1039.1430157477762
439,melton,400,4.0,2.0,2.0,8.056666666666667,18.72833333333333,8.04,29.69333333333333,3.26,5.385000000000001,41.255,2022,12082,373101.0,814.4452158096279
440,mildura,350,3.0,1.0,2.0,999.0,999.0,6.183333333333334,999.0,2.2883333333333336,3.606666666666667,999.0,2022,6901,57362.0,725.7261427790985
441,mitchell,400,4.0,2.0,2.0,8.263333333333334,23.97,24.558333333333334,35.75333333333333,3.66,7.193333333333333,55.961666666666666,2022,3485,49385.0,820.6867138846413
442,moira,380,3.0,1.0,2.0,47.19666666666667,47.67166666666667,14.746666666666666,59.89,2.066666666666667,33.04666666666667,999.0,2022,2142,30567.0,652.4008484007322
443,monash,470,3.0,2.0,1.0,3.733333333333333,15.915,5.29,5.816666666666666,2.253333333333333,2.8266666666666667,28.148333333333333,2022,11165,249874.0,797.6698218785183
444,moonee valley,410,2.0,1.0,1.0,3.6666666666666665,7.223333333333333,5.371666666666667,10.991666666666667,1.8766666666666665,2.845,17.91,2022,7845,200090.0,1002.636388966517
445,moorabool,410,3.0,2.0,2.0,5.985,30.9,16.125,22.62833333333333,4.135,5.416666666666667,52.013333333333335,2022,2041,36835.0,840.3389561413593
446,moreland,420,2.0,1.0,1.0,2.953333333333333,4.3566666666666665,4.343333333333334,4.366666666666666,1.7633333333333332,1.6983333333333337,15.785,2022,11518,318545.0,978.610280263941
447,mornington peninsula,525,3.0,2.0,2.0,25.385,19.096666666666668,11.188333333333333,22.075,3.591666666666667,4.375,69.45333333333333,2022,8845,204430.0,790.3027228616169
448,mount alexander,443,3.0,1.0,2.0,6.141666666666667,8.216666666666667,26.641666666666666,8.09,1.9766666666666663,20.2,999.0,2022,951,20401.0,701.9712701313167
449,moyne,400,3.0,1.0,1.0,29.15666666666667,75.18166666666666,36.32666666666667,21.45,1.585,10.601666666666668,999.0,2022,778,16988.0,800.3429041605085
450,murrindindi,340,3.0,1.0,1.0,47.72833333333333,46.70166666666667,41.59666666666667,47.43333333333333,3.915,21.633333333333333,101.69833333333332,2022,815,14977.0,699.959723316828
451,nillumbik,470,3.0,1.0,2.0,6.236666666666666,15.733333333333333,13.101666666666668,20.46833333333333,2.2383333333333337,3.3833333333333333,39.29,2022,2155,66779.0,1002.1826362368096
452,northern grampians,300,1.0,1.0,1.0,2.455,4.05,29.265,79.69833333333332,1.01,2.8366666666666664,999.0,2022,1050,11313.0,685.286765275513
453,port phillip,450,2.0,1.0,1.0,4.2,10.71,7.611666666666666,9.503333333333334,1.7816666666666667,1.9883333333333333,13.625,2022,12006,156156.0,1333.6982828282585
454,pyrenees,330,3.0,1.0,2.0,26.756666666666668,2.881666666666667,26.063333333333333,54.88166666666667,2.393333333333333,1.595,999.0,2022,433,8037.0,603.1507563258996
456,south gippsland,370,3.0,1.0,1.0,51.62833333333333,45.66666666666666,21.336666666666662,72.44166666666666,2.6866666666666665,3.695,999.0,2022,1648,30702.0,681.5452617743288
457,southern grampians,300,2.0,1.0,1.0,78.26333333333334,21.466666666666665,2.43,46.22666666666667,1.6366666666666667,2.53,999.0,2022,1157,16138.0,726.5878213809336
458,stonnington,450,2.0,1.0,1.0,2.118333333333333,6.081666666666666,3.755,7.196666666666667,1.93,1.87,14.388333333333332,2022,10351,157293.0,1351.2869661883162
459,strathbogie,380,1.0,1.0,1.0,1.9183333333333328,62.44833333333334,38.01166666666666,44.806666666666665,0.5266666666666667,2.4883333333333337,999.0,2022,710,11044.0,676.7952297210924
460,surf coast,540,3.0,2.0,2.0,16.1,55.13166666666667,18.351666666666667,54.0,2.9016666666666664,4.433333333333334,83.01666666666667,2022,1350,35215.0,992.202023948122
461,swan hill,310,3.0,2.0,2.0,4.766666666666667,999.0,3.585,61.54666666666667,2.216666666666667,3.943333333333333,999.0,2022,2438,20891.0,745.5583721916367
462,towong,375,2.0,1.0,1.0,52.48,128.80666666666667,49.495,2.5166666666666666,1.305,2.0216666666666665,999.0,2022,183,6118.0,724.756818505748
463,wangaratta,380,3.0,1.0,2.0,6.3566666666666665,45.52666666666666,4.5616666666666665,70.16666666666667,2.425,4.628333333333333,999.0,2022,2366,29750.0,756.7246826176607
464,warrnambool,420,2.0,1.0,1.0,5.256666666666666,80.49833333333332,3.7233333333333336,36.318333333333335,2.055,3.558333333333333,999.0,2022,3118,36732.0,790.8469354414041
465,wellington,385,3.0,1.0,1.0,11.693333333333332,57.00833333333333,15.216666666666669,32.41,2.246666666666667,2.296666666666667,999.0,2022,4277,44812.0,679.0844864717471
466,west wimmera,230,1.0,1.0,0.0,78.16166666666666,999.0,76.20666666666666,98.705,1.4766666666666666,0.1966666666666666,999.0,2022,194,2635.0,735.7765426365422
467,whitehorse,450,2.0,2.0,1.0,4.331666666666666,9.073333333333332,7.393333333333333,6.623333333333333,2.2983333333333333,2.731666666666667,26.305,2022,7243,190824.0,814.3992903980279
468,whittlesea,410,3.0,2.0,2.0,6.001666666666667,18.76833333333333,7.521666666666666,22.57,2.6766666666666667,3.71,35.598333333333336,2022,12507,362302.0,770.2708969111685
469,wodonga,418,3.0,2.0,2.0,10.213333333333331,999.0,5.975,81.82166666666667,2.803333333333333,3.89,999.0,2022,3634,72976.0,834.1095183633116
470,wyndham,400,4.0,2.0,2.0,6.44,12.295,7.668333333333334,13.736666666666668,2.543333333333333,3.648333333333333,34.695,2022,15926,654242.0,873.7279700346861
471,yarra,525,2.0,1.0,1.0,3.283333333333333,6.468333333333334,4.3100000000000005,4.795,1.6033333333333333,1.3716666666666666,9.305,2022,11379,150031.0,1389.7685279132272
472,yarra ranges,470,3.0,2.0,2.0,4.1883333333333335,15.453333333333337,6.746666666666667,9.856666666666666,2.313333333333333,3.796666666666667,44.11833333333333,2022,7168,164873.0,839.592337086129
473,yarriambiack,300,3.0,1.0,1.0,30.72833333333333,60.41666666666666,42.66666666666666,31.62833333333333,1.5799999999999998,3.083333333333333,999.0,2022,418,6389.0,655.903158707281
474,alpine,300.0,2.0,1.0,2.0,46.42833333333333,5.346666666666667,38.88,29.88833333333333,2.5266666666666664,2.4466666666666668,999.0,2023,444,13497.0,812.0631464420081
475,ararat,400.0,3.0,1.0,1.0,2.428333333333333,28.92833333333333,2.536666666666666,999.0,1.4333333333333331,3.033333333333333,999.0,2023,1426,11853.0,744.6237489700147
476,ballarat,410.0,3.0,2.0,2.0,7.341666666666667,9.785,6.483333333333333,24.81,2.235,4.776666666666667,999.0,2023,11097,166933.0,814.7859558145677
477,banyule,550.0,3.0,1.0,1.0,2.8766666666666665,11.215,9.528333333333334,5.3533333333333335,1.76,2.6300000000000003,23.14,2023,7954,137625.0,1002.6214230614496
478,bass coast,440.0,3.0,2.0,2.0,86.75,32.095,22.93,39.63,3.885,7.376666666666667,116.675,2023,2929,38757.0,681.0843211606536
479,baw baw,435.0,3.0,1.0,2.0,3.841666666666667,59.77333333333333,10.885,16.663333333333334,2.1366666666666663,4.1866666666666665,84.09833333333333,2023,4180,58305.0,791.4963611194912
480,bayside (vic.),900.0,3.0,2.0,2.0,3.425,10.456666666666669,10.056666666666668,11.656666666666666,1.9883333333333333,3.0966666666666667,31.186666666666667,2023,5152,112969.0,1190.491500035146
481,benalla,410.0,3.0,1.0,2.0,5.575,64.175,33.553333333333335,53.156666666666666,1.8766666666666665,4.84,999.0,2023,1436,14061.0,707.6510141032893
482,boroondara,695.0,3.0,2.0,2.0,2.958333333333333,7.47,5.25,8.808333333333334,1.4533333333333334,2.0983333333333336,17.675,2023,7236,249952.0,1164.3870014669092
483,brimbank,440.0,3.0,1.0,1.0,4.4,16.438333333333333,5.04,10.2,2.125,3.28,30.26833333333333,2023,17310,261474.0,669.0307971062739
484,buloke,210.0,2.0,1.0,1.0,62.25333333333333,56.165,67.075,71.84166666666667,0.9433333333333334,1.4116666666666666,999.0,2023,392,5948.0,687.7639513148376
485,campaspe,420.0,2.0,1.0,1.0,2.123333333333333,85.25333333333333,2.8583333333333334,31.51333333333333,1.7233333333333334,23.956666666666667,999.0,2023,3662,38146.0,716.3114659931282
486,cardinia,530.0,4.0,2.0,2.0,5.383333333333334,22.023333333333333,9.581666666666669,28.65833333333333,3.0933333333333333,5.213333333333334,51.87,2023,6832,310435.0,900.404938254631
487,casey,535.0,4.0,2.0,2.0,8.606666666666666,11.041666666666666,7.9766666666666675,24.808333333333334,2.756666666666667,4.031666666666667,47.2,2023,21435,669987.0,848.778709431151
488,central goldfields,330.0,3.0,1.0,1.0,3.418333333333333,23.87,3.0,47.086666666666666,2.4233333333333333,2.42,999.0,2023,1128,13809.0,524.9764299270468
489,colac otway,380.0,3.0,1.0,1.0,64.52333333333334,46.11,64.445,45.306666666666665,2.533333333333333,3.625,999.0,2023,1503,21697.0,763.9008017487008
490,corangamite,360.0,2.0,1.0,1.0,1.28,86.32833333333333,33.95666666666667,18.27833333333333,1.8033333333333328,1.39,999.0,2023,654,16075.0,758.4154926794603
491,darebin,525.0,2.0,1.0,1.0,3.2583333333333333,10.29,6.891666666666667,8.883333333333333,1.975,2.3366666666666664,17.515,2023,13135,268366.0,991.7885324267417
492,east gippsland,430.0,3.0,1.0,2.0,20.41166666666667,64.45166666666667,19.496666666666663,87.96499999999999,3.3016666666666667,9.421666666666663,999.0,2023,4858,49106.0,646.8208790410646
493,frankston,500.0,3.0,2.0,2.0,6.343333333333334,19.916666666666668,6.726666666666668,22.41166666666667,2.8583333333333334,3.745,47.66833333333333,2023,13196,151924.0,871.5587318564777
494,gannawarra,280.0,2.0,1.0,1.0,40.975,102.725,49.443333333333335,999.0,1.5733333333333337,1.9383333333333328,999.0,2023,835,10385.0,631.3949139204302
495,glen eira,650.0,2.0,1.0,1.0,2.455,10.978333333333332,7.61,5.993333333333334,1.4333333333333331,1.856666666666667,24.44,2023,7097,169089.0,1137.0987911796517
496,glenelg,380.0,3.0,1.0,2.0,80.72833333333332,68.40166666666667,5.883333333333334,22.098333333333336,2.745,4.760000000000001,999.0,2023,1631,19553.0,687.0463673626498
497,golden plains,600.0,4.0,2.0,2.0,31.741666666666667,58.59333333333333,29.55333333333333,63.49333333333333,4.71,17.07,88.5,2023,686,26240.0,855.2293749902053
498,greater bendigo,450.0,3.0,1.0,1.0,5.628333333333333,40.623333333333335,6.739999999999999,6.788333333333333,2.4633333333333334,4.75,999.0,2023,10994,124648.0,801.1013033366742
499,greater dandenong,480.0,3.0,1.0,1.0,4.246666666666667,7.838333333333334,5.078333333333333,5.051666666666667,1.721666666666667,2.521666666666667,34.72,2023,18071,261061.0,686.6041455682738
500,greater geelong,490.0,3.0,2.0,2.0,7.213333333333334,54.435,8.07,51.888333333333335,2.5050000000000003,3.868333333333333,70.96499999999999,2023,20795,368577.0,849.2516035390155
501,greater shepparton,440.0,3.0,1.0,1.0,6.151666666666667,31.096666666666668,8.055,7.955,2.165,7.818333333333333,999.0,2023,9099,94945.0,768.6366005939284
502,hepburn,440.0,3.0,1.0,1.0,27.435,30.91,39.37166666666667,28.40333333333333,2.5933333333333333,3.691666666666667,87.72666666666667,2023,659,17799.0,728.6169463004072
503,hindmarsh,300.0,3.0,1.0,2.0,2.746666666666667,49.973333333333336,54.10333333333333,26.211666666666662,1.4316666666666669,26.841666666666665,999.0,2023,287,6697.0,714.327975354806
504,hobsons bay,520.0,3.0,1.0,2.0,3.0683333333333334,4.95,7.458333333333333,8.75,1.6333333333333333,2.998333333333333,23.15,2023,5838,96856.0,1013.0480032779648
505,horsham,400.0,3.0,1.0,1.0,3.455,59.575,4.13,28.85333333333333,2.9916666666666667,25.506666666666668,999.0,2023,2492,20355.0,844.4037529427602
506,hume,480.0,3.0,2.0,2.0,7.739999999999999,28.2,7.305000000000001,21.541666666666668,2.618333333333333,5.13,42.02666666666666,2023,17975,391308.0,728.7323254836247
507,indigo,480.0,3.0,1.0,1.0,22.205,47.263333333333335,32.87,60.71666666666667,1.63,2.53,999.0,2023,732,17096.0,839.1627828628071
508,kingston (vic.),580.0,3.0,1.0,1.0,2.8116666666666665,14.413333333333332,8.561666666666667,17.63,2.015,3.3316666666666666,43.998333333333335,2023,10951,177443.0,959.0986034478734
509,knox,550.0,3.0,2.0,2.0,7.406666666666666,10.496666666666666,6.748333333333333,7.823333333333333,2.3,3.4650000000000003,36.0,2023,9515,171173.0,857.3821116946852
510,latrobe (vic.),370.0,3.0,1.0,1.0,4.489999999999999,16.255,5.305000000000001,45.10333333333333,2.265,3.843333333333333,999.0,2023,11559,105779.0,703.9945349675318
511,loddon,320.0,3.0,1.0,2.0,22.596666666666668,65.99333333333333,38.91666666666666,34.580000000000005,8.81,25.956666666666667,999.0,2023,463,6955.0,593.1805718998909
512,macedon ranges,550.0,4.0,2.0,2.0,9.605,38.78833333333333,19.285,33.038333333333334,2.0266666666666664,2.931666666666666,65.45833333333333,2023,2172,53476.0,940.3460521427304
513,manningham,620.0,3.0,2.0,2.0,9.175,6.0633333333333335,5.326666666666667,5.363333333333333,2.17,2.425,22.861666666666668,2023,4140,133047.0,813.7111284558238
514,mansfield,480.0,3.0,1.0,2.0,61.94166666666667,94.58333333333331,6.508333333333334,137.57666666666668,2.803333333333333,6.571666666666667,999.0,2023,400,10028.0,778.9454302021844
515,maribyrnong,525.0,2.0,1.0,1.0,3.228333333333333,7.721666666666667,3.355,13.851666666666668,1.7383333333333333,2.2783333333333333,16.848333333333333,2023,8686,104784.0,1095.358061004748
516,maroondah,550.0,3.0,2.0,2.0,3.99,9.695,5.401666666666667,10.828333333333337,2.975,2.5733333333333333,34.85166666666667,2023,7628,126609.0,922.2691639935372
517,melbourne,650.0,2.0,1.0,0.0,2.2666666666666666,6.266666666666667,2.1733333333333333,5.17,1.53,0.9233333333333332,4.556666666666667,2023,34372,465314.0,1125.9835319889291
518,melton,450.0,4.0,2.0,2.0,8.056666666666667,18.72833333333333,8.04,29.69333333333333,3.26,5.385000000000001,41.255,2023,12154,388311.0,843.9198594849764
519,mildura,390.0,3.0,1.0,2.0,999.0,999.0,6.183333333333334,999.0,2.2883333333333336,3.606666666666667,999.0,2023,7610,57760.0,758.9026431023465
520,mitchell,440.0,4.0,2.0,2.0,8.263333333333334,23.97,24.558333333333334,35.75333333333333,3.66,7.193333333333333,55.961666666666666,2023,3953,50641.0,853.6459852303817
521,moira,450.0,3.0,1.0,2.0,47.19666666666667,47.67166666666667,14.746666666666666,59.89,2.066666666666667,33.04666666666667,999.0,2023,2218,30713.0,676.6722845691498
522,monash,600.0,3.0,2.0,1.0,3.733333333333333,15.915,5.29,5.816666666666666,2.253333333333333,2.8266666666666667,28.148333333333333,2023,12175,254139.0,843.8688922224233
523,moonee valley,550.0,2.0,1.0,1.0,3.6666666666666665,7.223333333333333,5.371666666666667,10.991666666666667,1.8766666666666665,2.845,17.91,2023,7692,203499.0,1053.752335932722
524,moorabool,440.0,3.0,2.0,2.0,5.985,30.9,16.125,22.62833333333333,4.135,5.416666666666667,52.013333333333335,2023,2185,37478.0,880.510674823877
525,moreland,525.0,2.0,1.0,1.0,2.953333333333333,4.3566666666666665,4.343333333333334,4.366666666666666,1.7633333333333332,1.6983333333333337,15.785,2023,12404,325824.0,1039.8241917896516
526,mornington peninsula,550.0,3.0,2.0,2.0,25.385,19.096666666666668,11.188333333333333,22.075,3.591666666666667,4.375,69.45333333333333,2023,9768,207277.0,820.7337631570113
527,mount alexander,450.0,3.0,1.0,2.0,6.141666666666667,8.216666666666667,26.641666666666666,8.09,1.9766666666666663,20.2,999.0,2023,975,20533.0,731.103359183641
528,moyne,440.0,3.0,1.0,1.0,29.15666666666667,75.18166666666666,36.32666666666667,21.45,1.585,10.601666666666668,999.0,2023,593,17105.0,835.1352858410389
529,murrindindi,390.0,3.0,1.0,1.0,47.72833333333333,46.70166666666667,41.59666666666667,47.43333333333333,3.915,21.633333333333333,101.69833333333332,2023,745,15108.0,727.999426843641
530,nillumbik,550.0,3.0,1.0,2.0,6.236666666666666,15.733333333333333,13.101666666666668,20.46833333333333,2.2383333333333337,3.3833333333333333,39.29,2023,1609,67188.0,1044.0436968550537
531,northern grampians,185.0,1.0,1.0,1.0,2.455,4.05,29.265,79.69833333333332,1.01,2.8366666666666664,999.0,2023,967,11261.0,719.1699091298254
532,port phillip,625.0,2.0,1.0,1.0,4.2,10.71,7.611666666666666,9.503333333333334,1.7816666666666667,1.9883333333333333,13.625,2023,13015,159326.0,1379.9465551738133
533,pyrenees,350.0,3.0,1.0,2.0,26.756666666666668,2.881666666666667,26.063333333333333,54.88166666666667,2.393333333333333,1.595,999.0,2023,400,8067.0,628.3088684913726
535,south gippsland,400.0,3.0,1.0,1.0,51.62833333333333,45.66666666666666,21.336666666666662,72.44166666666666,2.6866666666666665,3.695,999.0,2023,2039,30906.0,709.166326484028
536,southern grampians,300.0,2.0,1.0,1.0,78.26333333333334,21.466666666666665,2.43,46.22666666666667,1.6366666666666667,2.53,999.0,2023,1194,16115.0,755.2644666367546
537,stonnington,650.0,2.0,1.0,1.0,2.118333333333333,6.081666666666666,3.755,7.196666666666667,1.93,1.87,14.388333333333332,2023,11310,160822.0,1411.1100965922903
538,strathbogie,320.0,1.0,1.0,1.0,1.9183333333333328,62.44833333333334,38.01166666666666,44.806666666666665,0.5266666666666667,2.4883333333333337,999.0,2023,543,11146.0,701.4575543234704
539,surf coast,595.0,3.0,2.0,2.0,16.1,55.13166666666667,18.351666666666667,54.0,2.9016666666666664,4.433333333333334,83.01666666666667,2023,1060,35986.0,1046.1900704853874
540,swan hill,410.0,3.0,2.0,2.0,4.766666666666667,999.0,3.585,61.54666666666667,2.216666666666667,3.943333333333333,999.0,2023,2120,20870.0,777.4227781049555
541,towong,240.0,2.0,1.0,1.0,52.48,128.80666666666667,49.495,2.5166666666666666,1.305,2.0216666666666665,999.0,2023,174,6134.0,762.3692974899474
542,wangaratta,420.0,3.0,1.0,2.0,6.3566666666666665,45.52666666666666,4.5616666666666665,70.16666666666667,2.425,4.628333333333333,999.0,2023,2542,29904.0,787.6647115306731
543,warrnambool,450.0,2.0,1.0,1.0,5.256666666666666,80.49833333333332,3.7233333333333336,36.318333333333335,2.055,3.558333333333333,999.0,2023,3017,37062.0,824.0301387313048
544,wellington,400.0,3.0,1.0,1.0,11.693333333333332,57.00833333333333,15.216666666666669,32.41,2.246666666666667,2.296666666666667,999.0,2023,4448,45004.0,700.844589310937
545,west wimmera,240.0,1.0,1.0,0.0,78.16166666666666,999.0,76.20666666666666,98.705,1.4766666666666666,0.1966666666666666,999.0,2023,131,2615.0,771.1782346070988
546,whitehorse,595.0,2.0,2.0,1.0,4.331666666666666,9.073333333333332,7.393333333333333,6.623333333333333,2.2983333333333333,2.731666666666667,26.305,2023,8358,193913.0,852.501547815953
547,whittlesea,490.0,3.0,2.0,2.0,6.001666666666667,18.76833333333333,7.521666666666666,22.57,2.6766666666666667,3.71,35.598333333333336,2023,12943,377971.0,805.0437647602931
548,wodonga,450.0,3.0,2.0,2.0,10.213333333333331,999.0,5.975,81.82166666666667,2.803333333333333,3.89,999.0,2023,3750,74233.0,864.271662887299
549,wyndham,480.0,4.0,2.0,2.0,6.44,12.295,7.668333333333334,13.736666666666668,2.543333333333333,3.648333333333333,34.695,2023,18155,685662.0,909.8934036006356
550,yarra,650.0,2.0,1.0,1.0,3.283333333333333,6.468333333333334,4.3100000000000005,4.795,1.6033333333333333,1.3716666666666666,9.305,2023,13415,153858.0,1458.8040492281712
551,yarra ranges,530.0,3.0,2.0,2.0,4.1883333333333335,15.453333333333337,6.746666666666667,9.856666666666666,2.313333333333333,3.796666666666667,44.11833333333333,2023,7130,166556.0,872.4199164526584
552,yarriambiack,320.0,3.0,1.0,1.0,30.72833333333333,60.41666666666666,42.66666666666666,31.62833333333333,1.5799999999999998,3.083333333333333,999.0,2023,436,6338.0,688.3343257635019
