LGA_CODE_2021,M_AgriForestFish_0,M_AgriForestFish_1_19,M_AgriForestFish_20_29,M_AgriForestFish_30_34,M_AgriForestFish_35_39,M_AgriForestFish_40_44,M_AgriForestFish_45_49,M_AgriForestFish_50_over,M_AgriForestFish_hours_NS,M_AgriForestFish_Tot,M_Min_0,M_Min_1_19,M_Min_20_29,M_Min_30_34,M_Min_35_39,M_Min_40_44,M_Min_45_49,M_Min_50_over,M_Min_hours_NS,M_Min_Tot,M_Mnfg_0,M_Mnfg_1_19,M_Mnfg_20_29,M_Mnfg_30_34,M_Mnfg_35_39,M_Mnfg_40_44,M_Mnfg_45_49,M_Mnfg_50_over,M_Mnfg_hours_NS,M_Mnfg_Tot,M_EGW_WS_0,M_EGW_WS_1_19,M_EGW_WS_20_29,M_EGW_WS_30_34,M_EGW_WS_35_39,M_EGW_WS_40_44,M_EGW_WS_45_49,M_EGW_WS_50_over,M_EGW_WS_hours_NS,M_EGW_WS_Tot,M_Cnstn_0,M_Cnstn_1_19,M_Cnstn_20_29,M_Cnstn_30_34,M_Cnstn_35_39,M_Cnstn_40_44,M_Cnstn_45_49,M_Cnstn_50_over,M_Cnstn_hours_NS,M_Cnstn_Tot,M_WTrade_0,M_WTrade_1_19,M_WTrade_20_29,M_WTrade_30_34,M_WTrade_35_39,M_WTrade_40_44,M_WTrade_45_49,M_WTrade_50_over,M_WTrade_hours_NS,M_WTrade_Tot,M_RTrade_0,M_RTrade_1_19,M_RTrade_20_29,M_RTrade_30_34,M_RTrade_35_39,M_RTrade_40_44,M_RTrade_45_49,M_RTrade_50_over,M_RTrade_hours_NS,M_RTrade_Tot,M_AccomFoodS_0,M_AccomFoodS_1_19,M_AccomFoodS_20_29,M_AccomFoodS_30_34,M_AccomFoodS_35_39,M_AccomFoodS_40_44,M_AccomFoodS_45_49,M_AccomFoodS_50_over,M_AccomFoodS_hours_NS,M_AccomFoodS_Tot,M_TransPostWhse_0,M_TransPostWhse_1_19,M_TransPostWhse_20_29,M_TransPostWhse_30_34,M_TransPostWhse_35_39,M_TransPostWhse_40_44,M_TransPostWhse_45_49,M_TransPostWhse_50_over,M_TransPostWhse_hours_NS,M_TransPostWhse_Tot,M_InfoMedTelecom_0,M_InfoMedTelecom_1_19,M_InfoMedTelecom_20_29,M_InfoMedTelecom_30_34,M_InfoMedTelecom_35_39,M_InfoMedTelecom_40_44,M_InfoMedTelecom_45_49,M_InfoMedTelecom_50_over,M_InfoMedTelecom_hours_NS,M_InfoMedTelecom_Tot,M_FinInsurS_0,M_FinInsurS_1_19,M_FinInsurS_20_29,M_FinInsurS_30_34,M_FinInsurS_35_39,M_FinInsurS_40_44,M_FinInsurS_45_49,M_FinInsurS_50_over,M_FinInsurS_hours_NS,M_FinInsurS_Tot,M_RentHirREserv_0,M_RentHirREserv_1_19,M_RentHirREserv_20_29,M_RentHirREserv_30_34,M_RentHirREserv_35_39,M_RentHirREserv_40_44,M_RentHirREserv_45_49,M_RentHirREserv_50_over,M_RentHirREserv_hours_NS,M_RentHirREserv_Tot,M_ProScieTechServ_0,M_ProScieTechServ_1_19,M_ProScieTechServ_20_29,M_ProScieTechServ_30_34,M_ProScieTechServ_35_39,M_ProScieTechServ_40_44,M_ProScieTechServ_45_49,M_ProScieTechServ_50_over,M_ProScieTechServ_hours_NS,M_ProScieTechServ_Tot,M_AdminSupServ_0,M_AdminSupServ_1_19,M_AdminSupServ_20_29,M_AdminSupServ_30_34,M_AdminSupServ_35_39,M_AdminSupServ_40_44,M_AdminSupServ_45_49,M_AdminSupServ_50_over,M_AdminSupServ_hours_NS,M_AdminSupServ_Tot,M_PubAdmiSafety_0,M_PubAdmiSafety_1_19,M_PubAdmiSafety_20_29,M_PubAdmiSafety_30_34,M_PubAdmiSafety_35_39,M_PubAdmiSafety_40_44,M_PubAdmiSafety_45_49,M_PubAdmiSafety_50_over,M_PubAdmiSafety_hours_NS,M_PubAdmiSafety_Tot,M_EducTrain_0,M_EducTrain_1_19,M_EducTrain_20_29,M_EducTrain_30_34,M_EducTrain_35_39,M_EducTrain_40_44,M_EducTrain_44_49,M_EducTrain_50_over,M_EducTrain_hours_NS,M_EducTrain_Tot,M_HealthCareSocA_0,M_HealthCareSocA_1_19,M_HealthCareSocA_20_29,M_HealthCareSocA_30_34,M_HealthCareSocA_35_39,M_HealthCareSocA_40_44,M_HealthCareSocA_45_49,M_HealthCareSocA_50_over,M_HealthCareSocA_hours_NS,M_HealthCareSocA_Tot,M_ArtRecServ_0,M_ArtRecServ_1_19,M_ArtRecServ_20_29,M_ArtRecServ_30_34,M_ArtRecServ_35_39,M_ArtRecServ_40_44,M_ArtRecServ_45_49,M_ArtRecServ_50_over,M_ArtRecServ_hours_NS,M_ArtRecServ_Tot,M_OthServ_0,M_OthServ_1_19,M_OthServ_20_29,M_OthServ_30_34,M_OthServ_35_39,M_OthServ_40_44,M_OthServ_45_49,M_OthServ_50_over,M_OthServ_hours_NS,M_OthServ_Tot,M_ID_NS_0,M_ID_NS_1_19,M_ID_NS_20_29,M_ID_NS_30_34,M_ID_NS_35_39,M_ID_NS_40_44,M_ID_NS_45_49,M_ID_NS_50_over,M_ID_NS_hours_NS,M_ID_NS_Tot
LGA20110,13,17,30,18,49,68,24,117,8,356,11,4,0,0,0,0,3,10,0,23,12,19,23,17,93,84,33,45,8,336,3,0,6,0,30,26,5,10,0,82,22,29,19,34,72,123,43,106,15,468,0,8,3,4,19,10,4,18,0,76,15,53,32,14,35,30,15,25,0,220,46,102,51,29,42,58,12,46,6,377,20,21,14,9,21,18,18,36,3,157,0,0,0,0,0,11,0,0,0,18,3,3,3,4,7,12,0,4,0,41,0,10,13,5,0,8,0,11,0,51,7,11,15,15,26,40,10,30,4,157,3,30,14,6,20,12,0,5,0,93,20,10,7,4,52,61,14,26,4,196,5,15,17,15,28,22,9,17,0,137,15,11,23,21,10,19,7,17,0,137,12,7,5,11,25,12,8,15,0,100,3,13,7,5,18,18,6,17,0,90,10,10,14,9,22,14,4,16,27,124
LGA20260,22,33,37,26,42,84,43,244,11,548,6,0,0,0,4,8,0,32,0,59,12,15,16,30,78,128,32,33,0,358,0,0,0,0,11,11,3,9,0,34,14,9,14,19,43,84,19,39,3,243,0,4,5,16,31,17,5,16,0,98,10,31,17,8,29,26,10,21,0,155,8,40,14,3,7,9,0,17,0,103,6,15,8,7,14,18,0,26,0,96,0,3,0,0,4,0,0,5,0,12,0,0,0,0,3,3,0,4,0,9,0,0,0,0,3,8,0,8,0,20,0,6,0,3,3,13,7,8,0,43,0,9,5,3,4,7,0,0,4,37,17,14,8,12,83,120,11,35,6,307,4,6,7,6,20,8,8,10,0,69,13,12,14,21,48,29,7,15,4,167,3,6,3,3,3,6,0,5,0,28,3,9,10,6,20,19,3,8,0,74,6,7,0,8,16,12,0,8,26,97
LGA20570,27,62,49,32,110,134,52,193,7,666,30,21,10,3,25,60,39,167,5,350,85,137,124,111,713,887,318,436,21,2839,14,12,8,10,81,127,48,98,3,399,111,178,200,170,822,1621,441,877,49,4459,24,34,45,25,194,215,83,109,5,725,102,484,316,176,489,384,125,211,20,2304,158,655,263,107,205,147,45,113,23,1716,70,114,103,84,238,316,117,310,16,1357,24,28,28,11,125,98,53,42,0,413,12,17,17,12,101,169,48,94,0,469,10,15,15,8,64,86,37,83,3,326,33,108,105,76,309,545,125,281,11,1586,47,119,92,59,145,113,31,63,11,678,104,74,67,62,553,559,110,190,5,1723,49,213,102,122,429,370,147,282,10,1715,96,221,274,263,533,531,139,247,19,2319,41,109,46,36,85,94,14,65,9,499,40,92,69,59,227,252,73,162,10,969,50,93,61,42,205,230,75,149,185,1082
LGA20660,7,17,16,3,18,44,11,16,0,128,3,0,3,4,12,21,7,34,0,85,45,134,99,86,544,734,243,423,15,2311,13,19,14,18,126,154,39,68,0,449,145,270,248,260,741,1851,474,1036,48,5074,19,73,46,44,233,357,96,186,10,1060,94,557,299,160,445,414,133,257,13,2373,173,538,211,68,159,134,51,106,11,1455,80,148,120,75,307,413,150,263,17,1574,31,44,36,17,185,242,56,99,6,715,28,54,63,56,349,730,138,324,14,1754,18,39,36,30,88,108,33,103,0,460,57,232,155,157,780,1306,351,800,10,3849,43,171,116,71,160,171,48,94,15,885,115,119,83,85,690,855,303,333,20,2597,92,304,167,121,489,439,164,355,8,2128,116,258,238,261,488,630,156,302,16,2463,96,124,65,39,90,110,29,56,4,627,46,114,74,62,220,259,56,163,10,995,41,117,88,71,262,352,77,185,174,1367
LGA20740,21,53,41,35,36,77,24,154,20,468,14,3,0,0,3,9,8,22,0,61,17,41,28,24,115,156,52,79,5,528,13,9,4,12,53,98,15,36,4,246,78,116,117,124,312,668,118,301,33,1874,11,21,18,18,63,60,22,38,3,250,45,154,104,69,134,108,29,48,11,698,91,170,80,36,69,67,18,32,17,580,21,34,35,21,62,63,25,59,12,335,0,15,10,6,14,24,5,8,0,81,0,10,8,3,22,39,7,19,0,113,7,10,8,8,25,29,10,30,0,126,19,67,47,38,61,97,37,64,9,435,38,74,55,31,42,44,13,20,5,319,31,24,17,12,102,129,26,46,6,389,26,43,47,31,66,79,35,74,5,400,25,59,73,65,83,84,14,36,3,448,39,35,22,21,55,50,9,11,0,243,18,30,38,23,61,70,20,47,8,318,28,52,37,19,56,81,15,38,81,412
LGA20830,41,118,98,81,163,239,76,491,31,1324,21,0,5,3,23,29,14,79,3,184,42,67,40,50,346,355,173,249,11,1331,15,13,12,12,121,94,40,85,4,402,70,123,121,136,474,989,270,728,48,2949,14,29,20,16,95,116,51,91,7,432,43,158,90,56,205,158,52,95,11,874,54,214,74,35,50,57,11,36,13,531,43,42,66,42,100,142,48,206,19,712,3,17,12,9,49,47,10,25,0,169,6,8,4,7,47,64,15,38,0,190,8,11,11,11,25,34,6,41,0,138,8,48,46,28,116,173,35,140,4,611,17,73,40,31,57,59,16,40,6,331,40,33,34,22,155,229,45,94,8,655,28,92,60,48,148,118,37,105,4,642,36,69,57,77,144,140,37,59,6,623,19,26,19,16,30,31,3,20,0,176,20,51,37,28,137,199,44,128,5,655,30,55,32,25,120,146,54,90,124,663
LGA20910,0,22,12,6,14,31,12,26,3,121,0,9,0,4,7,30,14,48,0,111,23,137,71,67,253,422,184,444,8,1606,6,19,10,11,61,119,30,80,0,331,80,201,167,151,346,1008,250,888,27,3126,22,71,59,52,156,319,109,277,0,1060,88,509,245,128,264,384,107,337,10,2066,157,517,157,48,104,120,34,129,6,1281,50,101,61,36,120,229,91,203,0,885,18,32,37,33,96,204,53,163,0,641,39,106,81,68,213,620,231,667,11,2042,16,68,60,36,77,191,69,242,11,764,60,366,253,178,496,1254,420,1274,28,4315,35,100,76,63,120,173,46,123,10,749,44,67,42,40,249,348,106,169,3,1060,70,320,96,63,230,276,97,231,6,1385,55,180,139,138,237,322,106,349,9,1543,87,148,52,44,80,125,35,110,8,695,30,76,56,36,87,139,56,111,3,591,37,133,73,44,155,314,85,251,127,1222
LGA21010,11,32,37,35,28,73,14,148,18,395,0,0,3,0,0,6,4,12,0,38,9,15,8,14,109,107,31,64,7,381,3,0,5,0,23,20,3,8,0,58,27,35,23,29,133,205,49,172,14,682,9,3,3,6,24,31,4,21,0,99,5,61,29,14,40,26,15,18,3,219,12,50,11,9,14,12,0,14,0,122,10,9,17,3,23,45,11,49,0,165,0,0,0,0,10,6,0,5,0,20,0,0,0,0,3,4,0,3,0,20,0,6,6,4,5,6,0,11,0,26,3,14,8,4,15,17,8,24,3,92,3,20,14,6,6,16,3,9,0,82,8,11,8,9,54,68,16,22,0,201,7,9,9,3,19,20,13,20,0,110,5,19,25,12,33,26,8,21,0,144,0,14,4,3,5,3,0,3,0,41,0,14,9,4,19,41,9,23,0,123,10,13,6,8,33,34,12,39,39,185
LGA21110,11,42,23,13,17,40,12,56,0,212,7,12,5,3,14,46,15,48,0,155,33,158,116,101,420,620,223,540,11,2232,3,12,19,11,99,139,40,109,5,434,75,237,219,157,465,1235,314,948,32,3686,30,101,115,75,255,450,128,311,4,1471,174,975,488,255,489,625,208,464,25,3707,268,923,362,139,268,255,84,227,29,2561,73,164,166,71,244,365,112,249,13,1455,47,93,69,45,208,354,79,235,3,1134,58,164,146,126,514,1247,324,1092,15,3682,25,92,85,64,195,347,114,310,12,1242,108,613,415,323,1183,2415,664,2061,35,7809,51,184,156,74,178,259,66,166,17,1152,80,107,82,51,510,581,173,309,11,1900,117,618,238,141,481,570,193,453,14,2834,114,487,391,382,650,998,324,960,19,4327,152,232,89,55,127,158,33,129,6,992,61,137,104,48,175,183,61,127,3,903,64,188,122,76,275,473,95,346,256,1891
LGA21180,5,30,32,20,81,64,15,25,3,279,9,4,0,4,21,25,9,23,0,101,123,286,310,213,2029,1485,384,563,47,5437,23,18,22,24,185,149,44,66,7,537,184,452,488,367,1377,2152,534,945,157,6665,33,107,105,79,579,440,133,156,9,1637,147,820,610,311,903,584,159,244,56,3834,207,868,477,171,369,237,61,158,55,2601,224,511,662,378,1372,1520,410,752,119,5940,34,40,29,20,204,186,26,58,8,610,48,32,52,47,448,666,90,171,9,1571,34,48,27,23,146,134,31,61,3,507,49,141,127,82,671,874,140,312,23,2424,48,260,282,130,410,267,49,104,22,1580,97,127,140,98,732,591,134,184,17,2128,59,233,124,74,414,263,91,128,9,1400,62,186,241,230,530,470,80,147,26,1971,108,98,46,42,125,114,24,26,7,584,71,171,201,113,487,441,109,160,27,1785,89,305,281,182,932,678,160,230,717,3577
LGA21270,15,42,23,22,42,147,43,287,13,632,0,0,0,0,0,0,4,3,0,10,0,9,0,0,11,16,4,12,0,55,0,0,0,0,0,0,6,0,0,15,4,7,5,0,22,37,10,28,0,118,0,0,7,0,3,12,5,15,0,48,3,21,3,4,7,9,0,10,0,67,0,11,11,5,8,12,3,14,0,66,0,12,6,10,12,21,11,40,0,111,0,0,0,0,0,0,0,0,0,7,0,0,0,0,0,7,0,0,0,6,0,0,0,0,0,0,0,0,0,5,0,4,0,0,8,4,0,11,0,21,0,5,0,0,0,0,0,0,0,12,3,4,5,6,29,20,4,9,0,76,4,7,0,3,10,12,5,13,0,57,0,11,5,3,6,9,0,0,0,43,0,5,0,0,0,0,0,0,0,10,5,4,0,0,8,20,6,12,4,55,3,4,0,5,12,17,0,7,18,65
LGA21370,37,115,96,52,129,246,105,650,43,1472,6,0,3,0,3,5,10,30,0,61,40,48,41,48,315,398,191,228,16,1318,7,6,4,6,40,52,23,34,4,171,51,51,48,54,263,462,149,311,28,1421,11,15,8,14,53,80,22,61,5,260,37,140,61,42,148,125,36,74,3,675,57,138,51,33,74,38,9,51,6,466,32,33,45,31,54,114,43,172,8,527,0,6,4,0,12,15,0,0,0,34,3,0,7,0,9,29,8,8,0,65,4,9,8,6,11,19,9,8,0,65,11,24,18,8,52,61,14,50,4,233,10,45,22,14,36,33,0,20,5,181,20,13,16,8,99,117,21,29,0,313,8,25,17,12,82,59,27,39,0,264,28,31,55,48,78,71,22,40,3,372,14,19,8,8,27,15,5,14,0,105,11,33,25,20,92,126,30,73,5,420,21,46,19,18,76,96,27,61,98,469
LGA21450,29,87,76,41,138,188,56,230,12,854,15,3,3,7,18,31,20,55,6,160,91,131,127,125,1200,1211,415,633,31,3960,21,13,10,14,111,159,56,104,5,490,161,271,274,284,1278,2439,685,1391,105,6895,26,39,45,57,380,406,139,236,13,1332,93,430,280,154,629,509,174,247,16,2527,103,468,173,65,152,119,26,70,16,1199,96,138,165,112,388,567,219,491,35,2210,14,25,26,14,144,138,19,48,3,432,14,20,24,14,205,227,47,71,0,625,3,17,17,16,74,78,33,89,0,331,22,105,60,60,354,562,120,266,10,1548,52,101,90,77,173,196,27,99,14,831,87,51,41,51,355,475,124,142,11,1333,41,130,69,54,276,250,80,169,10,1073,39,119,140,155,314,302,64,120,7,1257,44,62,29,24,96,70,11,44,6,392,51,102,82,67,337,417,102,229,14,1398,55,120,106,74,490,499,114,251,274,1984
LGA21610,18,86,64,47,201,162,60,133,8,775,13,3,6,3,29,47,15,79,4,196,247,493,501,459,4823,3866,1201,1600,97,13285,34,42,41,49,420,431,139,261,11,1426,439,849,942,994,3601,6010,1635,2531,305,17308,89,180,155,158,1494,1357,396,557,21,4406,297,1503,952,530,2044,1637,429,654,84,8127,286,1455,675,225,587,437,113,268,49,4095,272,530,800,513,1609,2143,703,1392,140,8105,55,86,76,64,530,449,82,137,13,1496,46,86,97,73,810,1101,166,291,29,2693,49,62,56,42,294,275,96,147,17,1041,78,276,221,177,1405,2013,311,686,33,5208,99,391,414,254,660,537,123,216,50,2742,177,212,172,138,1048,1164,227,392,35,3560,118,417,204,157,823,583,169,307,18,2786,150,490,631,680,1505,1053,217,441,64,5231,117,186,90,61,205,170,35,87,13,959,146,329,317,188,1073,1031,283,444,40,3852,141,390,376,263,1771,1600,333,578,1109,6570
LGA21670,10,22,12,17,26,57,16,80,4,242,0,0,0,0,3,14,0,12,0,34,16,25,15,24,143,113,36,32,5,405,0,0,4,0,8,18,3,6,0,47,18,27,15,14,28,96,16,51,10,272,0,7,4,4,9,15,6,10,0,51,12,48,30,20,36,36,17,15,3,226,11,42,13,4,14,5,0,16,4,112,7,21,17,8,25,33,11,44,5,168,5,3,4,0,6,5,3,7,0,26,0,0,0,0,7,4,0,0,0,14,0,4,0,0,5,7,0,3,0,14,0,3,5,3,8,4,3,11,0,42,0,8,3,5,11,9,0,6,0,44,11,8,6,3,48,57,3,15,0,153,3,14,12,4,25,18,4,7,0,82,12,18,16,22,32,20,6,4,0,140,6,10,0,0,4,3,0,5,0,31,3,8,7,11,23,22,9,19,3,101,14,10,10,3,26,25,0,13,28,138
LGA21750,24,85,47,31,88,143,49,347,17,833,4,4,0,0,5,8,3,15,0,37,44,51,33,34,289,321,122,145,4,1050,3,6,0,5,18,35,10,5,0,85,37,50,41,33,138,264,93,150,16,823,6,13,5,6,17,34,13,29,3,120,10,81,36,29,80,58,20,38,12,364,40,133,38,21,48,34,10,38,7,364,18,20,16,16,34,39,27,102,4,285,6,9,3,0,11,13,3,0,0,47,0,10,0,0,12,19,3,20,0,61,0,7,0,3,0,5,4,13,0,36,4,15,15,5,22,35,13,35,0,146,8,40,29,10,36,29,11,12,0,179,20,11,3,10,71,60,9,14,0,202,7,36,12,18,30,26,13,24,0,159,7,27,35,26,36,38,15,21,4,211,12,4,9,6,13,10,0,10,0,68,11,17,10,3,46,54,20,36,0,201,14,33,15,9,53,51,13,27,50,263
LGA21830,29,105,88,52,93,203,76,788,44,1473,0,0,0,0,5,9,0,14,0,33,15,17,16,6,61,123,89,73,6,406,3,0,0,3,20,22,0,14,0,58,24,34,23,13,64,171,38,85,14,472,0,11,5,4,9,24,15,36,4,107,6,53,24,10,27,42,8,29,5,201,10,35,18,5,8,18,8,20,5,124,25,13,20,16,25,40,23,106,8,273,0,0,0,3,0,4,0,6,0,14,0,0,5,0,5,9,0,3,0,20,0,0,0,0,0,5,3,4,0,12,3,8,10,3,13,20,6,21,0,79,5,16,12,5,16,11,3,5,0,73,3,14,3,0,27,61,7,11,3,121,0,10,3,16,20,23,7,18,0,98,3,14,24,17,27,22,7,18,5,134,0,6,6,0,7,3,3,4,0,36,9,9,9,3,30,35,5,23,0,125,10,22,14,0,18,46,17,23,50,203
LGA21890,13,16,22,25,38,41,3,17,3,183,0,4,0,4,10,15,9,28,0,74,80,139,170,130,769,800,246,409,29,2763,10,17,19,17,152,145,44,58,4,469,119,276,334,265,810,1649,438,888,57,4826,28,59,60,49,307,321,93,159,4,1083,159,691,429,240,586,523,154,249,30,3057,273,765,426,202,343,224,83,167,34,2510,105,224,289,130,451,546,149,285,29,2213,46,81,76,47,276,329,83,163,4,1108,55,37,38,62,443,721,181,312,9,1853,15,43,32,21,102,117,47,115,3,494,92,256,273,238,996,1653,420,858,23,4802,61,198,228,121,258,239,44,90,11,1246,128,139,110,117,922,723,204,300,9,2660,79,462,276,198,659,571,211,406,16,2882,113,301,338,348,654,687,187,306,26,2963,123,179,113,87,182,185,38,112,10,1028,71,128,137,76,280,293,73,117,22,1201,65,163,152,99,383,450,93,201,340,1948
LGA22110,46,79,83,57,140,199,78,387,29,1107,16,6,0,5,8,11,8,48,0,101,35,56,89,68,256,217,74,110,13,914,9,3,13,7,51,60,16,20,5,188,67,85,89,95,272,576,171,333,22,1715,17,23,17,18,66,81,24,53,9,297,30,169,74,52,166,150,42,92,14,795,61,219,85,38,59,73,19,77,12,640,35,52,50,36,76,89,36,141,8,523,8,7,3,0,19,13,4,10,4,58,3,9,4,4,12,27,3,10,3,66,9,6,9,5,6,21,3,17,3,75,12,42,36,22,53,77,25,55,0,327,20,62,41,31,38,31,7,14,3,247,66,40,24,25,164,159,42,61,9,586,17,54,41,43,108,67,37,56,5,421,42,80,86,75,102,119,38,60,3,587,11,27,6,12,35,14,3,8,0,124,9,47,25,41,85,109,29,64,7,429,31,35,32,21,94,71,13,68,100,458
LGA22170,8,11,13,16,61,64,18,33,0,223,10,0,4,6,16,16,8,40,0,100,92,154,121,135,1291,1358,428,617,26,4227,15,22,23,18,125,216,60,127,3,615,243,298,361,401,1484,3165,765,1435,96,8251,28,54,43,55,416,464,174,240,5,1485,140,567,312,205,679,551,186,293,25,2956,133,664,222,94,174,138,42,88,20,1571,86,138,126,89,377,475,175,368,22,1862,29,33,20,23,149,153,30,72,4,507,16,32,34,26,191,271,77,123,4,777,13,23,21,18,87,110,43,86,0,403,32,121,104,92,408,687,156,336,14,1946,47,175,141,97,234,241,52,107,11,1104,114,77,47,58,429,621,160,213,15,1735,43,175,92,86,363,293,142,263,9,1467,73,192,189,201,410,373,78,159,13,1689,89,116,31,33,131,98,16,50,0,559,77,121,88,71,327,428,98,200,14,1431,73,136,94,61,475,577,149,240,251,2068
LGA22250,18,39,39,27,68,146,55,300,13,701,5,0,3,0,0,3,3,14,0,31,8,10,12,10,48,69,29,36,5,218,4,4,3,0,17,28,8,10,0,65,9,12,14,12,59,94,33,67,5,311,0,7,6,3,3,27,13,20,3,82,14,33,16,12,24,32,9,17,0,149,3,12,4,3,5,3,6,11,0,45,3,8,19,3,11,23,13,37,6,106,0,0,0,0,0,0,0,0,0,8,0,0,0,0,0,6,3,0,0,14,0,0,0,0,4,4,0,5,0,7,4,6,5,5,13,14,4,14,0,56,5,7,0,0,4,0,3,3,4,35,5,4,4,3,35,40,11,12,0,114,0,12,0,7,15,9,6,13,0,61,0,4,5,10,14,20,8,7,0,63,0,4,0,0,4,4,0,0,4,17,3,4,4,7,16,26,8,23,0,97,4,14,4,6,30,36,9,18,27,152
LGA22310,5,11,7,9,19,28,12,33,0,119,7,0,4,3,7,32,15,46,4,111,36,110,113,87,603,721,222,410,8,2316,12,13,14,8,110,179,40,90,0,478,114,242,248,198,635,1441,405,889,37,4216,39,87,85,63,342,431,147,261,3,1447,128,737,445,244,607,698,203,408,29,3505,245,840,351,164,278,237,60,180,30,2383,59,159,192,102,307,439,122,279,18,1681,40,81,58,40,260,348,88,226,8,1149,62,74,80,94,561,1190,297,615,11,2984,17,61,63,41,137,243,75,204,7,841,94,343,322,251,1175,2380,532,1290,28,6405,52,177,183,107,228,279,72,143,9,1255,87,127,83,75,558,607,147,242,10,1933,97,504,214,127,505,522,191,396,17,2580,97,320,321,290,564,619,185,443,13,2856,103,176,81,51,144,179,46,107,5,880,63,134,111,75,184,265,81,156,4,1075,45,165,126,83,349,465,105,297,277,1910
LGA22410,27,67,44,39,94,184,60,332,21,862,8,3,0,0,4,3,0,5,0,22,45,20,24,26,176,315,87,112,9,816,3,0,5,9,15,28,8,14,0,86,22,33,23,37,95,206,39,112,4,562,7,14,10,8,35,46,11,23,0,154,12,87,21,20,51,39,9,25,7,255,6,58,21,9,20,21,5,23,0,163,31,43,37,18,48,72,23,156,13,437,0,0,5,0,0,4,0,0,0,8,0,0,0,0,3,3,0,0,0,10,0,0,3,0,13,12,3,3,0,32,0,15,7,8,12,23,5,10,0,80,10,25,15,10,13,19,4,3,0,87,16,9,8,11,77,63,17,21,0,229,3,30,8,12,32,19,9,24,0,138,15,23,33,33,28,39,8,13,3,205,7,12,3,8,11,7,0,4,0,44,0,9,6,10,42,59,12,23,0,174,15,25,12,9,29,53,8,23,60,240
LGA22490,16,38,26,24,68,114,29,198,11,530,11,0,4,0,3,9,7,37,0,75,17,26,17,17,197,228,75,133,10,712,3,3,6,4,30,34,13,29,0,119,52,63,57,77,278,513,116,366,28,1550,15,18,11,5,58,78,24,39,0,256,19,75,49,17,78,75,18,38,3,384,36,111,21,10,18,18,3,13,0,223,30,30,23,15,63,105,45,134,9,449,0,8,0,0,9,15,8,10,0,52,0,8,4,4,16,23,11,15,0,78,0,0,0,4,13,21,4,19,0,63,8,23,13,15,53,71,28,51,3,266,5,22,27,14,31,24,7,25,3,160,25,11,8,12,109,151,29,37,0,388,5,41,18,20,58,70,20,34,4,266,20,26,35,25,54,56,22,27,0,268,3,10,7,6,15,16,6,18,0,71,16,18,16,17,67,82,22,47,3,289,8,19,14,14,57,82,25,45,55,315
LGA22620,29,100,69,56,158,202,62,247,13,952,75,22,23,12,49,196,107,492,11,986,115,163,138,130,983,1045,335,488,29,3421,21,15,15,22,100,194,46,97,0,512,147,195,181,221,831,1694,435,891,54,4657,16,49,26,28,177,214,82,132,11,725,95,515,318,191,500,374,121,214,30,2356,137,678,229,96,192,130,41,118,22,1643,74,96,112,79,262,300,123,377,30,1462,11,22,13,17,113,73,23,26,3,309,24,18,28,28,293,252,85,124,8,853,11,25,15,11,65,59,25,73,0,274,37,96,78,62,267,332,110,220,3,1196,18,128,86,83,145,117,27,48,4,656,121,81,65,99,574,562,144,180,10,1835,47,160,95,90,395,258,112,216,3,1376,96,211,263,305,526,476,111,245,13,2246,44,100,45,23,64,49,11,53,3,389,33,129,63,47,282,330,80,180,14,1150,43,107,78,53,231,269,62,167,200,1220
LGA22670,10,62,79,61,197,107,44,63,10,638,0,0,5,0,7,15,4,14,0,51,84,382,378,301,2697,1779,446,518,62,6649,10,27,23,18,155,122,31,51,5,444,137,349,434,342,1198,1594,452,458,104,5057,29,95,96,71,582,441,99,145,16,1565,97,592,487,252,838,531,130,247,47,3222,106,710,402,134,341,212,64,174,43,2187,82,330,445,227,684,789,222,376,72,3219,12,36,40,23,200,129,36,31,4,505,20,27,36,29,327,446,51,105,13,1055,19,22,19,20,112,89,25,39,4,344,22,124,116,59,667,796,92,193,19,2096,37,212,252,115,345,194,36,62,24,1275,47,81,86,55,387,273,50,99,22,1100,29,188,105,63,323,192,35,106,5,1054,44,216,291,272,539,426,64,142,24,2014,65,61,16,28,80,56,9,15,5,325,59,157,194,93,479,338,84,115,32,1554,84,309,251,189,1173,724,123,221,614,3698
LGA22750,31,112,89,70,177,226,63,189,12,959,30,10,0,4,18,71,25,120,4,285,165,257,242,201,1465,1925,560,898,56,5767,31,25,36,32,315,337,118,201,8,1112,321,570,572,612,2197,4731,1247,2531,148,12939,68,114,93,87,589,719,259,380,16,2328,251,1382,715,413,1169,1012,320,528,51,5836,401,1634,552,190,455,314,105,226,47,3925,226,355,348,222,618,1019,371,927,68,4155,26,68,40,30,173,213,44,106,3,707,35,60,59,57,462,547,156,311,10,1697,24,47,35,34,136,215,63,175,10,747,99,325,276,196,863,1330,333,738,20,4185,68,412,273,135,315,332,90,163,25,1817,267,200,169,125,1123,1463,362,429,35,4171,153,453,274,222,999,878,299,563,20,3854,209,516,560,565,1058,951,270,503,41,4666,105,236,102,69,185,189,53,107,13,1062,99,230,187,107,528,601,137,296,23,2200,106,262,169,164,532,708,158,367,469,2940
LGA22830,62,117,145,102,295,363,106,500,35,1729,6,0,0,0,7,10,5,27,0,51,61,70,69,72,483,658,348,337,25,2120,30,9,7,13,104,163,56,69,0,446,75,101,80,103,449,844,210,431,27,2324,18,34,15,16,109,136,56,94,4,477,49,266,126,77,271,215,79,120,19,1229,47,265,103,33,89,80,16,76,13,724,48,67,63,42,154,226,99,259,16,971,7,7,8,5,31,25,8,15,0,106,0,0,4,7,41,41,17,27,0,149,6,13,7,3,22,32,7,29,0,127,14,51,31,28,133,167,44,125,0,587,18,56,49,19,86,83,16,69,6,398,39,36,21,20,171,213,54,81,6,641,27,60,40,41,182,146,58,107,9,672,33,87,104,124,262,251,48,110,5,1032,12,27,13,8,25,28,3,19,4,139,24,65,47,35,186,196,63,118,11,737,26,70,50,30,151,204,50,97,174,861
LGA22910,13,31,31,23,47,76,34,119,9,373,0,0,0,0,0,0,6,9,0,19,18,25,18,13,61,65,32,56,0,298,0,0,0,0,12,13,0,6,0,39,23,43,41,42,89,186,51,102,8,587,7,10,11,3,23,26,11,13,0,95,6,58,36,12,31,43,12,22,6,224,38,80,36,19,27,25,7,45,3,284,19,22,14,18,20,43,16,50,3,195,0,12,0,3,14,16,8,12,0,57,0,6,5,11,15,9,7,18,0,65,0,0,0,5,5,9,0,9,0,36,8,32,35,24,26,66,24,51,5,277,11,32,18,15,9,16,9,14,3,125,12,7,11,10,64,53,18,32,3,213,0,29,27,9,45,36,5,23,0,181,16,30,39,27,44,28,12,25,4,223,4,16,17,3,20,15,7,6,0,90,6,18,14,11,24,35,4,24,4,138,11,22,12,7,22,38,7,20,27,180
LGA22980,7,26,23,15,47,109,32,221,3,488,0,0,0,3,0,0,0,0,0,6,0,3,0,0,47,32,5,12,0,102,0,0,0,0,3,6,0,0,3,22,8,11,7,7,31,43,14,17,0,127,0,0,0,0,7,11,4,6,0,31,0,11,0,3,10,11,4,7,0,52,4,7,4,0,6,0,0,6,0,25,10,5,12,5,20,18,0,37,5,112,0,0,0,0,5,0,0,0,0,4,0,0,0,0,0,0,0,0,0,0,0,0,0,0,0,0,0,0,0,3,0,3,0,5,0,3,0,7,0,19,0,6,3,0,6,5,0,5,0,23,3,5,3,4,31,17,4,6,0,67,0,7,6,0,9,14,5,9,0,38,0,0,7,7,16,40,0,5,0,72,0,0,0,0,13,0,0,0,0,14,0,5,4,0,3,13,5,7,0,35,0,3,0,3,14,9,4,4,10,58
LGA23110,6,4,12,11,23,27,12,22,0,101,4,5,3,0,3,17,7,23,3,62,54,95,67,65,516,610,207,353,8,1974,11,14,12,11,118,136,31,64,3,400,96,165,170,162,575,1184,308,876,55,3587,22,43,31,26,226,249,81,143,5,816,72,370,181,123,321,288,88,198,12,1646,132,397,191,72,141,108,23,96,14,1171,85,145,163,114,401,546,176,422,27,2084,12,34,16,19,129,168,36,97,3,520,25,26,28,38,266,477,90,233,7,1178,17,26,16,17,81,98,30,90,5,382,47,106,112,97,442,873,191,481,14,2352,30,90,116,49,145,152,43,86,4,714,75,66,58,45,451,468,170,201,10,1553,39,148,77,75,268,262,98,193,8,1162,36,100,96,107,206,233,63,97,0,939,65,90,39,31,84,108,39,53,4,522,31,82,78,52,156,209,65,98,7,767,45,70,83,45,225,293,61,153,190,1160
LGA23190,29,46,26,40,63,200,47,250,9,709,12,3,0,0,10,9,4,33,0,67,6,24,10,11,82,84,19,49,0,287,5,0,6,9,30,46,15,19,0,128,24,41,21,37,152,311,98,135,16,832,3,11,7,8,56,96,20,28,0,235,14,92,44,38,118,89,29,44,4,466,22,79,32,15,35,23,3,29,5,237,11,19,26,17,48,69,22,95,8,320,3,3,0,3,11,13,5,3,0,46,0,0,3,5,12,25,6,12,0,69,0,0,5,0,9,12,5,13,0,39,4,14,6,9,48,43,17,21,0,166,7,24,16,6,25,31,0,3,6,116,17,6,5,12,141,99,22,24,7,331,7,21,15,12,41,33,22,44,3,187,15,28,30,35,74,75,21,32,0,314,9,17,3,12,16,11,0,7,0,66,4,23,12,11,52,72,24,38,0,233,14,11,10,18,42,48,7,25,39,213
LGA23270,7,22,19,21,68,60,9,28,10,246,10,0,3,0,10,36,19,35,4,119,127,276,319,247,2090,1806,587,795,65,6323,19,26,19,28,228,224,66,122,9,746,266,630,787,567,2031,3539,850,1640,236,10555,37,81,103,70,608,559,158,240,27,1883,155,825,569,287,1075,765,220,330,50,4282,229,955,477,185,421,274,68,178,53,2854,326,669,934,509,1564,1934,610,1122,146,7805,26,55,38,23,247,242,48,76,13,767,34,43,44,40,484,628,83,174,12,1539,17,52,39,29,167,166,61,109,9,639,42,173,126,100,765,1087,174,326,24,2815,66,297,278,143,504,339,65,123,26,1853,136,178,192,116,1081,959,247,271,36,3209,47,234,135,112,541,410,97,209,15,1802,86,264,288,300,675,554,79,181,36,2462,92,105,38,29,108,91,29,40,3,543,101,245,247,125,596,597,142,233,44,2329,112,296,283,173,868,794,166,296,792,3775
LGA23350,15,39,38,34,51,78,37,180,6,481,0,0,0,0,0,0,4,9,0,20,33,30,26,26,139,222,71,109,4,669,4,0,0,0,10,10,3,11,0,43,26,31,27,35,96,211,45,154,6,637,5,7,8,0,19,37,8,36,0,117,11,65,24,23,37,57,19,22,4,263,26,51,28,14,25,21,5,40,0,224,12,18,26,8,31,58,26,91,7,274,0,0,0,0,10,3,7,4,0,23,0,5,0,0,5,13,0,7,0,32,0,0,0,0,4,8,0,3,0,20,3,20,12,11,27,42,9,38,0,176,8,22,10,11,10,21,4,8,4,92,27,12,12,21,87,101,16,40,3,322,5,14,16,10,59,43,15,37,0,193,16,31,27,28,44,38,7,16,0,212,0,4,3,3,4,6,0,3,0,42,8,7,8,9,23,40,7,39,5,149,10,21,4,6,20,47,13,21,29,177
LGA23430,3,18,11,5,37,47,16,31,0,168,11,10,8,0,14,29,9,27,4,102,79,203,182,144,1155,1233,402,665,24,4088,14,27,12,7,125,197,53,103,3,545,201,325,345,328,1117,2508,583,1338,99,6840,32,89,78,61,461,620,183,283,11,1826,157,765,441,228,683,660,215,388,29,3568,194,749,286,119,196,221,64,161,25,2014,98,188,237,113,420,598,175,347,21,2196,23,57,43,25,230,269,83,143,6,883,45,47,64,48,495,861,191,386,8,2141,13,42,41,20,112,166,49,114,3,565,70,230,169,153,836,1461,368,758,21,4067,69,199,195,120,255,283,69,138,14,1341,127,104,63,71,624,711,236,257,14,2202,80,274,127,92,483,477,168,340,11,2047,102,231,220,236,531,520,138,225,9,2206,87,139,65,44,163,145,46,77,3,764,72,146,124,91,334,341,108,197,16,1424,65,160,140,87,496,607,118,253,283,2216
LGA23670,4,10,13,16,33,51,14,22,0,162,11,4,0,0,16,25,6,32,3,96,99,199,139,177,1529,1573,435,696,28,4867,14,26,11,15,140,222,43,117,3,600,188,370,357,413,1372,2626,622,1170,81,7185,50,95,81,76,692,710,201,291,11,2218,151,879,460,271,826,770,242,344,32,3981,156,742,279,114,238,214,36,132,34,1941,94,153,195,135,387,553,206,333,26,2082,26,51,42,26,257,277,80,115,3,892,34,48,63,42,458,749,122,229,11,1754,16,34,24,36,120,143,43,91,6,512,67,200,158,127,904,1433,278,531,15,3713,63,200,184,120,284,302,70,128,11,1362,104,91,74,66,539,673,182,206,9,1945,69,337,137,90,468,386,154,280,5,1937,83,251,251,234,574,488,127,189,15,2216,78,120,46,36,130,87,22,43,0,566,72,145,111,85,413,499,137,259,12,1722,66,145,126,106,575,611,141,250,278,2310
LGA23810,29,52,50,27,74,96,44,207,21,602,32,3,8,11,64,79,44,111,5,362,57,63,56,57,510,475,390,217,30,1846,78,42,53,54,468,376,153,289,19,1528,101,98,111,115,506,1055,238,505,53,2785,10,28,7,14,103,113,51,73,0,407,59,308,141,96,301,210,56,134,20,1329,63,349,123,54,77,60,26,63,15,836,37,67,48,47,130,199,71,211,18,826,10,23,17,9,107,58,14,19,3,256,0,6,6,4,52,53,10,23,0,155,4,12,9,3,38,32,10,52,0,168,21,38,35,28,108,191,33,77,7,535,19,85,53,42,84,75,14,40,4,409,59,46,35,41,289,306,85,88,3,954,16,66,50,47,149,95,44,82,8,561,33,107,124,115,248,231,52,77,6,1000,17,39,16,3,27,15,3,10,0,135,20,51,28,25,179,220,47,102,9,687,44,65,36,23,156,178,53,126,154,828
LGA23940,25,45,38,30,45,125,44,365,19,726,0,3,0,0,0,6,4,10,0,27,8,7,7,3,25,44,15,27,0,143,0,0,0,4,5,0,0,9,0,14,6,7,6,14,24,38,9,37,4,156,0,3,0,5,12,11,6,10,0,45,3,23,13,4,14,7,3,10,0,69,0,14,0,5,0,0,0,5,0,25,5,8,13,9,7,14,5,22,0,81,0,0,0,0,5,0,0,0,0,6,0,0,0,0,3,4,3,0,0,10,0,0,0,0,0,0,0,0,0,3,0,4,3,6,0,6,0,8,0,34,0,3,4,10,4,7,0,6,0,26,7,0,0,3,21,21,4,0,0,57,0,0,4,3,0,5,0,11,0,24,0,0,5,7,6,11,4,0,0,40,0,3,0,0,6,0,0,0,0,13,0,8,4,0,7,11,3,4,0,37,3,6,6,5,17,20,3,16,27,101
LGA24130,16,50,54,34,35,95,22,119,3,431,6,0,6,0,5,13,8,26,0,56,33,65,57,65,247,363,110,207,13,1166,5,7,5,12,46,84,20,40,0,223,88,132,104,124,402,949,290,674,53,2814,9,20,18,9,79,100,46,92,8,376,29,219,74,48,117,125,46,92,6,764,62,183,38,34,44,38,15,45,5,466,88,88,72,44,218,255,92,217,21,1103,10,19,15,12,40,62,10,26,3,201,10,11,9,11,53,131,45,98,3,381,10,12,13,4,29,34,15,39,4,153,18,87,68,61,133,320,110,245,12,1056,13,63,26,34,51,70,27,52,4,344,67,37,37,28,264,330,95,153,6,1027,20,81,49,45,137,127,62,118,7,645,25,53,51,73,71,103,20,51,5,459,27,33,21,17,55,52,8,35,4,262,25,48,24,30,72,147,37,97,11,495,31,55,24,24,90,142,40,93,74,568
LGA24210,6,17,14,5,12,22,5,21,0,108,4,5,0,0,3,15,3,21,0,55,34,128,106,73,537,609,168,414,4,2072,12,15,5,18,85,108,21,57,0,312,130,285,301,228,630,1374,292,847,50,4136,26,88,70,71,317,373,118,219,6,1292,135,750,370,195,529,541,149,314,28,3019,180,599,284,137,228,222,58,196,22,1927,74,136,119,81,260,354,113,225,11,1373,23,44,35,21,160,266,44,98,0,689,25,68,62,59,415,731,123,375,9,1868,20,53,51,50,131,227,52,110,4,704,42,290,217,153,767,1330,274,745,16,3836,43,160,123,72,171,186,41,93,9,894,71,73,51,46,379,393,101,154,9,1267,72,296,111,77,287,305,90,193,6,1446,94,265,238,221,489,485,145,285,13,2240,78,109,39,30,56,82,11,50,0,457,37,141,99,69,200,270,64,133,8,1013,53,151,95,71,298,366,73,194,226,1531
LGA24250,7,23,30,17,27,45,22,61,9,248,9,0,0,0,0,3,4,22,0,46,5,10,6,7,17,38,8,23,0,117,0,6,6,0,8,9,5,5,0,31,25,38,31,28,78,168,32,102,11,504,0,7,0,5,7,19,0,8,0,51,11,40,14,13,18,30,21,25,0,174,15,51,23,12,28,28,11,27,3,203,7,21,12,8,21,29,11,24,3,144,0,0,0,0,0,3,0,3,0,13,0,0,0,0,10,4,4,6,0,25,4,5,9,8,3,6,0,8,0,45,6,17,6,12,8,24,12,16,3,100,0,18,6,10,7,4,10,8,0,56,7,8,9,15,33,31,10,17,0,126,10,9,11,14,27,20,5,28,0,126,6,11,8,7,9,12,6,17,0,78,4,4,5,0,11,7,0,3,0,31,0,15,8,10,11,28,9,24,3,106,9,12,5,6,21,22,6,10,20,103
LGA24330,3,7,8,4,13,36,9,15,0,100,0,5,0,3,4,7,3,23,0,48,28,90,116,54,504,468,134,225,12,1634,7,11,3,12,140,111,34,43,6,377,67,121,176,121,384,782,218,576,19,2458,16,42,40,41,193,206,62,98,0,696,71,400,303,149,419,334,78,149,23,1923,179,502,301,122,241,194,56,105,24,1724,93,190,248,124,397,428,138,258,24,1896,14,55,44,31,169,206,59,101,5,682,48,24,39,40,380,586,119,215,6,1454,8,25,18,12,89,77,22,70,0,321,29,127,118,135,601,990,224,522,5,2759,37,117,162,65,181,199,43,65,5,875,69,54,59,78,559,486,139,192,10,1654,37,212,124,104,387,327,133,198,4,1526,76,129,172,179,348,408,101,177,11,1596,89,87,62,44,103,126,38,58,3,611,37,64,83,47,146,127,36,79,9,635,40,86,100,53,268,276,56,124,250,1247
LGA24410,10,16,16,11,38,41,12,24,0,163,3,0,0,0,9,16,12,25,0,69,49,122,105,109,984,886,306,479,10,3053,8,15,12,15,110,137,39,68,0,406,142,252,254,267,943,2073,505,1007,45,5484,21,56,53,37,343,406,123,213,13,1258,111,559,298,172,531,468,150,265,11,2570,119,554,189,68,140,123,52,78,18,1337,48,122,106,71,237,321,135,225,18,1281,20,51,27,20,167,211,48,80,3,624,26,31,29,36,298,505,99,205,4,1235,12,21,10,13,86,106,15,61,3,334,61,174,122,108,624,1080,249,551,11,2984,42,141,131,78,214,204,61,82,9,963,91,84,51,62,451,572,192,205,13,1715,35,218,95,95,360,335,151,306,11,1614,70,194,178,183,376,379,108,156,9,1651,65,81,28,18,100,95,21,49,4,457,34,87,86,59,292,323,86,177,8,1146,41,105,85,53,405,373,102,197,195,1552
LGA24600,4,24,20,11,34,29,12,10,0,138,9,4,0,5,11,22,8,33,0,94,51,100,170,82,465,515,103,225,13,1733,13,15,17,20,201,193,25,55,0,530,77,161,290,89,335,743,201,571,27,2496,27,65,79,36,236,304,56,132,3,933,173,701,660,240,612,537,114,203,29,3268,675,1667,1312,416,727,488,142,233,60,5727,111,287,395,115,311,455,112,211,25,2028,52,100,75,55,368,482,73,180,14,1400,76,93,121,106,830,1588,246,530,20,3611,26,63,90,39,186,214,65,147,13,841,137,491,429,317,2075,3742,577,1261,60,9088,61,263,520,103,356,292,53,99,22,1763,88,90,100,79,791,675,174,282,10,2295,94,785,282,147,616,592,181,378,22,3095,121,302,311,304,580,732,187,441,12,2989,213,202,147,80,218,248,44,105,6,1265,65,137,148,64,181,168,48,89,10,907,93,213,230,103,342,424,62,196,368,2024
LGA24650,0,20,18,12,59,70,12,40,3,240,13,0,4,0,16,33,16,54,0,134,108,159,158,157,1338,1281,407,524,37,4156,23,14,12,12,206,223,59,122,6,676,173,422,462,388,1472,2761,727,1369,156,7922,37,65,66,57,503,506,153,230,18,1629,166,715,457,231,911,678,178,240,46,3628,179,802,284,128,254,183,44,96,41,2003,220,345,481,370,1378,1683,528,1228,124,6347,22,39,36,12,250,198,32,70,7,664,34,24,47,27,412,673,94,136,18,1466,10,31,33,23,170,154,60,84,5,572,43,111,76,87,632,993,139,252,20,2354,49,172,160,101,382,289,52,117,20,1340,97,84,81,87,749,796,172,254,26,2337,29,186,103,104,404,284,95,164,15,1375,60,152,187,263,521,467,80,169,21,1927,94,69,50,30,107,96,15,52,4,515,58,153,136,81,490,475,119,225,13,1750,72,143,137,126,628,610,113,223,514,2559
LGA24780,53,147,155,129,377,445,173,597,47,2128,20,3,3,5,13,41,17,115,0,218,20,32,27,37,287,363,87,164,14,1034,3,5,4,5,71,91,24,33,4,246,42,65,84,80,298,593,152,336,33,1696,7,12,11,13,120,154,46,82,4,453,34,238,122,85,249,186,53,97,17,1076,51,190,105,42,120,67,15,74,12,683,34,55,55,40,132,209,64,252,18,854,4,12,3,0,22,23,4,5,4,85,0,4,0,6,31,45,14,24,0,121,3,9,9,0,33,23,15,16,0,107,8,34,21,15,93,108,33,87,0,408,14,63,46,37,92,95,29,56,11,435,46,21,15,18,199,215,60,80,3,667,12,47,34,33,164,103,30,78,0,495,30,60,60,81,182,196,31,58,8,701,12,24,13,10,34,23,3,8,3,125,25,37,35,29,150,153,30,74,10,546,40,60,57,37,130,123,34,74,188,749
LGA24850,11,43,33,22,71,78,32,99,6,386,11,0,0,0,3,25,3,51,0,95,46,42,48,53,395,398,148,239,17,1379,10,0,7,7,50,62,23,62,0,230,90,125,105,134,547,1042,293,604,50,2980,11,31,19,30,115,140,45,62,7,455,29,144,69,42,201,169,37,70,5,764,47,233,66,26,55,40,7,27,9,509,58,68,92,58,190,307,114,255,21,1167,3,12,3,0,36,30,9,16,0,109,13,6,9,3,49,66,18,36,4,190,6,4,0,10,21,30,11,26,0,108,10,35,22,21,75,131,30,79,5,411,10,46,37,26,65,56,7,41,7,293,58,34,36,39,258,511,172,263,10,1381,23,44,35,28,75,68,25,54,7,356,21,47,35,47,82,81,25,31,4,376,7,18,9,3,41,36,10,19,4,136,21,38,35,13,140,155,47,72,3,541,16,45,41,32,154,171,37,101,123,726
LGA24900,50,82,95,71,186,241,86,530,33,1380,5,0,0,4,7,7,3,14,0,43,45,36,24,38,244,325,148,163,11,1027,9,4,3,6,23,49,5,16,0,115,38,41,29,43,165,390,126,229,25,1085,5,10,9,9,34,62,12,38,0,180,15,118,40,24,75,92,24,51,9,456,33,99,39,17,57,31,6,31,7,316,18,26,28,16,53,83,29,154,10,422,0,4,4,0,3,4,0,0,0,19,0,0,0,4,10,23,3,10,0,53,0,3,5,0,12,11,3,6,0,40,5,11,15,3,23,40,11,32,0,140,9,29,16,15,18,28,6,13,3,133,22,13,0,10,59,73,11,21,3,215,4,28,15,19,51,35,12,31,0,202,8,25,25,26,40,35,13,28,3,199,8,5,4,8,16,11,3,8,0,58,9,22,12,13,50,88,28,50,3,283,21,25,21,20,47,69,15,39,90,344
LGA24970,12,12,12,17,33,38,14,16,3,165,4,8,3,4,14,27,5,29,0,88,64,224,236,179,1210,1177,322,520,23,3956,16,21,21,12,171,217,40,84,3,584,103,330,397,307,944,1695,379,826,66,5045,43,134,121,74,602,657,140,259,12,2037,188,1058,684,322,880,795,201,391,36,4559,300,1093,606,215,381,344,68,193,38,3245,101,316,416,162,517,697,164,336,35,2750,29,83,67,39,357,411,89,130,11,1215,46,101,96,80,671,1235,215,397,20,2855,12,57,63,42,175,230,62,132,4,774,95,410,289,225,1480,2407,416,873,42,6237,82,359,392,120,360,307,59,121,21,1816,79,116,95,82,687,576,147,209,14,2016,88,701,263,120,669,676,166,372,17,3071,99,367,386,307,819,759,217,367,26,3342,92,161,58,45,115,123,26,41,5,665,75,211,211,99,365,354,91,178,23,1597,70,233,217,119,603,604,103,207,485,2648
LGA25060,4,14,14,6,17,29,3,19,0,110,7,0,0,0,9,19,9,31,0,75,27,127,97,80,522,602,202,410,12,2084,9,18,11,11,122,136,50,80,4,442,117,227,236,214,739,1597,433,1126,64,4748,28,61,53,35,292,335,82,216,3,1102,135,541,310,167,453,436,127,250,23,2442,202,599,299,124,219,190,52,146,26,1860,122,182,179,128,511,591,177,348,22,2262,25,40,39,22,197,249,60,118,5,757,37,48,51,45,418,781,183,386,8,1946,22,27,31,21,102,138,64,152,4,565,56,210,211,138,708,1179,341,871,18,3730,53,159,132,51,198,181,43,116,9,944,100,96,75,89,716,682,205,275,16,2252,83,313,149,94,384,373,138,289,7,1833,76,189,198,207,404,541,128,270,12,2031,122,149,61,57,141,162,39,107,3,839,49,101,87,58,182,209,73,165,15,924,42,101,109,59,323,347,77,193,223,1468
LGA25150,6,30,31,30,45,102,22,166,9,448,4,9,3,0,4,22,11,72,9,132,13,22,25,28,190,217,96,160,6,755,5,5,6,9,44,66,20,38,7,202,75,84,97,88,387,839,247,498,52,2369,12,15,10,13,71,100,39,67,0,315,27,132,66,36,123,105,35,52,7,570,42,178,34,18,36,17,6,15,11,361,52,57,62,47,152,244,102,283,18,1001,5,7,7,6,32,37,9,20,0,124,3,4,0,6,40,64,12,33,0,170,0,14,6,5,27,35,7,17,0,122,11,31,22,28,95,149,34,85,3,456,11,37,22,17,44,35,9,37,5,223,51,25,21,21,171,238,55,95,0,680,13,51,27,13,85,81,38,54,0,362,15,32,19,28,55,60,10,30,5,266,16,26,10,12,42,19,8,23,0,153,13,32,30,20,100,103,36,77,4,418,20,29,28,23,77,133,25,80,92,507
LGA25250,11,19,19,6,34,47,9,13,0,162,10,7,0,3,8,17,11,30,5,84,80,170,206,142,817,922,266,435,26,3064,11,22,26,20,173,194,61,83,8,591,143,322,325,334,958,1948,496,1115,72,5711,28,59,79,48,351,403,111,168,8,1260,173,743,485,274,722,589,142,291,36,3443,334,1095,658,275,491,331,103,194,45,3515,142,333,392,205,598,704,227,349,51,3002,62,100,71,65,312,383,79,188,3,1265,61,39,55,78,589,886,214,361,6,2288,19,24,33,21,119,163,44,103,5,532,96,298,286,272,1310,2132,486,979,33,5883,63,230,319,104,348,296,63,142,14,1586,123,127,173,170,1121,909,276,320,26,3240,92,504,279,203,778,713,240,485,22,3313,126,333,346,361,724,795,189,320,14,3214,146,210,136,88,222,261,46,119,7,1232,79,162,157,108,375,357,77,132,11,1463,57,175,165,98,462,516,106,242,376,2209
LGA25340,36,82,80,54,118,185,55,144,15,765,22,8,9,11,21,44,13,75,0,187,117,204,150,125,744,1026,395,704,22,3490,22,17,18,23,121,196,66,108,6,583,310,494,460,514,1501,3388,832,1681,143,9328,54,79,59,62,246,412,132,268,9,1315,160,747,357,216,505,513,148,378,35,3063,267,808,286,125,242,223,65,178,31,2225,88,147,123,98,201,303,115,287,30,1388,16,42,22,18,70,108,27,93,0,398,20,68,61,28,125,285,71,237,11,915,27,73,70,36,103,165,60,158,7,703,77,307,241,161,375,709,212,623,18,2729,100,260,201,157,220,273,65,143,17,1438,123,90,64,109,575,886,261,402,29,2534,91,219,138,116,325,349,164,310,18,1740,117,205,213,213,364,396,119,229,20,1867,116,149,54,52,172,145,38,101,10,832,81,146,117,86,278,336,93,196,20,1348,88,176,114,93,323,439,108,271,291,1906
LGA25430,0,17,18,10,19,52,16,67,0,218,7,4,4,0,4,12,0,14,3,52,17,33,52,37,105,173,45,74,4,545,4,0,0,0,9,18,5,5,0,50,32,57,65,41,106,193,40,103,17,650,0,10,8,10,9,21,10,20,0,86,14,117,42,23,43,34,29,40,0,339,12,69,19,9,14,16,0,25,4,169,21,22,24,18,30,37,14,44,6,209,0,11,6,3,11,14,0,11,0,60,0,7,4,7,19,18,0,10,0,65,0,10,7,5,3,13,4,9,0,43,7,40,40,34,49,79,17,53,0,325,12,39,19,14,14,12,3,8,4,123,29,14,23,25,72,98,17,32,9,324,10,40,36,32,47,42,21,48,3,276,22,43,52,47,49,55,13,21,4,297,11,22,8,13,16,23,6,16,5,110,6,14,10,11,26,48,13,21,0,158,13,24,14,15,29,37,6,28,28,195
LGA25490,31,91,72,60,86,215,92,787,39,1470,8,0,0,0,0,6,5,15,0,37,15,15,8,4,59,112,61,80,4,355,0,0,3,0,4,22,12,5,0,54,16,26,29,33,90,214,68,129,15,614,3,5,5,8,23,32,14,26,5,124,10,63,25,13,38,38,13,31,3,244,13,63,16,8,19,16,6,18,7,173,9,9,12,6,23,42,18,60,9,196,7,0,0,0,3,4,0,3,0,15,3,3,6,0,4,9,5,8,0,42,0,4,0,0,4,8,0,7,0,27,4,20,13,7,8,30,14,24,3,124,8,16,9,11,8,20,3,6,0,81,18,15,3,9,63,72,11,14,0,215,8,14,10,10,28,21,11,16,0,123,21,20,21,19,20,34,6,19,0,176,4,3,0,3,6,12,0,15,3,52,5,15,8,7,28,36,6,33,8,158,5,17,5,15,24,43,9,21,58,197
LGA25620,19,49,36,43,67,116,34,114,8,486,0,0,3,0,0,3,0,6,0,18,12,16,17,19,76,75,24,45,7,288,3,5,3,0,15,19,5,13,0,58,30,42,39,54,124,305,72,172,21,856,0,3,4,5,19,29,8,20,4,93,0,42,24,12,29,52,15,30,3,198,31,52,20,6,49,8,3,21,4,197,13,6,15,11,14,47,11,44,7,170,0,0,0,0,4,0,3,4,0,10,0,3,0,0,8,8,0,8,0,29,0,0,7,0,6,4,9,10,0,32,0,17,7,8,15,37,7,27,0,128,14,24,16,7,10,17,4,15,4,113,25,11,12,12,69,63,18,35,0,236,12,29,14,8,46,21,3,16,3,150,11,24,22,10,21,18,6,11,0,111,3,8,4,0,19,11,4,4,0,57,10,19,13,11,34,40,7,28,0,173,9,21,8,11,43,40,6,41,30,201
LGA25710,9,10,16,18,12,30,10,30,4,140,0,6,3,7,0,10,9,28,3,65,28,81,53,56,262,401,155,359,5,1409,3,6,3,9,57,71,19,54,6,231,112,206,158,193,598,1522,324,866,44,4023,20,44,32,20,132,216,90,167,4,727,75,335,126,58,139,220,61,146,6,1168,76,321,50,28,47,50,13,50,0,641,38,86,71,46,134,220,80,133,4,810,18,27,16,8,71,100,32,49,3,332,8,21,20,31,104,264,64,164,3,682,3,16,15,12,35,65,36,65,7,243,34,118,111,98,263,536,153,404,6,1719,27,69,57,44,91,130,29,62,5,517,75,44,27,32,283,353,122,138,9,1080,54,138,72,50,210,224,77,154,4,977,58,106,88,77,161,224,68,116,8,913,52,81,15,17,49,75,18,39,5,350,42,41,43,38,119,170,43,106,10,607,19,59,43,35,129,191,54,125,82,738
LGA25810,11,29,21,24,50,105,34,218,4,510,12,4,0,4,13,18,9,81,3,140,25,23,25,17,106,127,29,59,3,409,0,0,0,0,5,17,7,4,0,35,15,12,18,18,50,76,25,56,4,270,3,8,8,4,3,17,10,19,0,67,9,47,14,12,43,36,12,23,3,187,6,50,32,7,20,23,3,23,0,167,12,12,17,10,19,26,9,54,4,162,0,6,0,0,3,0,0,0,0,14,0,0,0,0,6,0,0,0,0,13,0,0,0,0,4,6,3,5,0,15,0,4,4,4,9,14,0,10,0,43,4,21,5,3,7,6,3,4,0,48,12,16,9,15,43,62,11,17,4,186,3,4,6,4,9,10,0,14,0,56,14,22,17,19,35,40,8,15,0,169,5,5,5,3,16,7,0,9,0,52,3,13,0,6,21,21,6,4,0,80,8,11,8,0,8,21,5,11,19,91
LGA25900,8,10,9,4,18,28,9,26,0,115,5,0,0,0,3,19,13,26,0,78,19,84,95,43,307,449,138,312,3,1451,3,12,9,9,100,133,32,63,0,366,80,156,212,133,412,1054,338,861,30,3270,20,44,44,42,191,272,89,183,9,883,77,313,234,153,407,419,122,230,11,1972,256,540,335,151,281,249,92,146,24,2074,78,118,162,61,238,319,80,193,7,1256,21,65,51,48,180,350,85,220,8,1037,44,63,80,60,407,748,219,560,9,2188,16,50,41,37,114,200,69,194,7,723,98,275,264,197,894,1755,488,1278,22,5272,35,124,148,75,210,278,57,140,4,1065,55,69,47,57,497,432,137,199,4,1509,60,297,143,93,350,378,126,299,14,1763,76,199,201,187,425,461,153,327,15,2050,102,154,97,55,137,222,58,126,11,959,49,95,100,52,158,141,43,90,10,747,41,94,106,63,228,397,84,241,172,1427
LGA25990,17,21,20,18,36,75,25,178,11,398,0,0,0,0,0,3,5,11,0,22,10,14,15,11,44,51,11,28,3,177,3,0,0,0,0,8,0,0,0,17,15,22,9,16,36,78,19,45,9,241,0,4,0,9,8,8,0,0,0,35,7,17,10,9,22,15,8,11,0,102,6,18,12,4,3,4,0,4,4,52,5,14,6,6,9,19,12,39,5,110,0,0,0,0,4,0,5,0,0,4,0,0,0,0,0,4,0,0,0,10,0,0,0,0,0,3,0,3,0,6,0,3,0,0,5,20,3,0,0,41,0,5,3,0,9,6,0,0,0,25,3,0,5,0,38,31,0,15,0,100,0,7,5,4,7,4,4,9,0,36,5,11,17,5,11,12,0,5,0,59,0,0,5,0,0,0,5,3,0,12,0,6,7,4,15,28,7,9,0,71,3,4,4,0,15,6,9,19,30,87
LGA26080,0,8,5,0,0,6,0,4,0,14,0,0,0,0,0,0,0,0,0,0,0,8,0,4,8,3,3,7,0,35,0,0,0,0,0,6,0,0,0,4,4,10,11,4,17,27,3,21,0,99,0,7,0,0,7,5,0,6,0,14,6,19,5,6,7,7,0,0,0,43,5,18,3,0,9,0,3,3,0,45,4,6,0,0,8,3,0,7,0,26,0,0,3,0,4,0,0,0,0,9,3,3,0,0,3,3,5,4,0,19,0,5,3,0,0,9,0,6,0,29,4,10,14,3,3,15,10,19,4,85,0,6,0,0,0,4,0,0,0,17,5,3,9,0,8,14,7,3,0,45,3,9,3,0,10,13,0,0,0,39,0,6,6,0,4,11,4,10,0,47,0,7,4,4,0,0,0,0,0,23,0,3,0,6,0,7,0,5,0,14,0,5,3,4,5,5,0,5,4,30
LGA26170,39,133,102,82,112,191,79,584,46,1370,7,0,0,0,8,13,6,24,0,56,29,30,16,44,130,162,110,119,8,642,9,8,10,3,23,49,16,25,0,142,38,78,61,69,178,446,91,258,27,1243,13,17,19,12,61,79,22,42,0,266,10,113,44,33,53,89,19,56,4,426,31,94,31,17,33,25,3,34,7,276,29,35,46,22,42,59,28,105,3,375,5,6,9,7,11,6,5,13,0,59,4,3,6,6,13,19,7,22,0,85,0,0,4,3,6,19,7,10,4,54,10,49,29,11,25,66,25,54,3,271,10,46,13,19,29,34,3,11,0,178,28,22,3,15,71,93,24,23,0,278,7,46,24,22,59,49,31,40,4,287,23,43,49,35,42,40,19,23,0,273,8,17,10,6,26,24,0,8,0,99,11,29,18,14,58,91,17,59,8,307,18,32,25,16,51,53,21,40,69,329
LGA26260,20,65,66,65,80,224,108,494,18,1145,0,0,0,3,5,6,9,21,0,47,0,16,14,6,41,52,20,38,0,194,0,0,0,0,6,16,3,12,0,37,19,10,15,30,93,207,62,99,11,557,0,12,5,0,38,47,22,36,0,162,11,57,23,15,52,56,17,23,8,264,24,37,27,17,25,28,7,25,0,185,12,9,16,12,17,40,7,54,3,172,3,0,0,0,6,8,0,3,0,32,0,0,4,0,15,8,6,10,5,42,0,0,0,0,3,6,0,9,0,19,0,16,7,10,19,32,9,25,0,107,3,20,11,4,10,15,0,3,0,76,20,14,11,7,82,67,16,12,0,223,4,14,11,10,35,32,13,32,4,154,20,19,25,29,41,63,3,24,0,230,3,9,0,7,0,4,0,10,0,32,5,17,9,3,26,40,8,28,0,150,7,23,9,4,33,34,10,29,26,186
LGA26350,9,19,11,5,20,41,11,40,0,159,3,8,8,3,8,21,17,43,0,103,16,70,67,52,268,375,116,320,6,1296,0,10,12,12,102,108,31,68,0,337,51,119,157,97,338,770,228,780,29,2575,19,63,54,36,187,319,88,196,3,972,108,434,290,141,451,454,131,330,24,2363,229,512,331,123,264,198,67,186,29,1933,52,105,112,34,158,242,66,146,7,927,35,53,38,40,202,279,85,131,6,869,41,104,116,100,423,956,291,884,29,2936,11,69,63,54,143,284,101,321,7,1055,73,340,249,202,936,1863,499,1511,25,5702,32,98,103,63,171,239,63,126,6,900,41,59,45,34,412,430,100,173,6,1307,65,324,152,86,305,336,130,267,9,1682,87,284,247,218,465,622,205,603,24,2742,72,122,72,53,110,167,49,130,15,775,54,84,95,40,139,117,38,89,0,663,31,116,97,64,217,346,101,270,155,1395
LGA26430,20,38,43,49,76,158,39,173,21,613,3,0,0,0,0,6,4,15,0,36,4,9,12,11,55,66,16,34,0,213,0,3,3,0,12,16,0,5,4,38,26,30,17,22,64,139,34,85,10,424,0,9,0,0,13,17,3,16,0,55,9,25,7,6,17,29,6,16,0,113,10,44,12,3,15,18,0,18,0,116,7,12,16,9,14,46,8,43,6,159,0,0,0,0,4,12,0,3,0,17,0,4,0,0,6,5,0,5,0,22,3,5,0,0,0,6,0,4,0,17,0,15,3,6,16,21,8,20,0,89,8,14,5,0,8,4,0,5,0,60,14,8,5,0,52,49,9,14,0,152,3,9,3,4,25,17,8,18,0,81,3,22,14,8,11,17,5,10,0,88,0,0,4,3,21,15,3,19,0,75,0,11,0,7,13,15,11,14,4,77,8,9,6,10,8,20,3,17,14,100
LGA26490,14,48,31,26,43,69,19,126,7,378,3,0,0,5,0,7,3,16,3,40,35,47,38,31,107,162,59,118,3,604,8,5,4,8,33,45,15,29,0,149,60,102,90,110,318,741,180,444,22,2075,12,17,11,11,59,105,39,58,4,319,40,171,61,41,109,147,35,77,5,681,96,249,67,33,66,69,23,53,9,665,32,37,26,12,41,70,34,73,0,330,8,4,5,7,20,36,10,29,0,124,3,9,12,9,47,95,25,76,0,288,4,9,15,5,25,25,15,44,3,147,23,78,50,64,118,233,68,184,7,818,18,46,28,18,38,55,17,33,0,256,55,33,15,13,147,204,77,79,3,624,17,67,47,34,150,125,49,101,9,606,31,69,72,66,111,117,50,67,5,577,28,34,18,13,61,51,16,17,5,243,23,34,17,11,53,49,18,46,0,254,15,35,29,24,49,101,14,74,50,394
LGA26610,42,104,85,80,312,283,113,419,30,1467,0,0,0,0,4,5,0,8,0,19,13,23,17,27,119,145,55,74,10,481,0,5,3,0,12,33,7,16,0,77,9,32,16,20,109,248,65,137,7,642,8,14,3,5,58,93,39,37,3,260,12,74,37,16,59,62,23,37,5,334,13,59,26,16,32,16,4,32,0,197,15,18,28,8,44,73,28,73,10,298,0,0,0,0,5,9,3,0,0,22,0,0,0,6,6,12,3,12,0,45,0,0,0,0,3,4,0,6,0,20,0,7,5,4,20,33,9,25,0,103,3,14,20,15,36,36,3,6,0,141,7,7,5,4,66,62,13,22,0,183,6,16,16,15,55,43,9,30,0,190,11,13,14,17,47,62,9,13,4,181,3,5,6,0,17,10,5,3,0,46,4,13,16,5,49,56,24,47,0,223,11,37,24,11,92,69,22,36,77,380
LGA26670,7,32,24,19,26,70,42,225,9,447,5,0,0,0,0,0,0,6,0,7,5,7,7,0,29,37,9,21,0,118,3,0,0,0,12,16,5,17,0,53,12,18,12,9,46,58,17,54,4,226,0,0,0,0,6,20,0,13,0,37,0,18,4,7,19,18,0,9,3,74,9,7,5,0,9,12,0,8,4,52,4,10,3,3,16,11,0,19,0,66,0,0,0,0,0,0,0,0,0,3,0,0,0,0,5,0,0,0,0,4,0,0,0,0,0,0,0,0,0,4,0,3,4,3,6,6,0,3,0,32,0,4,0,4,8,5,0,0,0,22,4,4,8,5,35,37,5,9,3,99,0,3,7,0,21,7,6,14,0,56,9,10,12,8,13,18,0,5,3,76,0,0,0,0,0,3,0,0,0,8,4,5,9,5,11,26,8,11,3,74,4,4,4,7,3,14,3,9,12,56
LGA26700,16,55,68,50,72,147,58,254,15,734,3,0,0,0,9,4,3,15,0,40,26,46,43,35,339,251,76,147,9,992,0,0,12,0,18,18,10,13,0,68,42,61,52,58,165,368,86,222,21,1054,3,19,16,11,38,51,19,42,0,193,22,93,51,47,125,98,29,51,9,529,41,179,44,27,59,37,14,37,3,434,15,28,29,30,46,75,39,131,12,407,0,0,0,5,18,8,3,11,0,53,0,5,4,4,14,22,12,14,0,76,0,0,0,0,4,16,6,16,0,47,4,26,9,11,44,67,19,38,4,219,11,51,26,14,61,27,13,22,0,237,25,16,16,9,122,159,34,56,0,439,7,24,26,21,91,55,27,42,7,296,26,38,51,73,97,108,31,65,9,496,8,12,3,9,19,13,8,14,4,86,6,23,14,17,62,99,22,41,0,284,8,20,17,13,74,65,17,50,63,331
LGA26730,22,30,33,11,48,85,27,99,8,367,10,0,0,0,5,17,6,19,0,60,33,40,37,30,270,379,178,158,14,1143,10,7,3,4,39,71,16,37,0,195,46,53,53,68,243,534,125,224,16,1351,0,23,19,10,75,82,25,50,0,285,37,196,92,62,201,170,63,76,4,910,44,227,71,45,71,62,14,47,10,585,12,33,25,16,68,92,54,110,6,424,4,10,5,3,26,25,8,11,0,82,7,9,5,0,33,43,11,27,0,134,3,8,4,10,12,17,7,30,0,93,14,38,26,15,94,86,25,75,0,372,6,40,26,10,53,47,14,8,4,203,29,39,18,16,117,157,39,43,0,456,14,66,43,27,148,96,45,70,0,505,41,62,68,84,192,171,29,78,6,729,12,17,8,15,22,19,4,13,0,106,4,27,29,10,62,89,23,49,0,299,17,31,14,7,66,84,15,51,54,345
LGA26810,31,124,94,87,126,230,97,637,37,1459,46,5,9,13,56,84,29,153,13,404,27,33,29,29,185,223,96,122,6,751,20,8,10,16,82,95,21,69,6,336,47,72,59,58,257,601,153,329,29,1611,11,9,13,5,51,72,27,54,4,241,25,151,80,53,143,114,31,68,11,678,49,150,39,22,46,38,7,45,9,407,21,35,43,14,70,102,35,142,5,470,0,9,6,0,11,14,4,8,0,54,0,5,0,0,13,17,9,14,0,55,3,5,4,4,16,18,7,27,0,90,6,32,21,19,63,80,23,58,4,301,14,41,28,22,36,37,9,15,0,207,69,44,20,26,259,356,94,204,3,1089,14,39,25,25,83,65,38,61,4,353,37,47,48,51,86,119,31,43,5,473,14,18,4,7,25,13,3,10,0,94,13,33,20,14,69,128,35,60,3,372,28,28,23,19,64,105,21,77,99,462
LGA26890,6,25,22,37,48,121,50,291,7,607,0,0,0,0,0,0,0,3,0,6,0,0,0,0,10,12,6,3,0,33,0,0,0,0,4,0,0,0,0,8,4,6,4,5,15,19,3,24,0,67,0,0,0,0,0,8,0,0,0,8,3,9,8,3,6,3,6,12,0,46,3,0,0,0,0,0,0,0,0,11,0,4,7,0,0,7,3,13,3,42,0,0,0,0,0,0,0,0,0,0,0,0,0,0,0,0,0,0,0,3,0,0,0,0,0,0,0,0,0,0,0,0,4,0,0,0,0,0,0,4,0,0,0,0,0,0,0,3,0,14,0,3,3,0,11,36,4,0,0,64,0,3,0,0,6,9,0,4,0,22,3,5,9,6,0,14,0,0,0,29,0,0,0,0,0,0,0,0,0,0,0,0,0,8,0,4,0,7,0,25,0,0,0,0,4,7,0,5,10,27
LGA26980,3,17,20,11,14,45,3,20,0,142,6,6,4,6,9,19,15,24,0,91,41,159,145,111,790,899,290,403,14,2853,8,25,17,23,173,196,48,67,0,553,150,309,368,289,785,1516,387,847,50,4703,34,82,90,52,410,493,155,247,8,1578,168,911,536,277,718,686,167,327,27,3813,255,1052,563,205,335,235,71,165,25,2909,96,251,263,110,368,487,140,241,27,1981,31,86,65,42,291,382,72,172,10,1154,47,79,73,75,625,1184,234,459,13,2784,20,75,51,45,166,224,50,140,5,783,80,349,311,213,1251,2028,473,922,20,5653,62,297,238,112,286,274,69,121,12,1475,84,130,74,67,652,635,173,258,15,2093,93,508,229,131,545,580,188,393,14,2684,81,366,352,330,689,685,206,333,12,3061,114,204,68,39,115,133,31,64,3,778,53,176,141,83,316,340,96,174,3,1386,54,209,200,103,433,492,93,189,349,2120
LGA27070,16,16,22,27,88,88,20,43,9,322,6,4,5,0,23,24,4,60,0,135,113,242,269,209,2148,1870,560,771,57,6227,16,22,22,26,221,222,84,103,3,726,258,531,618,556,2162,3884,900,1636,206,10756,34,87,90,82,640,615,163,237,14,1954,164,967,623,341,1166,872,229,349,59,4762,208,911,493,182,430,279,83,190,46,2822,218,464,622,348,1192,1559,481,827,98,5808,32,62,59,43,342,255,52,74,5,926,33,46,45,37,530,779,104,184,20,1784,23,35,29,32,177,165,52,108,7,633,45,174,151,104,930,1251,203,407,17,3278,67,261,269,141,435,340,72,114,34,1735,145,191,140,113,1075,974,231,301,35,3201,59,281,148,118,654,444,133,236,8,2084,96,296,401,433,993,801,130,238,45,3440,92,127,43,30,129,92,15,39,4,566,76,184,208,114,631,584,169,249,24,2248,101,233,212,146,950,815,140,261,611,3468
LGA27170,8,14,13,9,29,53,21,59,4,204,6,0,0,0,5,4,4,24,0,38,48,59,42,48,392,543,175,262,9,1579,3,3,0,4,25,43,12,16,0,113,43,61,63,67,290,622,192,383,23,1744,10,15,16,4,76,94,60,63,0,328,29,190,95,80,213,185,55,96,13,955,38,204,76,28,60,59,21,29,10,524,40,36,22,35,132,161,76,255,12,759,3,7,5,3,19,20,9,13,0,65,3,3,8,4,26,37,12,22,0,117,0,9,4,3,19,19,0,16,0,75,4,24,18,21,86,113,33,62,0,371,12,50,29,21,64,46,19,29,0,267,49,43,36,34,298,617,134,150,15,1381,20,44,26,19,150,107,23,53,4,455,27,59,85,78,145,138,31,57,8,636,9,24,5,0,13,10,8,5,0,82,8,35,22,21,105,122,34,78,5,419,9,35,25,15,98,101,27,39,76,433
LGA27260,14,64,90,49,190,137,49,133,14,737,11,7,0,3,20,54,14,83,3,187,123,222,255,197,2070,1863,546,709,42,6036,20,35,24,30,480,430,87,191,15,1312,230,572,847,498,1766,3118,839,1516,209,9587,58,112,126,85,850,843,219,322,18,2637,223,1116,800,483,1580,1248,261,405,88,6210,278,1159,617,269,654,417,92,201,62,3752,372,762,1194,638,2167,2790,840,1716,207,10686,44,72,70,37,630,624,81,136,19,1721,86,75,78,93,1064,2016,174,354,26,3955,26,68,76,54,341,306,86,175,17,1145,65,241,200,178,1675,3263,340,604,82,6651,71,341,348,195,646,465,113,172,35,2376,171,179,198,139,1425,1233,294,379,44,4061,72,321,174,135,737,502,124,216,19,2306,86,290,415,365,985,727,160,257,39,3326,178,153,83,58,220,189,24,51,14,982,91,217,253,122,693,595,152,239,31,2391,112,324,361,225,1050,1040,169,346,1034,4676
LGA27350,3,23,11,10,17,25,8,18,0,111,5,3,4,0,6,23,6,26,0,73,20,64,62,56,310,362,122,255,6,1258,11,12,12,12,92,109,49,62,0,355,58,108,97,106,283,743,226,722,16,2369,12,34,26,18,151,201,67,115,0,628,83,327,221,108,373,366,115,224,14,1828,219,505,316,128,228,197,73,167,17,1856,44,94,71,47,162,209,74,145,5,854,24,50,57,51,203,316,79,187,9,976,40,38,61,56,369,712,215,521,7,2014,4,15,23,19,96,162,51,155,0,523,91,261,262,243,1062,1942,599,1333,26,5809,24,78,73,52,176,210,66,93,3,775,49,71,64,77,567,474,154,261,5,1728,57,302,152,136,432,439,154,327,12,2015,97,216,226,242,477,605,187,455,12,2520,69,123,113,86,171,236,67,126,9,1001,37,61,77,50,133,135,43,92,6,638,38,88,71,55,207,288,66,192,160,1160
LGA27450,36,119,79,69,219,275,66,202,18,1085,19,11,7,0,16,22,13,51,0,131,139,229,182,180,1384,1380,419,737,33,4678,20,25,15,23,161,234,59,137,11,686,332,472,445,526,1713,3892,949,1882,137,10350,33,75,77,60,456,511,177,308,7,1699,130,602,286,203,579,572,179,350,18,2920,201,665,201,80,115,135,36,109,8,1550,89,104,127,89,303,446,190,350,26,1727,28,43,37,30,130,165,55,108,0,592,23,25,30,33,207,300,87,172,0,883,28,41,16,28,75,113,31,87,0,410,64,189,156,157,514,833,220,509,10,2656,67,236,124,112,207,314,70,149,14,1300,163,68,77,65,530,713,184,263,12,2067,90,247,160,104,430,404,173,338,13,1963,80,194,227,216,397,295,102,150,14,1674,86,108,60,41,126,104,37,27,9,596,87,181,130,110,399,591,150,336,14,1998,78,162,83,94,510,608,147,304,288,2269
LGA27630,17,29,32,25,32,124,39,260,10,573,0,0,0,0,0,0,0,3,0,4,0,3,0,0,19,14,7,17,3,65,0,0,3,0,0,10,6,7,0,23,5,3,7,9,32,40,11,14,3,124,3,0,7,5,10,30,9,6,0,64,3,16,15,4,15,14,4,13,0,84,0,9,4,3,3,3,0,9,0,30,4,6,7,0,11,23,7,28,0,92,0,0,0,0,0,0,3,0,0,7,0,0,0,0,0,0,0,0,0,4,0,0,0,0,0,0,0,0,0,0,0,0,5,0,4,3,0,6,0,19,0,4,3,0,0,7,3,6,0,19,5,8,4,9,28,16,3,4,0,70,4,6,6,0,8,9,0,9,0,42,7,10,17,13,20,19,0,4,3,101,0,0,0,0,0,0,0,0,0,0,0,4,0,3,7,19,4,9,0,45,0,3,3,0,11,6,3,8,16,48
LGA29399,0,0,0,0,0,5,0,4,0,12,0,0,0,0,0,0,0,0,0,0,0,0,0,0,0,0,0,0,0,5,0,0,0,0,0,0,0,0,0,0,0,0,0,0,3,5,0,3,0,8,0,0,0,0,0,0,0,0,0,0,0,0,0,6,0,0,0,6,0,11,6,17,18,8,23,15,8,22,6,122,7,15,11,5,6,11,4,5,0,48,0,0,0,0,0,0,0,0,0,0,0,0,0,0,0,0,0,5,0,8,0,0,0,0,0,0,0,0,0,9,0,3,0,0,0,0,6,3,0,10,3,4,3,0,0,0,0,0,0,16,0,0,0,0,0,0,0,0,0,0,5,0,0,0,0,0,0,0,0,6,0,0,0,0,0,0,0,0,0,0,0,0,3,0,6,0,0,0,0,8,0,0,0,0,0,0,0,0,0,3,0,3,0,0,0,0,0,0,3,16
LGA29499,6,8,11,7,11,10,0,7,0,59,0,0,0,0,0,0,0,7,0,4,3,0,6,4,31,17,7,14,4,82,0,5,5,0,5,5,0,0,0,16,5,12,20,9,32,51,14,21,8,174,0,0,0,0,9,9,6,3,0,28,4,16,5,0,18,9,4,0,3,61,12,27,9,6,10,10,0,7,0,86,11,11,10,4,14,14,3,12,0,84,0,0,0,0,4,7,0,3,0,15,0,0,0,0,4,15,0,7,0,25,0,0,0,0,0,7,0,0,0,12,6,8,8,3,11,22,4,8,5,59,3,10,3,0,6,10,0,3,0,41,5,0,4,4,14,18,9,11,0,68,0,10,5,0,4,3,0,0,0,31,3,0,9,4,18,9,4,5,0,51,0,3,3,0,3,4,0,0,0,19,3,0,5,0,5,7,0,0,6,32,6,6,3,5,11,16,0,6,29,87
LGA29799,0,0,0,0,0,0,0,0,0,0,0,0,0,0,0,0,0,0,0,0,0,0,0,0,0,0,0,0,0,0,0,0,0,0,0,0,0,0,0,0,0,0,0,0,0,0,0,0,0,0,0,0,0,0,0,0,0,0,0,0,0,0,0,0,0,0,0,0,0,0,0,0,0,0,0,0,0,0,0,0,0,0,0,0,0,0,0,3,0,9,0,0,0,0,0,0,0,0,0,0,0,0,0,0,0,0,0,0,0,0,0,0,0,0,0,0,0,0,0,0,0,0,0,0,0,0,0,0,0,0,0,0,0,0,0,0,0,0,0,0,0,0,0,0,0,0,0,0,0,0,0,0,0,0,0,0,0,0,0,0,0,0,0,0,0,0,0,0,0,0,0,0,0,0,0,0,0,0,0,0,0,0,0,0,0,0,0,0,0,0,0,0,0,0,0,0,0,0,0,0
