LGA_CODE_2021,A75_84_L_PinE_NS_19,A75_84_L_PinE_NS_20,A75_84_L_PinE_NS_21,A75_84_L_PinE_NS_YNS,A75_84_L_PinE_NS_T,A75_84_T_B_05,A75_84_T_05_10,A75_84_T_11_15,A75_84_T_16,A75_84_T_17,A75_84_T_18,A75_84_T_19,A75_84_T_20,A75_84_T_21,A75_84_T_YNS,A75_84_T_T,A85ov_SEO_B_05,A85ov_SEO_05_10,A85ov_SEO_11_15,A85ov_SEO_16,A85ov_SEO_17,A85ov_SEO_18,A85ov_SEO_19,A85ov_SEO_20,A85ov_SEO_21,A85ov_SEO_YNS,A85ov_SEO_T,A85ov_UOLSE_VWW_B_05,A85ov_UOLSE_VWW_05_10,A85ov_UOLSE_VWW_11_15,A85ov_UOLSE_VWW_16,A85ov_UOLSE_VWW_17,A85ov_UOLSE_VWW_18,A85ov_UOLSE_VWW_19,A85ov_UOLSE_VWW_20,A85ov_UOLSE_VWW_21,A85ov_UOLSE_VWW_YNS,A85ov_UOLSE_VWW_T,A85ov_UOLSE_NWNAA_B_05,A85ov_UOLSE_NWNAA_05_10,A85ov_UOLSE_NWNAA_11_15,A85ov_UOLSE_NWNAA_16,A85ov_UOLSE_NWNAA_17,A85ov_UOLSE_NWNAA_18,A85ov_UOLSE_NWNAA_19,A85ov_UOLSE_NWNAA_20,A85ov_UOLSE_NWNAA_21,A85ov_UOLSE_NWNAA_YNS,A85ov_UOLSE_NWNAA_T,A85ov_UOLSE_PinE_NS_B_05,A85ov_UOLSE_PinE_NS_05_10,A85ov_UOLSE_PinE_NS_11_15,A85ov_UOLSE_PinE_NS_16,A85ov_UOLSE_PinE_NS_17,A85ov_UOLSE_PinE_NS_18,A85ov_UOLSE_PinE_NS_19,A85ov_UOLSE_PinE_NS_20,A85ov_UOLSE_PinE_NS_21,A85ov_UOLSE_PinE_NS_YNS,A85ov_UOLSE_PinE_NS_T,A85ov_UOLSE_T_B_05,A85ov_UOLSE_T_05_10,A85ov_UOLSE_T_11_15,A85ov_UOLSE_T_16,A85ov_UOLSE_T_17,A85ov_UOLSE_T_18,A85ov_UOLSE_T_19,A85ov_UOLSE_T_20,A85ov_UOLSE_T_21,A85ov_UOLSE_T_YNS,A85ov_UOLSE_T_T,A85ov_L_PinE_NS_B_05,A85ov_L_PinE_NS_05_10,A85ov_L_PinE_NS_11_15,A85ov_L_PinE_NS_16,A85ov_L_PinE_NS_17,A85ov_L_PinE_NS_18,A85ov_L_PinE_NS_19,A85ov_L_PinE_NS_20,A85ov_L_PinE_NS_21,A85ov_L_PinE_NS_YNS,A85ov_L_PinE_NS_T,A85ov_T_B_05,A85ov_T_05_10,A85ov_T_11_15,A85ov_T_16,A85ov_T_17,A85ov_T_18,A85ov_T_19,A85ov_T_20,A85ov_T_21,A85ov_T_YNS,A85ov_T_T,T_SEO_B_05,T_SEO_05_10,T_SEO_11_15,T_SEO_16,T_SEO_17,T_SEO_18,T_SEO_19,T_SEO_20,T_SEO_21,T_SEO_YNS,T_SEO_T,T_UOLSE_VWW_B_05,T_UOLSE_VWW_05_10,T_UOLSE_VWW_11_15,T_UOLSE_VWW_16,T_UOLSE_VWW_17,T_UOLSE_VWW_18,T_UOLSE_VWW_19,T_UOLSE_VWW_20,T_UOLSE_VWW_21,T_UOLSE_VWW_YNS,T_UOLSE_VWW_T,T_UOLSE_NWNAA_B_05,T_UOLSE_NWNAA_05_10,T_UOLSE_NWNAA_11_15,T_UOLSE_NWNAA_16,T_UOLSE_NWNAA_17,T_UOLSE_NWNAA_18,T_UOLSE_NWNAA_19,T_UOLSE_NWNAA_20,T_UOLSE_NWNAA_21,T_UOLSE_NWNAA_YNS,T_UOLSE_NWNAA_T,T_UOLSE_PinE_NS_B_05,T_UOLSE_PinE_NS_05_10,T_UOLSE_PinE_NS_11_15,T_UOLSE_PinE_NS_16,T_UOLSE_PinE_NS_17,T_UOLSE_PinE_NS_18,T_UOLSE_PinE_NS_19,T_UOLSE_PinE_NS_20,T_UOLSE_PinE_NS_21,T_UOLSE_PinE_NS_YNS,T_UOLSE_PinE_NS_T,T_UOLSE_T_B_05,T_UOLSE_T_05_10,T_UOLSE_T_11_15,T_UOLSE_T_16,T_UOLSE_T_17,T_UOLSE_T_18,T_UOLSE_T_19,T_UOLSE_T_20,T_UOLSE_T_21,T_UOLSE_T_YNS,T_UOLSE_T_T,T_L_PinE_NS_B_05,T_L_PinE_NS_05_10,T_L_PinE_NS_11_15,T_L_PinE_NS_16,T_L_PinE_NS_17,T_L_PinE_NS_18,T_L_PinE_NS_19,T_L_PinE_NS_20,T_L_PinE_NS_21,T_L_PinE_NS_YNS,T_L_PinE_NS_T,T_T_B_05,T_T_05_10,T_T_11_15,T_T_16,T_T_17,T_T_18,T_T_19,T_T_20,T_T_21,T_T_YNS,T_T_T
LGA20110,0,0,0,0,0,290,0,0,0,0,0,0,0,0,15,312,43,0,0,0,0,0,0,0,0,8,52,45,0,0,0,0,0,0,0,0,6,49,22,0,0,0,0,0,0,0,0,0,24,0,0,0,0,0,0,0,0,0,0,0,57,0,0,0,0,0,0,0,0,11,70,0,0,0,0,0,0,0,0,0,0,0,103,0,0,0,0,0,0,0,0,14,120,988,100,61,20,12,26,15,0,0,50,1265,265,55,65,19,24,26,27,5,3,26,518,42,5,6,0,7,8,11,0,3,4,87,0,0,0,0,0,0,0,0,0,0,0,307,60,69,23,30,37,33,10,3,27,608,0,0,0,3,0,0,0,0,0,4,5,1296,161,132,44,42,62,48,11,3,81,1877
LGA20260,0,0,0,6,6,117,0,0,0,0,0,0,0,0,14,133,31,0,0,0,0,0,0,0,0,3,33,13,0,0,0,0,0,0,0,0,0,13,0,0,0,0,0,0,0,0,0,0,0,0,0,0,0,0,0,0,0,0,0,0,13,0,0,0,0,0,0,0,0,0,17,0,0,0,0,0,0,0,0,0,0,0,43,0,0,0,0,0,0,0,0,0,51,461,63,44,8,11,9,14,10,7,26,659,88,79,66,12,40,37,32,20,29,7,412,8,0,6,4,5,5,22,5,0,3,62,3,0,0,0,0,0,0,0,0,0,3,95,84,77,16,41,48,54,27,29,8,482,0,0,0,0,0,0,0,0,0,203,199,557,150,122,29,52,55,69,38,38,240,1342
LGA20570,0,0,0,3,9,1037,17,7,0,0,0,9,0,3,62,1128,274,0,0,0,0,0,0,0,0,27,306,78,0,0,0,0,0,0,0,0,9,82,27,0,0,0,0,0,0,0,0,0,27,0,0,0,0,0,0,0,0,0,0,0,105,0,0,0,0,0,0,0,0,6,107,0,0,0,0,0,0,0,0,0,7,8,377,0,6,0,0,0,0,0,0,44,424,4907,652,613,95,97,138,102,76,21,219,6913,1198,1240,1164,332,319,400,462,178,32,83,5417,103,89,88,23,21,28,55,26,4,28,477,6,5,0,0,5,0,0,3,4,3,26,1312,1336,1256,355,345,422,522,215,38,115,5921,4,0,3,0,0,0,0,0,0,27,35,6221,1992,1870,449,437,560,624,286,57,364,12871
LGA20660,0,0,0,0,3,2609,33,42,8,3,3,11,4,0,90,2800,414,0,0,0,0,0,0,0,0,28,440,486,0,0,0,0,0,4,0,0,33,523,307,8,3,0,0,0,0,0,0,27,347,9,0,0,0,0,0,0,0,0,3,9,798,10,5,0,0,0,4,0,0,64,876,3,0,0,0,0,0,0,0,0,7,9,1210,7,8,4,0,0,4,0,0,93,1325,8595,1407,1139,203,230,192,197,85,59,244,12341,7625,2669,2505,549,600,618,605,233,61,225,15686,1383,343,395,96,100,150,141,80,7,100,2791,26,3,4,0,0,0,5,0,0,7,49,9035,3016,2901,643,706,764,747,314,68,335,18532,14,8,0,0,0,0,0,0,0,15,42,17637,4428,4046,850,937,957,940,402,124,596,30915
LGA20740,0,0,0,0,3,941,9,0,0,5,0,0,0,0,43,1000,196,0,0,0,0,0,0,0,0,24,224,35,0,0,0,0,0,0,0,0,5,41,15,0,0,0,0,0,0,0,0,4,20,6,0,0,0,0,0,0,0,0,0,6,54,0,0,0,0,0,0,0,0,6,60,4,0,0,0,0,0,0,0,0,3,3,251,4,0,0,0,0,0,0,0,37,295,3866,266,236,39,25,31,31,24,0,191,4715,625,178,208,55,38,54,40,25,10,52,1287,73,19,24,0,4,3,19,5,3,5,155,7,0,0,0,0,0,0,0,0,0,4,702,191,231,55,41,64,55,24,12,60,1447,11,0,0,0,0,0,0,0,0,6,19,4579,462,466,100,66,92,87,50,12,259,6178
LGA20830,0,0,0,0,7,900,3,7,0,0,0,0,0,0,43,961,173,0,0,0,0,0,0,0,0,14,185,59,0,0,0,0,0,0,0,0,4,61,14,0,0,0,0,0,0,0,0,0,20,0,0,0,0,0,0,0,0,0,0,0,74,0,0,0,0,0,0,0,0,5,80,0,0,0,0,0,0,0,0,0,0,0,249,0,0,0,0,0,0,0,0,17,265,3797,431,258,43,47,40,48,25,7,172,4866,703,357,292,62,93,73,145,48,6,40,1825,75,17,25,8,18,20,49,23,0,8,236,4,4,0,0,0,0,0,0,0,0,5,781,379,318,74,108,89,191,66,6,47,2060,14,0,4,0,0,0,0,0,0,4,19,4592,812,571,117,151,129,236,91,21,225,6945
LGA20910,0,0,0,16,22,2221,54,15,9,6,0,15,3,0,80,2411,480,7,6,0,3,0,0,0,0,37,536,255,0,0,0,0,0,0,0,0,36,298,167,6,5,0,0,0,3,0,0,15,190,0,0,0,0,0,0,0,0,0,3,3,421,5,5,0,0,0,3,0,0,49,490,3,0,0,0,0,0,0,0,0,15,20,904,13,10,5,3,0,3,0,0,112,1046,10294,2277,1961,355,381,330,361,200,59,310,16535,4885,1316,1250,333,358,383,445,216,57,144,9393,634,117,199,56,67,65,118,89,18,65,1417,10,0,0,0,0,0,0,3,4,3,20,5529,1429,1447,387,428,445,558,309,77,210,10831,11,0,3,0,0,0,0,0,0,46,69,15833,3703,3416,740,818,774,924,512,138,571,27436
LGA21010,0,0,0,0,0,189,4,0,0,0,0,0,5,0,12,213,41,0,0,0,0,0,0,0,0,4,48,15,0,0,0,0,0,0,0,0,0,12,4,0,0,0,0,0,0,0,0,0,6,0,0,0,0,0,0,0,0,0,0,0,19,0,0,0,0,0,0,0,0,0,16,0,0,0,0,0,0,0,0,0,0,0,61,0,0,0,0,0,0,0,0,4,65,768,50,39,7,18,10,15,9,3,37,947,107,53,58,13,24,46,28,9,0,10,353,8,3,0,0,0,4,12,8,0,0,38,0,0,0,0,0,0,0,0,0,0,6,121,62,58,19,24,44,41,14,4,13,396,6,0,0,0,0,0,0,0,0,0,3,887,115,96,23,39,59,53,25,7,50,1347
LGA21110,0,0,0,4,10,3524,109,80,13,4,12,35,21,3,81,3877,563,9,3,0,0,0,3,0,0,46,625,588,3,3,0,0,0,0,0,0,23,618,425,19,11,7,8,0,9,4,0,23,504,6,0,0,0,0,0,0,0,0,11,13,1016,18,12,7,8,4,9,4,0,54,1137,0,0,0,0,0,0,0,0,0,9,12,1581,28,19,7,4,3,15,4,0,113,1771,13065,2178,1890,372,403,414,380,233,68,384,19393,13517,4440,4596,1258,1300,1410,1552,620,181,328,29201,2106,716,1005,283,269,309,531,317,74,186,5807,21,9,0,4,3,3,9,4,0,10,70,15652,5164,5607,1545,1573,1724,2089,944,260,531,35073,10,0,4,4,0,0,0,0,0,27,53,28725,7353,7499,1915,1976,2138,2469,1174,332,938,54524
LGA21180,0,0,0,11,21,6911,114,79,12,10,15,30,13,0,273,7463,309,3,0,3,0,0,0,0,0,19,330,924,3,0,0,0,0,0,0,0,49,977,1160,22,8,0,0,4,0,0,0,95,1292,14,0,0,0,0,0,0,0,0,9,23,2093,24,4,0,0,8,0,0,0,156,2290,10,0,0,0,0,0,0,0,0,10,11,2405,29,4,3,0,8,0,3,0,178,2637,9483,1482,1256,266,242,246,257,99,45,364,13744,29633,7880,7602,1857,1987,2412,2690,727,158,1205,56149,13473,2589,2955,638,579,647,919,435,137,901,23279,122,37,24,8,0,9,22,6,6,53,273,43228,10497,10579,2500,2574,3063,3628,1168,301,2164,79702,52,13,21,6,7,5,3,0,0,159,276,52765,11998,11863,2768,2818,3324,3889,1274,344,2688,93716
LGA21270,0,0,0,0,0,34,0,0,0,0,0,0,0,0,0,38,3,0,0,0,0,0,0,0,0,3,8,0,0,0,0,0,0,0,0,0,0,0,0,0,0,0,0,0,0,0,0,0,0,0,0,0,0,0,0,0,0,0,0,0,0,0,0,0,0,0,0,0,0,0,0,0,0,0,0,0,0,0,0,0,0,0,6,0,0,0,0,0,0,0,0,3,12,192,9,22,0,0,6,11,0,0,14,256,25,25,10,6,12,12,22,11,9,5,133,4,0,3,0,0,0,7,0,0,0,16,0,0,0,0,0,0,0,0,0,0,0,33,25,18,6,12,12,25,11,9,5,149,0,0,0,0,0,0,0,0,0,0,0,220,38,35,10,14,17,37,12,9,15,401
LGA21370,0,0,0,5,5,343,4,0,0,0,0,0,0,0,27,386,66,0,0,0,0,0,0,0,0,11,82,21,0,0,0,0,0,0,0,0,3,21,9,0,0,0,0,0,0,0,0,0,10,0,0,0,0,0,0,0,0,0,0,4,26,0,0,0,0,0,0,0,0,4,33,0,0,0,0,0,0,0,0,0,5,4,99,0,0,0,0,0,0,0,0,18,117,1351,144,143,19,17,28,22,12,3,95,1838,213,143,192,52,69,72,107,38,8,24,921,38,18,31,18,8,9,19,10,0,9,152,6,0,0,0,0,0,5,0,0,0,13,257,156,219,66,78,80,125,44,8,36,1085,6,0,0,0,0,0,0,0,0,8,19,1616,305,359,87,93,115,150,64,14,146,2937
LGA21450,0,0,0,5,6,1514,42,32,5,0,0,25,9,0,66,1703,307,5,0,0,0,0,0,0,0,34,354,78,0,6,0,0,0,0,0,0,7,86,43,7,0,0,0,0,0,0,0,0,48,4,0,0,0,0,0,0,0,0,0,4,123,6,7,0,0,0,0,0,0,7,138,5,0,0,0,0,0,0,0,0,4,8,428,11,7,0,0,0,0,0,0,43,496,8012,1645,1197,197,153,122,160,45,25,324,11883,3335,4314,3485,695,698,619,612,181,63,152,14154,372,236,360,77,99,108,218,89,27,48,1630,9,0,3,0,0,0,3,0,0,8,33,3717,4552,3837,773,797,722,835,274,98,209,15815,14,6,11,0,0,0,0,0,0,43,75,11742,6201,5046,969,957,845,990,318,122,577,27773
LGA21610,0,0,0,37,54,5536,307,183,52,28,27,93,56,4,245,6529,874,23,7,0,0,0,0,0,0,81,995,482,15,15,0,0,0,5,0,0,44,559,484,38,33,9,4,0,5,7,0,31,609,8,0,0,0,0,0,0,0,0,6,15,978,55,47,10,4,0,7,6,0,81,1184,5,0,0,0,0,0,0,0,0,28,30,1855,77,53,10,3,0,11,5,0,185,2206,25023,5770,3809,637,617,521,478,205,96,802,37957,31356,27846,20768,3963,4109,3884,3847,1304,420,1065,98571,5502,2913,3352,735,800,747,1316,574,292,412,16645,76,33,32,7,12,6,20,9,10,40,253,36934,30799,24151,4708,4924,4642,5182,1886,725,1519,115471,64,23,41,6,13,0,10,3,3,204,364,62018,36591,28007,5348,5551,5163,5676,2095,817,2524,153792
LGA21670,0,0,0,0,0,229,0,0,0,0,0,0,0,0,13,247,45,0,0,0,0,0,0,0,0,0,47,4,0,0,0,0,0,0,0,0,0,5,0,0,0,0,0,0,0,0,0,0,0,0,0,0,0,0,0,0,0,0,0,0,6,0,0,0,0,0,0,0,0,0,7,0,0,0,0,0,0,0,0,0,0,3,50,0,0,0,0,0,0,0,0,0,56,815,38,25,6,3,3,3,9,5,48,949,111,27,47,11,17,11,20,7,0,10,267,5,4,0,0,0,5,0,0,0,3,17,0,0,0,0,0,0,0,0,0,0,4,125,30,54,11,17,14,21,12,0,12,288,0,0,0,0,0,0,0,0,0,5,6,940,66,75,20,17,19,25,15,5,64,1241
LGA21750,0,0,0,0,0,213,3,0,0,0,0,0,0,0,8,228,50,0,0,0,0,0,0,0,0,4,60,19,0,0,0,0,0,0,0,0,0,19,0,0,0,0,0,0,0,0,0,0,0,3,0,0,0,0,0,0,0,0,0,3,19,0,0,0,0,0,0,0,0,0,19,0,0,0,0,0,0,0,0,0,0,0,72,0,0,0,0,0,0,0,0,4,79,975,99,87,18,11,28,15,3,0,52,1286,180,122,147,43,41,72,81,18,31,14,754,21,24,23,13,39,64,49,24,0,0,251,5,0,4,0,0,0,0,0,0,0,12,210,146,171,62,84,135,129,39,31,18,1018,0,0,0,0,0,0,0,0,0,0,8,1184,244,253,77,99,160,146,40,27,65,2309
LGA21830,0,0,0,0,0,130,7,0,0,0,0,0,0,0,8,137,26,0,0,0,0,0,0,0,0,4,31,0,0,0,0,0,0,0,0,0,4,4,0,0,0,0,0,0,0,0,0,0,0,0,0,0,0,0,0,0,0,0,0,0,3,0,0,0,0,0,0,0,0,4,4,0,0,0,0,0,0,0,0,0,0,0,27,0,0,0,0,0,0,0,0,4,37,620,104,59,17,9,5,17,11,6,38,881,74,36,56,14,16,27,23,10,9,7,274,3,6,0,4,0,0,10,6,4,0,28,0,0,0,0,0,0,0,0,0,0,0,81,42,62,17,16,29,32,16,10,7,304,0,0,0,0,0,0,0,0,0,4,12,703,146,120,38,22,36,50,22,8,56,1191
LGA21890,0,0,0,23,30,4801,64,30,3,3,0,17,4,0,236,5163,187,0,0,0,0,0,0,0,0,19,209,863,0,0,0,0,0,3,0,0,37,904,1214,5,3,0,0,3,0,0,0,156,1389,8,0,0,0,0,0,0,0,0,5,14,2080,5,9,0,0,3,3,0,0,203,2303,7,0,0,0,0,0,0,0,0,50,56,2276,5,10,0,0,8,6,0,0,270,2568,8332,1910,1964,424,415,460,396,144,67,323,14440,12166,2862,3277,923,1165,1487,1457,405,73,426,24244,5198,516,522,143,208,288,285,129,22,408,7718,59,3,5,4,6,0,6,3,8,28,120,17422,3376,3806,1072,1374,1781,1745,536,105,860,32089,33,4,0,0,0,0,0,0,0,113,161,25783,5297,5777,1489,1794,2240,2150,676,172,1295,46684
LGA22110,0,0,0,3,3,974,15,5,0,0,0,0,0,0,56,1057,195,0,0,0,0,0,0,0,0,18,215,46,0,0,0,0,0,0,0,0,5,48,6,0,0,0,0,0,0,0,0,0,10,0,0,0,0,0,0,0,0,0,0,0,49,0,0,0,0,0,0,0,0,6,58,0,0,0,0,0,0,0,0,0,3,3,245,0,0,0,0,0,0,0,0,30,277,3566,243,164,27,41,33,45,16,7,195,4329,444,173,238,78,65,58,85,36,14,48,1241,41,21,48,13,9,20,22,0,4,10,188,5,0,3,0,0,0,0,0,0,0,9,494,192,295,84,76,80,107,36,14,51,1433,6,0,0,0,0,0,0,0,0,10,19,4062,442,455,114,116,113,147,49,21,261,5784
LGA22170,0,0,0,16,23,2673,60,23,9,5,3,15,4,5,102,2894,747,6,3,0,0,0,0,0,0,90,852,220,0,0,0,0,0,0,0,0,11,236,75,4,6,0,0,0,0,0,0,11,97,0,0,0,0,0,0,0,0,0,0,0,295,6,4,0,0,0,0,0,0,22,332,5,0,0,0,0,0,0,0,0,40,44,1048,13,3,0,6,0,0,0,0,154,1223,13347,2044,1619,226,189,168,167,68,33,446,18320,4716,2032,1450,354,284,338,352,142,52,142,9866,640,208,208,73,59,69,102,38,15,52,1462,21,9,0,0,0,0,3,5,0,4,37,5377,2254,1658,426,347,405,456,180,66,195,11366,23,0,4,0,0,0,0,0,0,89,114,18751,4300,3276,653,534,578,621,247,101,727,29803
LGA22250,0,0,0,0,0,79,0,0,0,0,0,0,0,0,4,78,18,0,0,0,0,0,0,0,0,0,21,0,0,0,0,0,0,0,0,0,0,0,0,0,0,0,0,0,0,0,0,0,0,0,0,0,0,0,0,0,0,0,0,0,0,0,0,0,0,0,0,0,0,0,0,0,0,0,0,0,0,0,0,0,0,0,18,0,0,0,0,0,0,0,0,0,21,321,22,15,3,6,0,10,0,0,15,396,52,30,26,17,14,6,21,10,0,0,183,9,3,0,0,0,0,0,0,0,0,17,0,0,0,0,0,0,0,0,0,0,0,61,33,31,17,14,9,21,10,0,5,197,0,0,0,0,0,0,0,0,0,3,6,386,55,46,20,16,11,29,10,0,21,593
LGA22310,0,0,0,4,10,3816,104,55,6,7,12,16,4,3,114,4142,742,15,4,0,0,0,0,0,0,73,837,636,0,4,0,0,0,4,0,0,42,689,497,10,11,0,0,4,0,0,0,72,594,3,0,0,0,0,0,0,0,0,15,24,1141,12,10,0,0,4,3,0,0,131,1303,4,0,0,0,0,0,0,0,0,5,7,1890,19,20,0,0,4,3,5,0,206,2149,13678,2499,2192,505,566,627,562,264,125,370,21394,12020,4431,4651,1304,1560,1821,1975,584,196,363,28908,2183,430,542,154,178,244,388,170,75,207,4567,27,9,3,0,0,3,3,0,10,27,91,14221,4864,5195,1459,1746,2072,2364,751,281,602,33562,15,5,10,0,6,7,4,0,0,42,89,27912,7373,7391,1968,2323,2701,2929,1023,406,1018,55039
LGA22410,0,0,0,3,3,203,0,7,0,0,0,0,0,0,17,224,50,0,0,0,0,0,0,0,0,3,55,9,0,0,0,0,0,0,0,0,0,9,3,0,0,0,0,0,0,0,0,0,3,0,0,0,0,0,0,0,0,0,0,0,12,0,0,0,0,0,0,0,0,0,12,0,0,0,0,0,0,0,0,0,4,4,58,0,0,0,0,0,0,0,0,7,67,1031,92,58,10,13,13,14,3,0,57,1300,147,51,86,22,35,40,26,14,0,15,430,8,0,0,4,0,3,0,0,0,0,26,0,0,0,0,0,0,0,0,0,0,0,153,54,82,26,35,40,30,14,5,11,457,3,0,0,0,0,0,0,0,0,6,8,1188,148,143,38,53,52,39,23,8,75,1762
LGA22490,0,0,0,0,0,244,0,0,0,0,0,0,0,0,14,261,50,6,0,0,0,0,0,0,0,4,59,0,0,0,0,0,0,0,0,0,0,0,4,0,0,0,0,0,0,0,0,0,3,3,0,0,0,0,0,0,0,0,0,3,7,0,0,0,0,0,0,0,0,0,11,0,0,0,0,0,0,0,0,0,0,0,58,6,0,0,0,0,0,0,0,6,66,1462,177,94,14,3,12,16,4,3,80,1858,239,64,55,11,7,3,7,0,0,9,400,21,4,4,0,0,0,0,0,0,7,36,3,0,0,0,0,0,0,0,0,0,3,260,67,55,11,10,3,14,0,0,15,439,4,3,0,0,0,0,0,0,0,5,11,1725,248,149,24,18,11,28,5,6,97,2308
LGA22620,0,0,0,10,12,845,18,19,6,0,4,3,0,0,46,947,188,0,0,0,0,0,0,0,0,25,211,34,0,0,0,0,0,0,0,0,3,38,11,0,7,0,0,0,0,0,0,0,17,0,0,0,0,0,0,0,0,0,3,3,45,0,6,0,0,0,0,0,0,8,58,0,0,0,0,0,0,0,0,0,13,13,229,0,6,0,0,0,0,0,0,46,281,4170,597,387,99,89,75,74,31,25,199,5753,844,1231,1140,347,321,375,304,134,23,70,4786,93,284,296,85,99,120,95,24,6,28,1133,5,0,5,6,0,3,0,0,0,5,26,938,1508,1436,434,418,503,406,162,31,102,5945,3,3,0,0,0,0,0,0,0,38,43,5118,2107,1822,534,506,576,483,196,53,331,11737
LGA22670,0,0,0,37,55,5162,187,130,16,14,14,38,13,3,225,5811,524,4,0,0,0,0,0,0,0,48,589,577,11,4,0,0,0,4,0,0,52,645,1012,29,26,0,0,3,5,0,0,68,1153,6,0,0,0,0,0,0,0,0,9,18,1598,38,30,0,4,3,11,0,0,130,1811,7,0,0,0,0,0,0,0,0,25,34,2128,45,35,0,4,3,11,0,0,204,2428,8769,1343,1027,231,287,268,305,94,35,410,12770,22431,9753,9700,2511,2670,3309,3283,1004,220,1057,55946,11248,2766,3483,774,824,988,1179,482,223,771,22748,78,23,31,10,4,11,28,6,0,46,235,33758,12553,13212,3295,3505,4315,4487,1492,453,1874,78924,55,20,14,0,13,6,6,3,0,184,311,42582,13908,14254,3526,3802,4590,4799,1593,490,2463,92008
LGA22750,0,0,0,44,60,4681,44,42,9,5,0,15,5,0,214,5015,944,6,0,0,0,0,0,0,0,90,1051,543,0,0,0,0,0,3,0,0,33,586,323,6,0,3,0,0,4,0,0,27,367,4,0,0,0,0,0,0,0,0,3,8,876,8,3,3,0,0,6,0,0,71,961,16,0,0,0,0,0,0,0,0,69,85,1831,11,3,3,0,0,7,0,0,236,2097,16938,2448,2091,372,328,342,440,201,59,715,23937,6461,3434,3935,1083,1126,1320,1580,581,95,334,19949,1519,348,541,145,172,148,238,95,33,123,3364,34,0,3,6,0,4,7,4,4,16,81,8016,3789,4474,1227,1300,1470,1830,683,133,471,23395,51,3,5,0,0,9,6,5,0,431,513,25010,6234,6570,1605,1632,1816,2279,888,195,1623,47844
LGA22830,0,0,0,3,3,725,14,14,0,4,0,5,3,0,42,815,103,0,0,0,0,0,0,0,0,14,111,94,0,0,0,0,0,0,0,0,5,102,77,0,0,0,0,0,0,0,0,5,85,0,0,0,0,0,0,0,0,0,0,3,171,0,0,0,0,0,0,0,0,11,187,0,0,0,0,0,0,0,0,0,0,0,278,0,0,0,0,0,0,0,0,23,303,2155,316,332,61,52,70,51,44,19,139,3226,1612,1460,1378,383,388,484,544,187,77,133,6645,521,257,368,108,135,141,210,62,24,77,1910,12,11,6,3,3,0,0,4,0,8,46,2146,1726,1756,491,529,625,758,253,98,218,8609,5,0,0,0,0,0,0,0,0,45,60,4300,2042,2088,556,582,695,809,296,118,401,11896
LGA22910,0,0,0,4,5,268,5,0,0,0,0,0,0,0,17,300,66,0,0,0,0,0,0,0,0,6,71,16,0,0,0,0,0,0,0,0,0,20,11,0,0,0,0,0,0,0,0,0,11,0,0,0,0,0,0,0,0,0,0,0,27,0,0,0,0,0,0,0,0,3,25,0,0,0,0,0,0,0,0,0,3,3,87,0,0,0,0,0,0,0,0,9,104,1444,119,81,16,11,15,14,4,4,54,1772,259,45,74,19,20,21,24,8,4,27,493,24,8,0,3,0,0,4,0,0,5,51,0,0,0,0,0,0,0,0,0,0,0,283,53,75,19,19,26,29,10,4,30,550,5,0,0,0,0,0,0,0,0,8,13,1726,170,160,37,36,38,40,14,6,96,2331
LGA22980,0,0,0,0,0,36,0,0,0,0,0,0,0,0,0,42,15,0,0,0,0,0,0,0,0,0,16,0,0,0,0,0,0,0,0,0,0,0,0,0,0,0,0,0,0,0,0,0,0,0,0,0,0,0,0,0,0,0,0,0,3,0,0,0,0,0,0,0,0,0,3,0,0,0,0,0,0,0,0,0,0,0,19,0,0,0,0,0,0,0,0,0,20,195,31,15,10,3,0,0,0,0,10,267,29,70,49,8,22,10,21,0,0,14,218,9,54,21,0,12,5,5,0,0,0,107,0,0,0,0,0,0,0,0,0,0,5,33,123,71,8,31,13,20,0,0,15,334,0,0,0,0,0,0,0,0,0,0,0,232,152,91,20,34,13,27,3,0,27,597
LGA23110,0,0,0,3,9,2438,22,21,5,0,0,9,3,0,112,2603,260,3,0,0,0,0,0,0,0,34,300,443,0,0,0,0,0,0,0,0,39,487,342,0,0,0,0,0,0,0,0,48,399,10,0,0,0,0,0,0,0,0,0,9,798,3,0,0,0,0,0,0,0,92,893,0,0,0,0,0,0,0,0,0,0,5,1053,6,0,0,0,0,0,0,0,134,1199,6923,1459,1370,241,214,231,227,77,40,210,11001,6827,1747,1946,497,571,620,673,163,53,254,13354,2063,192,242,85,81,58,162,47,11,148,3074,26,0,5,0,0,3,0,0,0,8,55,8912,1936,2198,586,651,684,838,205,60,405,16479,8,0,12,0,0,0,0,0,0,25,51,15846,3398,3577,829,867,913,1066,286,105,647,27530
LGA23190,0,0,0,0,0,120,0,3,0,0,0,0,0,0,9,129,29,0,0,0,0,0,0,0,0,6,29,11,0,0,0,0,0,0,0,0,0,11,8,0,0,0,0,0,0,0,0,0,8,0,0,0,0,0,0,0,0,0,0,0,19,0,0,0,0,0,0,0,0,0,19,0,0,0,0,0,0,0,0,0,0,0,47,0,0,0,0,0,0,0,0,6,46,495,71,56,14,6,19,20,5,0,33,725,113,174,148,32,47,68,37,21,0,8,637,9,23,25,0,4,3,10,11,0,4,91,0,0,0,0,0,0,0,0,0,0,0,122,199,173,36,51,70,48,28,0,8,731,0,0,0,0,0,0,0,0,0,0,3,616,267,228,47,58,91,67,38,3,40,1457
LGA23270,0,0,0,21,32,4063,145,159,70,57,22,62,20,3,196,4801,333,0,6,0,0,0,0,0,0,32,373,396,3,0,0,6,0,0,0,0,26,432,480,38,25,22,23,4,6,0,0,23,624,3,0,0,0,0,0,0,0,0,5,10,881,39,27,22,24,6,7,0,0,53,1067,10,0,0,0,0,0,0,0,0,9,15,1220,43,36,22,24,6,7,0,0,89,1453,10398,1926,1740,277,308,264,258,122,57,421,15774,22883,14301,12121,3917,3215,2867,3207,888,217,965,64580,6194,1967,2502,1356,1064,771,1379,495,82,385,16195,59,23,30,4,9,13,25,12,9,27,208,29132,16291,14653,5276,4291,3651,4610,1390,307,1380,80979,52,11,20,5,7,3,10,0,4,356,461,39583,18232,16413,5565,4601,3918,4874,1516,369,2151,97221
LGA23350,0,0,0,0,0,197,0,0,0,0,0,0,0,0,11,208,47,0,0,0,0,0,0,0,0,7,51,10,0,0,0,0,0,0,0,0,0,10,0,0,0,0,0,0,0,0,0,0,0,0,0,0,0,0,0,0,0,0,0,0,8,0,0,0,0,0,0,0,0,0,9,0,0,0,0,0,0,0,0,0,0,0,54,0,0,0,0,0,0,0,0,10,63,963,79,75,13,7,13,8,4,0,50,1215,116,45,29,5,19,4,9,0,0,3,226,8,0,0,0,0,0,6,0,0,4,19,0,0,0,0,0,0,0,0,0,0,0,121,45,28,5,19,6,13,0,0,6,240,0,0,0,0,0,0,0,0,0,29,30,1084,122,106,14,22,16,21,5,4,85,1489
LGA23430,0,0,0,36,43,4305,84,79,20,11,9,16,11,6,195,4733,618,8,3,0,0,4,4,0,0,59,686,494,6,0,0,0,0,0,0,0,54,546,473,6,8,0,0,0,0,4,0,74,564,4,0,0,0,0,0,0,0,0,19,23,970,18,7,0,0,0,3,4,0,140,1135,7,0,0,0,0,0,0,0,0,20,30,1594,22,12,0,0,4,3,4,0,221,1849,13448,2694,2294,431,373,375,322,102,56,396,20491,12254,4024,3538,892,923,1075,1062,318,79,342,24514,3099,438,552,151,175,197,283,113,17,226,5258,30,8,3,0,0,0,7,0,5,34,86,15385,4465,4096,1048,1100,1275,1360,437,102,599,29860,29,4,0,3,0,0,0,0,0,117,156,28859,7157,6391,1475,1476,1650,1683,536,155,1113,50498
LGA23670,0,0,0,33,44,3693,144,92,15,10,6,59,23,0,154,4187,720,11,3,0,0,0,0,0,0,50,784,459,9,0,0,3,0,4,0,0,76,553,272,15,9,0,0,5,7,3,0,19,336,9,0,0,0,0,0,0,0,0,19,27,736,25,9,4,3,5,11,3,0,117,910,10,0,0,0,0,0,0,0,0,34,41,1466,36,16,4,8,5,11,3,0,196,1734,13424,1852,1143,228,200,171,179,60,29,355,17646,13326,7025,4844,840,856,769,768,262,73,304,29073,2225,920,995,237,230,230,509,147,37,116,5644,30,13,5,0,9,0,0,4,4,28,83,15578,7953,5847,1078,1093,1008,1276,415,112,445,34799,30,7,4,0,0,0,0,0,0,91,130,29033,9817,6997,1304,1292,1179,1457,475,145,897,52582
LGA23810,0,0,0,6,10,1470,8,0,0,0,0,5,0,0,87,1575,335,0,5,0,0,0,0,0,0,37,377,162,0,0,0,0,0,0,0,0,19,184,71,0,0,0,0,0,0,0,0,11,82,0,0,0,0,0,0,0,0,0,0,0,231,0,0,0,0,0,0,0,0,28,267,3,0,0,0,0,0,0,0,0,3,6,571,0,4,0,0,0,0,0,0,71,653,4871,389,288,48,31,51,60,13,22,248,6031,1416,525,479,115,122,153,212,97,24,97,3231,259,67,79,18,10,24,29,20,12,26,553,8,3,0,0,0,0,0,0,0,7,23,1688,594,554,132,128,172,244,111,42,136,3805,18,0,0,0,0,0,0,0,0,17,40,6580,981,848,183,165,223,303,125,61,411,9880
LGA23940,0,0,0,0,0,85,0,0,0,0,0,0,0,0,4,90,16,0,0,0,0,0,0,0,0,0,14,0,0,0,0,0,0,0,0,0,0,0,0,0,0,0,0,0,0,0,0,0,0,0,0,0,0,0,0,0,0,0,0,0,0,0,0,0,0,0,0,0,0,0,0,0,0,0,0,0,0,0,0,0,0,0,16,0,0,0,0,0,0,0,0,0,19,377,32,24,0,5,6,6,0,3,18,468,41,33,45,7,9,4,10,0,8,0,173,4,3,7,0,0,3,8,0,0,0,19,0,0,0,0,0,0,0,0,0,0,0,45,37,54,7,9,8,17,0,10,0,190,3,0,0,0,0,0,0,0,0,0,6,422,73,73,12,11,15,18,3,17,26,666
LGA24130,0,0,0,6,7,702,7,9,0,0,0,0,0,0,35,759,106,3,0,0,0,0,0,0,0,20,127,35,0,0,0,0,0,0,0,0,9,37,10,0,0,0,0,0,0,0,0,0,10,0,0,0,0,0,0,0,0,0,0,0,40,0,0,0,0,0,0,0,0,7,49,5,0,0,0,0,0,0,0,0,13,18,148,3,0,0,0,0,0,0,0,41,190,3911,584,363,70,57,40,40,22,18,170,5268,646,222,171,41,44,29,62,12,3,33,1265,53,10,16,3,5,14,23,13,6,8,152,3,0,0,0,0,0,0,0,0,0,7,706,229,185,42,49,47,82,26,8,44,1421,8,0,0,0,0,0,0,0,0,31,36,4624,815,546,110,103,91,123,47,24,245,6727
LGA24210,0,0,0,26,34,4882,128,82,21,18,14,33,15,3,152,5347,463,6,3,0,0,0,0,0,0,32,504,922,9,3,0,0,0,5,0,0,33,974,764,37,11,0,0,4,6,6,0,40,871,12,0,0,0,0,0,0,0,0,4,20,1703,42,18,0,0,6,11,6,0,77,1860,9,0,0,0,0,0,0,0,0,32,43,2174,51,18,0,0,6,11,5,0,149,2409,8353,1305,958,194,176,209,208,101,44,261,11801,17449,5505,5253,1134,1195,1142,1088,482,149,408,33819,4012,929,1281,314,343,366,545,276,106,230,8401,44,12,7,6,0,0,6,9,0,21,113,21505,6437,6547,1451,1538,1508,1640,768,262,661,42324,24,5,14,0,0,3,0,0,4,83,132,29877,7751,7519,1646,1717,1721,1849,868,303,1010,54258
LGA24250,0,0,0,0,0,135,0,0,0,0,0,0,0,0,12,149,39,0,0,0,0,0,0,0,0,3,45,11,0,0,0,0,0,0,0,0,0,16,0,0,0,0,0,0,0,0,0,0,6,0,0,0,0,0,0,0,0,0,0,0,9,0,0,0,0,0,0,0,0,0,19,0,0,0,0,0,0,0,0,0,0,0,56,0,0,0,0,0,0,0,0,7,62,685,65,47,5,3,9,9,9,5,44,877,100,21,45,15,8,20,17,12,0,7,247,6,0,5,0,0,0,3,0,0,0,22,0,0,0,0,0,0,0,0,0,0,0,109,23,51,15,10,24,24,16,0,6,273,0,0,0,0,0,0,0,0,0,0,3,792,89,94,23,14,25,36,25,5,52,1156
LGA24330,0,0,0,0,10,1675,30,14,9,0,3,14,0,0,63,1803,81,0,0,0,0,0,0,0,0,7,89,208,0,0,0,0,0,0,0,0,13,221,441,7,0,0,0,0,0,0,0,20,468,0,0,0,0,0,0,0,0,0,0,3,653,7,0,0,0,0,0,0,0,36,697,3,0,0,0,0,0,0,0,0,0,8,744,7,0,0,0,0,0,0,0,45,793,4738,1309,1309,261,270,280,295,80,42,168,8754,7758,2356,2678,804,912,1188,1244,307,63,336,17637,3870,438,504,113,160,189,260,119,28,161,5840,25,6,7,6,0,3,11,0,0,15,80,11652,2804,3189,919,1073,1381,1511,422,93,509,23556,32,5,3,3,6,6,0,0,0,43,89,16424,4120,4498,1182,1340,1668,1811,504,139,719,32400
LGA24410,0,0,0,30,30,2037,53,49,3,11,13,19,11,0,117,2317,590,6,0,0,0,0,0,0,0,37,631,192,6,4,0,0,0,0,0,0,10,206,89,12,3,0,0,0,0,0,0,8,112,0,0,0,0,0,0,0,0,0,0,0,276,15,8,0,0,0,0,0,0,11,318,6,0,0,0,0,0,0,0,0,38,44,873,21,8,4,0,0,4,0,0,83,992,8900,1163,792,111,126,118,134,51,32,238,11664,4572,3477,2987,627,632,646,530,171,44,154,13832,737,579,857,225,202,334,341,102,20,66,3451,6,9,11,0,0,3,0,3,0,3,34,5316,4067,3855,851,829,979,874,272,65,219,17324,9,0,0,6,0,0,4,0,0,79,106,14223,5230,4645,969,957,1097,1006,325,97,543,29091
LGA24600,0,0,0,0,5,1072,44,38,14,5,0,6,16,3,36,1234,141,0,0,0,0,0,0,0,0,12,149,128,4,0,0,0,0,0,0,0,20,150,175,12,0,0,0,0,3,0,0,18,210,3,0,0,0,0,0,0,0,0,0,3,309,9,0,0,4,0,3,0,0,37,367,0,0,0,0,0,0,0,0,0,5,4,450,9,0,0,4,0,3,0,0,50,525,7870,2727,3064,932,1174,1333,1835,861,361,324,20483,7581,6110,10307,4532,5650,6602,8549,3594,734,622,54284,1394,611,922,450,624,886,1158,528,142,199,6908,20,5,11,9,7,7,29,9,12,5,106,8995,6723,11232,4984,6274,7493,9738,4130,888,834,61306,17,3,5,11,3,5,8,5,4,89,137,16881,9454,14297,5923,7451,8836,11583,4997,1259,1242,81927
LGA24650,0,0,0,30,30,2136,99,78,11,20,12,40,12,4,97,2514,221,3,0,0,0,0,0,0,0,11,240,130,0,4,0,4,0,0,0,0,10,142,155,12,0,0,0,0,5,0,0,10,192,4,0,0,0,0,0,0,0,0,0,4,289,19,4,5,4,0,3,0,0,20,337,0,0,0,0,0,0,0,0,0,32,32,515,19,4,5,4,0,3,0,0,59,610,8994,2240,1777,353,318,223,226,82,51,349,14617,14948,11192,8287,1937,1565,1508,1618,476,174,565,42264,2498,942,994,301,254,229,500,218,55,173,6157,40,22,16,0,0,3,10,3,4,7,105,17481,12155,9302,2239,1818,1742,2129,689,232,747,48532,24,17,10,0,4,0,0,0,0,632,703,26502,14420,11090,2588,2141,1970,2356,773,289,1720,63852
LGA24780,0,0,0,0,0,549,9,6,0,0,0,0,0,0,31,599,85,0,0,0,0,0,0,0,0,6,93,103,0,0,0,0,0,0,0,0,8,114,62,0,0,0,0,0,0,0,0,9,72,0,0,0,0,0,0,0,0,0,0,0,166,0,0,0,0,0,0,0,0,18,184,0,0,0,0,0,0,0,0,0,0,0,249,0,0,0,0,0,0,0,0,30,280,1601,211,215,48,52,41,73,19,14,106,2374,1022,506,649,247,252,307,382,122,55,102,3648,407,125,242,122,156,181,223,85,15,97,1665,11,3,3,0,0,3,11,0,0,13,47,1440,635,899,370,406,499,614,212,68,213,5358,7,3,0,8,0,0,0,0,0,20,35,3048,845,1116,420,458,542,687,236,83,335,7772
LGA24850,0,0,0,0,0,487,8,5,5,0,0,10,0,3,28,541,119,0,0,0,0,0,0,0,0,5,128,19,0,0,0,0,0,0,0,0,0,23,10,6,0,0,0,0,0,0,0,4,14,0,0,0,0,0,0,0,0,0,0,0,31,3,0,0,0,0,0,0,0,6,39,0,0,0,0,0,0,0,0,0,0,0,151,3,0,0,0,0,0,0,0,9,170,2506,416,314,44,46,48,31,28,11,115,3557,930,924,657,183,124,141,187,44,28,59,3272,120,54,55,15,11,29,69,13,17,9,391,3,4,0,0,0,0,0,0,0,0,9,1053,985,706,202,131,173,253,61,39,67,3670,7,0,0,0,0,0,0,0,0,14,19,3569,1398,1022,248,179,216,290,88,55,198,7246
LGA24900,0,0,0,0,5,391,3,3,0,0,0,0,0,0,20,415,80,0,0,0,0,0,0,0,0,8,92,29,0,0,0,0,0,0,0,0,3,32,14,0,0,0,0,0,0,0,0,0,14,0,0,0,0,0,0,0,0,0,0,0,39,0,0,0,0,0,0,0,0,3,36,3,0,0,0,0,0,0,0,0,4,0,118,0,0,0,0,0,0,0,0,13,131,1344,158,87,29,14,30,19,19,5,93,1797,296,146,161,75,62,62,86,17,6,19,939,59,20,34,20,35,36,47,7,0,15,262,4,0,0,0,6,0,0,0,0,4,7,356,162,195,96,94,100,134,25,6,40,1210,5,0,0,0,0,0,0,0,0,5,11,1703,324,283,125,107,132,149,48,17,137,3018
LGA24970,0,0,0,32,41,6175,204,180,26,16,25,72,30,3,199,6944,774,9,4,0,0,0,0,0,0,58,843,951,10,6,4,6,0,3,5,0,33,1013,993,42,26,3,0,3,3,5,0,71,1145,9,0,0,0,0,0,0,0,0,20,35,1958,52,39,9,5,3,7,3,0,124,2193,7,0,0,0,0,0,0,0,0,33,40,2737,54,43,7,7,4,10,3,0,212,3077,12188,2179,1808,417,449,554,605,295,69,408,18974,25172,11251,9780,2897,3196,3845,4260,1767,387,807,63352,5612,1517,2015,563,656,768,1209,453,144,386,13320,53,12,14,4,0,7,15,5,5,55,176,30832,12778,11807,3465,3850,4620,5485,2231,540,1248,76854,37,6,7,7,3,7,11,3,0,140,215,43061,14966,13625,3882,4302,5180,6099,2529,610,1786,96041
LGA25060,0,0,0,3,4,3727,34,16,3,0,0,8,4,0,109,3906,281,0,0,0,0,0,0,0,0,8,297,740,0,0,0,0,0,0,0,0,37,777,727,6,5,3,0,0,0,0,0,56,798,14,0,0,0,0,0,0,0,0,0,12,1482,9,5,3,0,0,0,0,0,98,1596,3,0,0,0,0,0,0,0,0,3,7,1769,9,5,3,0,0,0,0,0,114,1894,7380,1121,1171,242,268,298,254,104,48,209,11101,10070,2175,2307,723,730,905,921,273,64,312,18474,3022,224,294,86,64,87,132,48,20,175,4159,50,0,4,0,0,0,0,0,0,10,77,13141,2402,2603,805,795,994,1053,324,87,494,22716,11,0,3,0,5,3,10,0,0,25,61,20536,3528,3783,1053,1068,1300,1313,427,139,730,33873
LGA25150,0,0,0,0,0,472,6,5,0,0,3,0,0,0,19,506,119,0,0,0,0,0,0,0,0,7,123,30,0,0,0,0,0,0,0,0,0,35,10,0,0,0,0,0,0,0,0,3,14,0,0,0,0,0,0,0,0,0,0,0,40,0,0,0,0,0,0,0,0,7,44,6,0,0,0,0,0,0,0,0,0,6,159,0,0,0,0,0,0,0,0,10,172,2517,357,265,27,28,30,16,4,5,94,3347,613,396,390,116,71,71,100,27,12,38,1829,60,11,27,7,8,10,25,10,0,9,167,0,0,3,0,0,0,0,0,0,0,12,675,412,418,123,77,85,122,35,12,50,2011,7,0,0,0,0,0,0,0,0,3,11,3199,768,686,149,100,114,141,46,16,142,5365
LGA25250,0,0,0,21,26,4965,51,22,8,6,6,14,9,0,188,5268,275,0,0,0,0,0,0,0,0,32,306,1156,0,0,0,0,0,0,0,0,42,1201,1340,6,5,4,0,3,0,0,0,58,1417,7,0,0,0,0,0,0,0,0,7,9,2498,6,5,4,3,3,0,0,0,105,2626,0,0,0,0,0,0,0,0,0,59,59,2774,6,5,4,3,3,0,0,0,193,2990,9299,2356,2446,504,622,565,613,234,97,356,17102,13798,4183,4787,1482,1910,2198,2235,674,128,519,31926,5166,424,448,153,161,147,252,103,41,222,7124,54,3,8,10,3,4,6,0,3,19,108,19011,4617,5242,1633,2076,2358,2498,783,175,766,39152,17,0,0,3,5,5,8,5,0,133,171,28331,6979,7682,2141,2703,2925,3118,1018,275,1260,56428
LGA25340,0,0,0,21,27,4528,79,51,0,9,0,12,8,0,212,4910,1224,10,12,0,0,0,4,0,0,98,1349,257,0,0,0,0,0,0,0,0,26,280,92,4,0,0,0,0,0,0,0,15,110,10,0,0,0,0,0,0,0,0,5,9,356,4,0,0,0,0,0,0,0,36,402,16,0,0,0,0,0,0,0,0,33,48,1593,15,9,0,0,0,8,0,0,167,1794,17552,2599,1712,226,232,180,176,111,39,750,23586,3391,601,616,164,136,160,169,70,30,163,5492,380,46,47,18,10,24,29,17,0,25,592,29,0,0,0,0,0,0,0,0,10,47,3803,650,668,176,146,186,203,81,34,201,6130,34,0,0,0,0,0,0,0,0,80,124,21389,3250,2380,400,383,365,378,194,72,1027,29838
LGA25430,0,0,0,5,6,276,5,7,0,0,0,0,0,0,18,310,52,0,0,0,0,0,0,0,0,5,56,9,0,0,0,0,0,0,0,0,0,9,5,0,0,0,0,0,0,0,0,0,5,0,0,0,0,0,0,0,0,0,0,0,10,0,0,0,0,0,0,0,0,0,10,0,0,0,0,0,0,0,0,0,13,13,67,0,0,0,0,0,0,0,0,13,83,1528,144,96,13,10,11,10,3,3,71,1892,190,67,46,10,11,17,13,7,0,8,366,9,6,4,0,0,0,0,0,0,0,24,0,0,0,0,0,0,0,0,0,0,3,196,70,51,12,11,18,12,12,0,5,389,3,0,0,0,0,0,0,0,0,232,240,1731,209,154,20,21,27,28,16,3,312,2521
LGA25490,0,0,0,4,4,90,0,0,0,0,0,0,0,0,8,107,19,0,0,0,0,0,0,0,0,3,26,4,0,0,0,0,0,0,0,0,0,4,0,0,0,0,0,0,0,0,0,0,0,0,0,0,0,0,0,0,0,0,0,0,4,0,0,0,0,0,0,0,0,0,7,0,0,0,0,0,0,0,0,0,4,4,27,0,0,0,0,0,0,0,0,5,35,666,136,106,7,13,17,9,14,5,42,1015,55,44,65,8,15,19,21,6,8,7,243,4,9,5,0,0,0,0,5,0,0,18,0,0,0,0,0,0,0,0,0,0,7,58,45,65,14,15,19,20,6,10,10,267,0,0,0,0,0,0,0,0,0,3,3,721,188,169,16,24,33,35,24,11,59,1287
LGA25620,0,0,0,0,0,214,0,0,0,0,0,0,0,0,15,234,51,0,0,0,0,0,0,0,0,5,57,9,0,0,0,0,0,0,0,0,0,9,5,0,0,0,0,0,0,0,0,0,4,0,0,0,0,0,0,0,0,0,0,0,10,0,0,0,0,0,0,0,0,0,10,0,0,0,0,0,0,0,0,0,0,0,64,0,0,0,0,0,0,0,0,9,73,1074,72,44,15,10,13,12,3,0,85,1329,192,40,58,8,11,14,13,7,0,14,353,13,3,0,0,0,4,0,0,0,0,23,0,0,0,0,0,0,0,0,0,0,0,203,41,57,8,11,15,17,11,0,15,375,0,0,0,0,0,0,0,0,0,0,4,1279,108,105,22,22,21,31,14,0,105,1712
LGA25710,0,0,0,3,5,817,9,18,0,5,0,4,6,4,33,890,153,3,0,0,0,0,4,0,0,9,166,67,0,5,0,0,0,0,0,0,5,74,33,0,0,0,0,0,0,0,0,5,41,0,0,0,0,0,0,0,0,0,0,0,104,0,3,0,0,0,0,0,0,11,120,0,0,0,0,0,0,0,0,0,0,3,252,7,6,3,0,0,4,0,0,22,291,4761,918,531,94,68,63,47,23,10,133,6651,1795,627,513,63,86,62,68,10,3,50,3280,155,42,49,15,25,10,21,12,0,19,343,0,0,0,4,0,0,0,0,0,0,7,1951,672,565,81,110,69,89,23,4,66,3631,0,0,0,0,0,0,0,0,0,14,16,6710,1592,1092,174,176,135,134,46,9,219,10300
LGA25810,0,0,0,0,0,102,3,0,0,0,0,0,0,0,3,107,18,0,0,0,0,0,0,0,0,0,16,4,0,0,0,0,0,0,0,0,0,4,0,0,0,0,0,0,0,0,0,0,0,0,0,0,0,0,0,0,0,0,0,0,4,0,0,0,0,0,0,0,0,0,4,0,0,0,0,0,0,0,0,0,4,4,16,0,0,0,0,0,0,0,0,3,21,428,53,42,3,3,13,5,0,11,25,581,81,78,88,31,32,41,47,7,4,11,416,10,3,13,4,9,18,26,3,3,0,93,0,0,0,0,0,0,0,0,4,0,4,87,88,99,37,44,59,77,14,12,11,514,0,0,0,0,0,0,0,0,0,3,3,514,137,139,42,50,66,78,14,23,40,1098
LGA25900,0,0,0,24,27,1700,27,21,7,4,6,0,3,0,80,1847,160,5,0,0,0,3,0,0,0,15,186,170,0,0,0,0,0,0,0,0,4,183,277,3,8,0,0,0,0,0,0,27,313,3,0,0,0,0,0,0,0,0,0,0,454,4,3,0,0,0,0,0,0,39,502,0,0,0,0,0,0,0,0,0,27,28,618,8,7,0,0,3,0,0,0,79,718,8564,2356,2677,688,734,861,1122,391,139,260,17796,4566,1946,2631,852,993,1091,1250,433,96,197,14052,1049,124,146,34,52,51,136,55,27,72,1742,13,3,0,0,0,0,0,5,0,11,43,5623,2073,2779,884,1044,1145,1379,501,125,279,15837,10,0,3,5,0,0,3,0,0,80,101,14200,4435,5459,1572,1781,2013,2510,887,263,620,33737
LGA25990,0,0,0,3,8,96,0,0,0,0,0,0,0,0,10,104,17,0,0,0,0,0,0,0,0,3,16,6,0,0,0,0,0,0,0,0,0,6,0,0,0,0,0,0,0,0,0,0,0,0,0,0,0,0,0,0,0,0,0,0,6,0,0,0,0,0,0,0,0,0,6,0,0,0,0,0,0,0,0,0,0,0,20,0,0,0,0,0,0,0,0,4,24,487,42,11,4,0,6,9,0,0,19,581,60,17,10,5,0,0,0,0,0,5,93,5,0,0,0,0,0,0,0,0,0,5,0,0,0,0,0,0,0,0,0,0,0,59,17,10,3,0,0,0,0,0,5,98,5,0,0,0,0,0,0,0,0,42,47,558,57,16,7,0,8,8,0,0,66,733
LGA26080,0,0,0,0,0,54,0,0,0,0,0,0,0,0,0,56,14,0,0,0,0,0,0,0,0,0,14,3,0,0,0,0,0,0,0,0,0,3,0,0,0,0,0,0,0,0,0,0,0,0,0,0,0,0,0,0,0,0,0,0,3,0,0,0,0,0,0,0,0,0,3,0,0,0,0,0,0,0,0,0,0,0,15,0,0,0,0,0,0,0,0,0,15,252,10,3,0,5,0,0,0,0,12,286,33,8,6,0,7,4,5,0,0,4,60,0,0,0,0,0,0,0,0,0,0,5,0,0,0,0,0,0,0,0,0,0,0,36,8,6,0,7,4,5,0,0,3,63,0,0,0,0,0,0,0,0,0,0,0,287,20,14,0,5,3,4,0,0,18,352
LGA26170,0,0,0,0,6,559,3,0,0,0,0,0,0,0,32,595,120,0,0,0,0,0,0,0,0,7,121,39,0,0,0,0,0,0,0,0,6,43,17,0,0,0,0,0,0,0,0,3,18,0,0,0,0,0,0,0,0,0,0,0,48,0,0,0,0,0,0,0,0,8,55,0,0,0,0,0,0,0,0,0,0,4,169,0,0,0,0,0,0,0,0,14,183,2257,173,80,25,28,10,17,8,5,111,2711,376,94,101,20,27,10,20,19,11,16,706,46,8,7,0,0,0,7,3,3,13,83,3,0,0,0,0,0,0,0,0,3,7,426,108,111,20,27,13,27,19,14,33,800,4,0,0,0,0,0,0,0,0,7,10,2685,278,192,45,51,28,41,25,17,148,3524
LGA26260,0,0,0,0,0,138,0,5,0,0,0,0,0,0,13,149,35,5,0,0,0,0,0,0,0,4,43,7,0,0,0,0,0,0,0,0,0,7,3,0,0,0,0,0,0,0,0,0,3,0,0,0,0,0,0,0,0,0,0,0,6,0,0,0,0,0,0,0,0,0,6,0,0,0,0,0,0,0,0,0,0,0,41,5,0,0,0,0,0,0,0,4,48,626,102,68,15,14,19,8,4,3,56,912,77,68,69,11,26,32,29,12,3,8,330,7,5,3,0,0,0,4,0,0,0,30,5,0,0,0,0,0,0,0,0,0,5,87,73,76,11,26,29,27,12,3,11,358,0,0,0,0,0,0,0,0,0,3,3,714,175,147,23,37,50,38,12,8,67,1276
LGA26350,0,0,0,14,13,2283,44,20,6,9,0,4,3,0,65,2435,356,6,0,0,0,0,0,0,0,20,383,290,6,0,0,0,0,0,0,0,14,315,378,9,3,0,0,0,0,0,0,6,403,5,0,0,0,0,0,0,0,0,0,5,672,18,3,3,0,0,0,3,0,20,721,5,0,0,0,0,0,0,0,0,27,30,1035,15,3,3,0,3,0,4,0,70,1134,8542,1664,2006,478,594,682,841,348,150,244,15547,5498,1853,2525,857,1012,1040,1318,484,119,182,14891,1369,174,237,70,97,123,159,87,31,46,2389,26,4,0,0,0,0,0,6,4,10,52,6894,2026,2768,925,1108,1161,1478,577,155,234,17334,13,3,0,0,0,4,3,0,0,74,96,15456,3696,4777,1398,1705,1842,2324,924,307,553,32970
LGA26430,0,0,0,0,0,144,0,0,3,0,0,0,0,0,9,156,42,0,0,0,0,0,0,0,0,3,42,14,0,0,0,0,0,0,0,0,0,14,4,0,0,0,0,0,0,0,0,0,4,0,0,0,0,0,0,0,0,0,0,0,25,0,0,0,0,0,0,0,0,0,25,0,0,0,0,0,0,0,0,0,0,0,68,0,0,0,0,0,0,0,0,3,68,600,50,54,16,11,19,12,4,0,40,809,116,36,48,14,4,13,14,4,0,12,263,18,4,12,0,5,0,10,3,0,0,44,0,0,0,0,0,0,0,0,0,0,3,135,41,54,10,9,13,25,7,0,11,313,4,0,0,0,0,0,0,0,0,0,3,740,91,106,33,20,34,32,11,0,54,1126
LGA26490,0,0,0,0,5,374,5,3,0,0,0,0,0,0,11,385,76,0,0,0,0,0,0,0,0,10,84,24,0,0,0,0,0,0,0,0,4,33,0,0,0,0,0,0,0,0,0,0,5,0,0,0,0,0,0,0,0,0,0,0,30,0,0,0,0,0,0,0,0,3,33,0,0,0,0,0,0,0,0,0,0,0,109,0,0,0,0,0,0,0,0,12,127,2239,474,406,65,54,50,61,34,13,88,3499,329,152,187,32,34,32,63,18,3,12,864,27,5,9,0,3,7,10,0,0,3,64,0,0,0,0,0,0,0,0,0,0,3,358,161,196,32,32,43,69,22,8,14,933,4,0,0,0,0,0,0,0,0,6,6,2602,632,608,100,85,93,132,59,22,110,4439
LGA26610,0,0,0,3,3,145,0,0,0,0,0,0,0,0,11,163,18,0,0,0,0,0,0,0,0,0,14,17,0,0,0,0,0,0,0,0,0,17,21,0,0,0,0,0,0,0,0,0,28,0,0,0,0,0,0,0,0,0,0,0,43,0,0,0,0,0,0,0,0,0,42,0,0,0,0,0,0,0,0,0,0,0,59,0,0,0,0,0,0,0,0,5,67,416,68,75,15,19,18,31,10,0,27,680,338,234,305,99,170,200,223,60,42,106,1777,191,103,159,83,117,143,157,37,16,73,1071,4,0,0,0,0,5,5,0,0,8,25,534,334,464,181,283,344,380,103,59,186,2870,3,4,0,0,0,0,0,0,0,14,24,951,407,539,198,298,357,419,110,61,231,3567
LGA26670,0,0,0,0,0,55,0,0,0,0,0,0,0,0,8,66,17,0,0,0,0,0,0,0,0,0,23,0,0,0,0,0,0,0,0,0,5,5,0,0,0,0,0,0,0,0,0,0,0,0,0,0,0,0,0,0,0,0,0,0,0,0,0,0,0,0,0,0,0,5,5,0,0,0,0,0,0,0,0,0,0,0,17,0,0,0,0,0,0,0,0,4,23,330,19,28,0,8,0,0,3,0,9,404,35,9,22,8,9,10,6,5,10,4,111,0,0,0,0,4,0,0,0,0,0,9,0,0,0,0,0,0,0,0,3,0,0,36,9,22,8,9,14,6,4,12,4,123,0,0,0,0,0,0,0,0,0,0,0,364,31,47,4,19,11,10,11,12,17,527
LGA26700,0,0,0,3,3,382,4,0,0,0,0,0,0,0,21,409,55,0,0,0,0,0,0,0,0,8,61,37,0,0,0,0,0,0,0,0,0,43,28,0,0,0,0,0,0,0,0,0,31,0,0,0,0,0,0,0,0,0,0,0,60,0,0,0,0,0,0,0,0,3,68,4,0,0,0,0,0,0,0,0,3,4,118,0,0,0,0,0,0,0,0,13,137,1224,119,99,29,17,10,29,19,0,61,1613,317,144,136,57,60,71,73,24,12,22,910,76,5,20,12,3,3,11,6,0,12,152,3,0,0,0,0,0,0,0,0,0,8,393,149,160,68,60,79,83,29,12,35,1073,7,0,0,0,0,0,0,0,0,10,17,1622,272,264,97,76,92,109,56,16,105,2700
LGA26730,0,0,0,5,3,218,5,0,0,0,0,0,0,0,15,240,73,0,0,0,0,0,0,0,0,3,80,14,0,0,0,0,0,0,0,0,0,14,7,0,0,0,0,0,0,0,0,0,3,0,0,0,0,0,0,0,0,0,0,0,15,0,0,0,0,0,0,0,0,0,15,0,0,0,0,0,0,0,0,0,0,0,90,0,0,0,0,0,4,0,0,3,102,1270,200,181,37,31,30,52,22,8,56,1880,203,226,242,69,83,136,189,49,15,14,1231,17,24,21,14,35,45,71,10,0,17,257,0,0,3,0,0,3,3,3,0,3,16,229,248,268,89,120,182,264,62,16,28,1502,0,0,0,0,0,0,0,0,0,9,14,1492,448,441,121,148,214,317,80,27,93,3401
LGA26810,0,0,0,7,8,567,9,4,0,4,0,0,0,0,21,610,114,3,0,0,0,0,0,0,0,11,126,30,0,0,0,0,0,0,0,0,3,40,11,0,0,0,0,0,0,0,0,0,11,0,0,0,0,0,0,0,0,0,0,0,40,0,0,0,0,0,0,0,0,3,41,0,0,0,0,0,0,0,0,0,3,9,152,3,0,0,0,0,0,0,0,14,177,2600,264,201,23,41,59,46,32,0,123,3381,428,209,255,60,54,76,79,40,11,18,1232,51,14,31,8,13,11,17,8,4,6,152,0,0,0,0,0,0,0,0,0,0,5,482,230,286,67,62,84,96,56,16,29,1391,5,0,0,0,0,0,0,0,0,258,270,3092,492,479,95,97,139,141,84,19,412,5044
LGA26890,0,0,0,0,0,21,0,0,0,0,0,0,0,0,0,21,0,0,0,0,0,0,0,0,0,0,7,0,0,0,0,0,0,0,0,0,0,0,0,0,0,0,0,0,0,0,0,0,0,0,0,0,0,0,0,0,0,0,0,0,0,0,0,0,0,0,0,0,0,0,0,0,0,0,0,0,0,0,0,0,0,0,3,0,0,0,0,0,0,0,0,0,3,150,15,7,0,0,0,3,4,3,11,196,19,12,7,3,9,10,11,0,0,0,72,0,0,0,0,0,0,0,0,0,0,3,0,0,0,0,0,0,0,0,0,0,0,23,12,7,3,9,10,11,6,0,0,74,0,0,0,0,0,0,0,0,0,0,0,172,29,13,6,9,12,16,3,3,11,269
LGA26980,0,0,0,26,24,4074,188,158,24,28,25,67,21,7,164,4750,656,13,0,0,0,0,0,0,0,52,722,602,9,3,3,0,0,0,4,0,47,666,585,32,18,4,3,0,3,0,0,40,693,5,0,0,0,0,0,0,0,0,6,9,1192,45,22,5,3,0,3,5,0,89,1371,6,0,0,0,0,0,0,0,0,44,51,1859,58,22,5,4,5,3,5,0,177,2139,10900,1729,1355,255,328,333,397,149,26,319,15803,15763,8088,7647,1988,2293,2268,2402,915,189,563,42113,3910,1541,2054,627,914,962,1207,396,93,396,12113,31,9,11,0,7,4,10,6,5,17,98,19703,9641,9717,2617,3207,3235,3618,1316,294,973,54324,16,5,9,0,4,4,8,0,0,122,167,30619,11378,11085,2873,3541,3571,4023,1472,322,1412,70292
LGA27070,0,0,0,33,37,5241,115,95,20,16,16,27,25,0,164,5721,234,3,0,0,0,0,0,0,0,16,253,687,10,0,0,0,0,0,0,0,17,726,949,24,19,6,0,0,0,6,0,31,1025,9,0,0,0,0,0,0,0,0,7,18,1648,29,19,6,4,0,0,4,0,56,1764,3,0,0,0,0,0,0,0,0,61,68,1895,30,19,6,3,0,0,4,0,134,2088,9343,2082,1755,296,376,343,262,86,47,383,14966,23091,12968,10740,2288,2325,2666,2649,729,165,834,58453,6947,1279,1678,363,412,414,678,275,69,331,12440,93,20,10,6,0,10,11,3,0,33,186,30128,14263,12423,2661,2741,3088,3339,1003,240,1194,71077,42,3,29,5,12,3,7,0,0,182,286,39521,16348,14206,2959,3122,3435,3610,1089,284,1760,86334
LGA27170,0,0,0,0,0,470,13,10,0,0,0,0,0,0,27,525,93,0,6,0,0,0,0,0,0,7,107,45,0,0,0,0,0,0,0,0,0,46,17,0,0,0,0,0,0,0,0,0,20,3,0,0,0,0,0,0,0,0,3,3,68,0,0,0,0,0,0,0,0,9,73,3,0,0,0,0,0,0,0,0,4,3,161,3,6,0,0,0,0,0,0,19,181,1890,242,183,26,26,37,27,25,8,69,2541,471,414,420,135,133,149,134,47,25,28,1960,60,49,58,7,25,88,82,14,0,5,391,3,0,0,0,0,0,0,0,0,0,13,535,464,477,143,161,241,209,59,29,40,2354,3,3,0,0,0,0,0,0,0,10,21,2427,705,662,169,186,277,237,80,42,122,4910
LGA27260,0,0,0,10,12,2483,206,160,28,25,21,84,42,5,87,3145,306,8,11,0,3,0,0,0,0,13,339,233,13,3,0,0,0,0,5,0,29,276,228,23,19,3,0,0,9,3,0,16,297,0,0,0,0,0,0,0,0,0,0,0,461,34,22,3,0,0,9,0,0,41,577,8,0,0,0,0,0,0,0,0,6,8,773,38,29,7,3,0,10,0,0,63,933,12780,5343,4986,1001,912,915,1052,326,191,612,28124,20614,27954,23038,5571,5680,6218,6358,2020,643,1191,99287,2584,2296,2367,615,648,779,1534,630,143,329,11934,50,39,40,13,14,26,39,22,11,32,268,23250,30285,25447,6195,6336,7025,7931,2670,798,1555,111492,28,20,41,10,14,9,19,0,6,364,502,36059,35657,30470,7201,7267,7946,8997,2998,993,2529,140117
LGA27350,0,0,0,0,3,1464,22,10,0,0,0,5,0,0,48,1557,97,0,0,0,0,0,0,0,0,10,109,170,0,0,0,0,0,0,0,0,9,182,471,3,3,0,0,0,0,0,0,10,484,8,0,0,0,0,0,0,0,0,4,8,642,3,3,0,0,0,0,0,0,26,671,0,0,0,0,0,0,0,0,0,0,3,747,5,3,0,0,0,0,0,0,32,786,6404,1494,1986,534,620,763,832,359,191,226,13412,3903,1306,1436,466,473,535,589,226,61,164,9152,2334,276,191,39,46,60,74,30,19,87,3154,23,0,5,3,0,0,4,4,0,14,50,6260,1589,1632,509,512,588,662,262,84,266,12359,16,7,0,4,5,0,0,0,0,26,57,12680,3086,3614,1051,1134,1358,1495,617,275,515,25823
LGA27450,0,0,0,7,6,2916,49,22,4,3,0,11,0,0,78,3086,658,0,9,0,0,0,4,0,0,36,698,254,3,4,0,0,0,0,0,0,7,268,69,5,0,0,0,0,4,0,0,7,80,0,0,0,0,0,0,0,0,0,0,0,322,3,4,0,0,0,4,0,0,14,348,4,0,0,0,0,0,0,0,0,7,9,981,5,9,0,0,0,4,0,0,59,1058,13830,1549,1012,182,116,98,134,41,29,370,17366,3312,1661,1399,274,212,261,213,79,29,99,7537,290,303,325,59,49,101,111,44,16,40,1331,11,0,0,0,3,0,0,0,0,4,21,3610,1961,1727,329,265,362,330,123,45,144,8888,16,0,3,0,0,0,0,0,0,18,37,17455,3515,2736,511,373,461,459,163,71,532,26283
LGA27630,0,0,0,0,0,59,0,0,0,0,0,0,0,0,8,59,11,0,0,0,0,0,0,0,0,0,14,0,0,0,0,0,0,0,0,0,0,0,0,0,0,0,0,0,0,0,0,0,0,0,0,0,0,0,0,0,0,0,0,0,0,0,0,0,0,0,0,0,0,0,0,0,0,0,0,0,0,0,0,0,0,0,17,0,0,0,0,0,0,0,0,0,12,248,21,16,0,4,0,4,0,0,20,307,30,30,20,7,4,5,8,3,0,6,113,0,5,0,0,0,0,0,0,0,0,13,0,0,0,0,0,0,0,0,0,0,0,33,33,19,9,4,11,11,3,0,6,129,0,0,0,0,0,0,0,0,0,0,0,283,55,36,9,10,10,10,3,0,24,438
LGA29399,0,0,0,0,0,4,0,0,0,0,0,0,0,0,0,4,5,0,0,0,0,0,0,0,0,0,5,0,0,0,0,0,0,0,0,0,0,0,0,0,0,0,0,0,0,0,0,0,0,0,0,0,0,0,0,0,0,0,0,0,0,0,0,0,0,0,0,0,0,0,0,0,0,0,0,0,0,0,0,0,0,0,3,0,0,0,0,0,0,0,0,0,3,33,3,3,0,4,3,7,3,0,0,61,9,0,8,0,0,3,30,9,0,7,61,0,0,3,0,0,0,16,4,0,0,22,0,0,0,0,0,0,0,0,0,0,0,11,0,11,0,0,3,42,7,0,7,84,0,0,0,0,0,0,0,0,0,0,0,43,9,12,0,0,3,51,8,0,5,144
LGA29499,0,0,0,0,0,41,0,0,0,0,0,0,0,0,7,44,4,0,0,0,0,0,0,0,0,0,4,0,0,0,0,0,0,0,0,0,0,0,3,0,0,0,0,0,0,0,0,0,3,0,0,0,0,0,0,0,0,0,0,0,5,0,0,0,0,0,0,0,0,0,5,0,0,0,0,0,0,0,0,0,0,0,5,0,0,0,0,0,0,0,0,0,5,341,72,60,8,12,20,41,14,41,26,632,148,74,82,16,36,50,55,43,70,18,590,32,12,20,3,10,7,7,7,17,16,147,0,0,3,0,0,0,0,0,0,0,7,180,86,107,19,48,60,67,47,88,27,738,3,0,0,0,0,0,0,0,0,16,20,517,158,164,31,55,80,106,62,133,74,1390
LGA29799,0,0,0,0,0,0,0,0,0,0,0,0,0,0,0,0,0,0,0,0,0,0,0,0,0,0,0,0,0,0,0,0,0,0,0,0,0,0,0,0,0,0,0,0,0,0,0,0,0,0,0,0,0,0,0,0,0,0,0,0,0,0,0,0,0,0,0,0,0,0,0,0,0,0,0,0,0,0,0,0,0,0,0,0,0,0,0,0,0,0,0,0,0,0,0,0,0,0,0,0,0,0,0,5,0,0,0,0,0,0,0,0,0,0,5,0,0,0,0,0,0,0,0,0,0,0,0,0,0,0,0,0,0,0,0,0,0,0,0,0,0,0,0,0,0,0,0,5,0,0,0,0,0,0,0,0,0,0,0,0,0,0,0,0,0,0,0,0,0,3
